fov_id,tile_index,x,y,predicted_probability
2 (1).jpg,0,0,0,0.12255621701478958
2 (1).jpg,1,256,0,0.39009782671928406
2 (1).jpg,2,512,0,0.16579288244247437
2 (1).jpg,3,768,0,0.4878760278224945
2 (1).jpg,4,1024,0,0.17156082391738892
2 (1).jpg,5,1280,0,0.06646787375211716
2 (1).jpg,6,1536,0,0.6970643997192383
2 (1).jpg,7,1792,0,0.378743976354599
2 (1).jpg,8,1930,0,0.03979063034057617
2 (1).jpg,9,0,256,0.008853980340063572
2 (1).jpg,10,256,256,0.05098966881632805
2 (1).jpg,11,512,256,0.38894981145858765
2 (1).jpg,12,768,256,0.4928298890590668
2 (1).jpg,13,1024,256,0.42511099576950073
2 (1).jpg,14,1280,256,0.2654784619808197
2 (1).jpg,15,1536,256,0.47854581475257874
2 (1).jpg,16,1792,256,0.3681124448776245
2 (1).jpg,17,1930,256,0.025305630639195442
2 (1).jpg,18,0,512,0.05518396943807602
2 (1).jpg,19,256,512,0.058981698006391525
2 (1).jpg,20,512,512,0.3642425239086151
2 (1).jpg,21,768,512,0.36515381932258606
2 (1).jpg,22,1024,512,0.25312355160713196
2 (1).jpg,23,1280,512,0.20566971600055695
2 (1).jpg,24,1536,512,0.7507357001304626
2 (1).jpg,25,1792,512,0.8464661240577698
2 (1).jpg,26,1930,512,0.10205972194671631
2 (1).jpg,27,0,768,0.19873324036598206
2 (1).jpg,28,256,768,0.09088529646396637
2 (1).jpg,29,512,768,0.29250290989875793
2 (1).jpg,30,768,768,0.24762804806232452
2 (1).jpg,31,1024,768,0.4060989320278168
2 (1).jpg,32,1280,768,0.46612870693206787
2 (1).jpg,33,1536,768,0.7567981481552124
2 (1).jpg,34,1792,768,0.6815165877342224
2 (1).jpg,35,1930,768,0.35360607504844666
2 (1).jpg,36,0,1024,0.06338794529438019
2 (1).jpg,37,256,1024,0.057217784225940704
2 (1).jpg,38,512,1024,0.11697251349687576
2 (1).jpg,39,768,1024,0.359490305185318
2 (1).jpg,40,1024,1024,0.378793329000473
2 (1).jpg,41,1280,1024,0.22642216086387634
2 (1).jpg,42,1536,1024,0.04294183850288391
2 (1).jpg,43,1792,1024,0.12360673397779465
2 (1).jpg,44,1930,1024,0.32056429982185364
2 (1).jpg,45,0,1280,0.2057298868894577
2 (1).jpg,46,256,1280,0.41022926568984985
2 (1).jpg,47,512,1280,0.19568930566310883
2 (1).jpg,48,768,1280,0.5710185766220093
2 (1).jpg,49,1024,1280,0.71360182762146
2 (1).jpg,50,1280,1280,0.07170670479536057
2 (1).jpg,51,1536,1280,0.08597838133573532
2 (1).jpg,52,1792,1280,0.03116500750184059
2 (1).jpg,53,1930,1280,0.08196911215782166
2 (1).jpg,54,0,1530,0.05415996536612511
2 (1).jpg,55,256,1530,0.21511541306972504
2 (1).jpg,56,512,1530,0.06280434876680374
2 (1).jpg,57,768,1530,0.03328763321042061
2 (1).jpg,58,1024,1530,0.1488916575908661
2 (1).jpg,59,1280,1530,0.26895421743392944
2 (1).jpg,60,1536,1530,0.265090674161911
2 (1).jpg,61,1792,1530,0.02901151403784752
2 (1).jpg,62,1930,1530,0.011397581547498703
2 (10).jpg,0,0,0,0.1398274004459381
2 (10).jpg,1,256,0,0.3734785318374634
2 (10).jpg,2,512,0,0.41845348477363586
2 (10).jpg,3,768,0,0.31381672620773315
2 (10).jpg,4,1024,0,0.33197876811027527
2 (10).jpg,5,1280,0,0.5961627960205078
2 (10).jpg,6,1536,0,0.4385046660900116
2 (10).jpg,7,1792,0,0.29125362634658813
2 (10).jpg,8,1930,0,0.23558196425437927
2 (10).jpg,9,0,256,0.07842089235782623
2 (10).jpg,10,256,256,0.4526273310184479
2 (10).jpg,11,512,256,0.6388171315193176
2 (10).jpg,12,768,256,0.4812408983707428
2 (10).jpg,13,1024,256,0.34953567385673523
2 (10).jpg,14,1280,256,0.5957245826721191
2 (10).jpg,15,1536,256,0.8376947045326233
2 (10).jpg,16,1792,256,0.89656662940979
2 (10).jpg,17,1930,256,0.7276418805122375
2 (10).jpg,18,0,512,0.10474660247564316
2 (10).jpg,19,256,512,0.296819806098938
2 (10).jpg,20,512,512,0.5165647268295288
2 (10).jpg,21,768,512,0.6087576746940613
2 (10).jpg,22,1024,512,0.5725849866867065
2 (10).jpg,23,1280,512,0.6458462476730347
2 (10).jpg,24,1536,512,0.7213553190231323
2 (10).jpg,25,1792,512,0.7719946503639221
2 (10).jpg,26,1930,512,0.7647507190704346
2 (10).jpg,27,0,768,0.8272632956504822
2 (10).jpg,28,256,768,0.4310450851917267
2 (10).jpg,29,512,768,0.6626861095428467
2 (10).jpg,30,768,768,0.6440242528915405
2 (10).jpg,31,1024,768,0.5497470498085022
2 (10).jpg,32,1280,768,0.8128730058670044
2 (10).jpg,33,1536,768,0.7653969526290894
2 (10).jpg,34,1792,768,0.6533174514770508
2 (10).jpg,35,1930,768,0.759213924407959
2 (10).jpg,36,0,1024,0.8666504621505737
2 (10).jpg,37,256,1024,0.760138213634491
2 (10).jpg,38,512,1024,0.5561692118644714
2 (10).jpg,39,768,1024,0.4041473865509033
2 (10).jpg,40,1024,1024,0.10175023972988129
2 (10).jpg,41,1280,1024,0.4618300795555115
2 (10).jpg,42,1536,1024,0.8178666830062866
2 (10).jpg,43,1792,1024,0.8237055540084839
2 (10).jpg,44,1930,1024,0.6912196278572083
2 (10).jpg,45,0,1280,0.34013429284095764
2 (10).jpg,46,256,1280,0.4413081109523773
2 (10).jpg,47,512,1280,0.516834557056427
2 (10).jpg,48,768,1280,0.7353118062019348
2 (10).jpg,49,1024,1280,0.6513351202011108
2 (10).jpg,50,1280,1280,0.44491881132125854
2 (10).jpg,51,1536,1280,0.4525964856147766
2 (10).jpg,52,1792,1280,0.4481448531150818
2 (10).jpg,53,1930,1280,0.48698553442955017
2 (10).jpg,54,0,1530,0.1558404415845871
2 (10).jpg,55,256,1530,0.1291213482618332
2 (10).jpg,56,512,1530,0.45855477452278137
2 (10).jpg,57,768,1530,0.733714759349823
2 (10).jpg,58,1024,1530,0.9146661162376404
2 (10).jpg,59,1280,1530,0.8030810356140137
2 (10).jpg,60,1536,1530,0.3153032660484314
2 (10).jpg,61,1792,1530,0.1883580982685089
2 (10).jpg,62,1930,1530,0.19759634137153625
2 (11).jpg,0,0,0,0.7407566905021667
2 (11).jpg,1,256,0,0.7805383205413818
2 (11).jpg,2,512,0,0.8958322405815125
2 (11).jpg,3,768,0,0.7315841913223267
2 (11).jpg,4,1024,0,0.655892014503479
2 (11).jpg,5,1280,0,0.7400602698326111
2 (11).jpg,6,1536,0,0.7175905108451843
2 (11).jpg,7,1792,0,0.32936179637908936
2 (11).jpg,8,1930,0,0.3582243025302887
2 (11).jpg,9,0,256,0.8926037549972534
2 (11).jpg,10,256,256,0.8767526745796204
2 (11).jpg,11,512,256,0.6572480201721191
2 (11).jpg,12,768,256,0.38810110092163086
2 (11).jpg,13,1024,256,0.5670741200447083
2 (11).jpg,14,1280,256,0.585041344165802
2 (11).jpg,15,1536,256,0.7188034057617188
2 (11).jpg,16,1792,256,0.49507877230644226
2 (11).jpg,17,1930,256,0.38478127121925354
2 (11).jpg,18,0,512,0.8192999958992004
2 (11).jpg,19,256,512,0.8896641731262207
2 (11).jpg,20,512,512,0.7839993238449097
2 (11).jpg,21,768,512,0.5043009519577026
2 (11).jpg,22,1024,512,0.4729745090007782
2 (11).jpg,23,1280,512,0.5513030886650085
2 (11).jpg,24,1536,512,0.5593045949935913
2 (11).jpg,25,1792,512,0.28100690245628357
2 (11).jpg,26,1930,512,0.2920128405094147
2 (11).jpg,27,0,768,0.19143566489219666
2 (11).jpg,28,256,768,0.5310161113739014
2 (11).jpg,29,512,768,0.6539952754974365
2 (11).jpg,30,768,768,0.7079625129699707
2 (11).jpg,31,1024,768,0.4367307424545288
2 (11).jpg,32,1280,768,0.45580896735191345
2 (11).jpg,33,1536,768,0.2720354199409485
2 (11).jpg,34,1792,768,0.5266440510749817
2 (11).jpg,35,1930,768,0.5704653263092041
2 (11).jpg,36,0,1024,0.22882187366485596
2 (11).jpg,37,256,1024,0.4215552806854248
2 (11).jpg,38,512,1024,0.5998185276985168
2 (11).jpg,39,768,1024,0.8139513731002808
2 (11).jpg,40,1024,1024,0.5405145287513733
2 (11).jpg,41,1280,1024,0.6383678317070007
2 (11).jpg,42,1536,1024,0.4722045361995697
2 (11).jpg,43,1792,1024,0.6902468204498291
2 (11).jpg,44,1930,1024,0.5747833847999573
2 (11).jpg,45,0,1280,0.18416479229927063
2 (11).jpg,46,256,1280,0.29135966300964355
2 (11).jpg,47,512,1280,0.1623816341161728
2 (11).jpg,48,768,1280,0.5532562732696533
2 (11).jpg,49,1024,1280,0.6906538009643555
2 (11).jpg,50,1280,1280,0.5884517431259155
2 (11).jpg,51,1536,1280,0.473184734582901
2 (11).jpg,52,1792,1280,0.32170674204826355
2 (11).jpg,53,1930,1280,0.3035006821155548
2 (11).jpg,54,0,1530,0.16956490278244019
2 (11).jpg,55,256,1530,0.24351534247398376
2 (11).jpg,56,512,1530,0.31856492161750793
2 (11).jpg,57,768,1530,0.2469353824853897
2 (11).jpg,58,1024,1530,0.4677542448043823
2 (11).jpg,59,1280,1530,0.6079583764076233
2 (11).jpg,60,1536,1530,0.1405099332332611
2 (11).jpg,61,1792,1530,0.23800896108150482
2 (11).jpg,62,1930,1530,0.12798726558685303
2 (12).jpg,0,0,0,0.1408432126045227
2 (12).jpg,1,256,0,0.12922154366970062
2 (12).jpg,2,512,0,0.5619288086891174
2 (12).jpg,3,768,0,0.6584529876708984
2 (12).jpg,4,1024,0,0.8822681903839111
2 (12).jpg,5,1280,0,0.48791033029556274
2 (12).jpg,6,1536,0,0.15519225597381592
2 (12).jpg,7,1792,0,0.7465465664863586
2 (12).jpg,8,1930,0,0.8448882102966309
2 (12).jpg,9,0,256,0.2652299106121063
2 (12).jpg,10,256,256,0.11857643723487854
2 (12).jpg,11,512,256,0.5951451063156128
2 (12).jpg,12,768,256,0.8765329718589783
2 (12).jpg,13,1024,256,0.974478006362915
2 (12).jpg,14,1280,256,0.9349907636642456
2 (12).jpg,15,1536,256,0.33618679642677307
2 (12).jpg,16,1792,256,0.47323307394981384
2 (12).jpg,17,1930,256,0.6668928861618042
2 (12).jpg,18,0,512,0.6727587580680847
2 (12).jpg,19,256,512,0.6432892084121704
2 (12).jpg,20,512,512,0.7501261830329895
2 (12).jpg,21,768,512,0.934576153755188
2 (12).jpg,22,1024,512,0.9281980991363525
2 (12).jpg,23,1280,512,0.9219881892204285
2 (12).jpg,24,1536,512,0.747098445892334
2 (12).jpg,25,1792,512,0.26284122467041016
2 (12).jpg,26,1930,512,0.05619772523641586
2 (12).jpg,27,0,768,0.5980297327041626
2 (12).jpg,28,256,768,0.7772320508956909
2 (12).jpg,29,512,768,0.7202578186988831
2 (12).jpg,30,768,768,0.742068886756897
2 (12).jpg,31,1024,768,0.6048926115036011
2 (12).jpg,32,1280,768,0.5611336827278137
2 (12).jpg,33,1536,768,0.7386617064476013
2 (12).jpg,34,1792,768,0.5863123536109924
2 (12).jpg,35,1930,768,0.4458288848400116
2 (12).jpg,36,0,1024,0.3227132558822632
2 (12).jpg,37,256,1024,0.761981189250946
2 (12).jpg,38,512,1024,0.5531190633773804
2 (12).jpg,39,768,1024,0.7479304671287537
2 (12).jpg,40,1024,1024,0.7860515713691711
2 (12).jpg,41,1280,1024,0.48598089814186096
2 (12).jpg,42,1536,1024,0.7840504050254822
2 (12).jpg,43,1792,1024,0.7022091150283813
2 (12).jpg,44,1930,1024,0.6252080202102661
2 (12).jpg,45,0,1280,0.5151339769363403
2 (12).jpg,46,256,1280,0.5573738813400269
2 (12).jpg,47,512,1280,0.5785632133483887
2 (12).jpg,48,768,1280,0.7724799513816833
2 (12).jpg,49,1024,1280,0.8116439580917358
2 (12).jpg,50,1280,1280,0.44789597392082214
2 (12).jpg,51,1536,1280,0.49337148666381836
2 (12).jpg,52,1792,1280,0.6024366021156311
2 (12).jpg,53,1930,1280,0.5414486527442932
2 (12).jpg,54,0,1530,0.403321236371994
2 (12).jpg,55,256,1530,0.7145001888275146
2 (12).jpg,56,512,1530,0.2898572087287903
2 (12).jpg,57,768,1530,0.3320207893848419
2 (12).jpg,58,1024,1530,0.2645430564880371
2 (12).jpg,59,1280,1530,0.18806061148643494
2 (12).jpg,60,1536,1530,0.15437442064285278
2 (12).jpg,61,1792,1530,0.5567285418510437
2 (12).jpg,62,1930,1530,0.5878583192825317
2 (13).jpg,0,0,0,0.037780601531267166
2 (13).jpg,1,256,0,0.6705111265182495
2 (13).jpg,2,512,0,0.9414726495742798
2 (13).jpg,3,768,0,0.9419625401496887
2 (13).jpg,4,1024,0,0.854185163974762
2 (13).jpg,5,1280,0,0.37419840693473816
2 (13).jpg,6,1536,0,0.6004098057746887
2 (13).jpg,7,1792,0,0.8103184700012207
2 (13).jpg,8,1930,0,0.7442759871482849
2 (13).jpg,9,0,256,0.21018829941749573
2 (13).jpg,10,256,256,0.306635320186615
2 (13).jpg,11,512,256,0.6721822023391724
2 (13).jpg,12,768,256,0.8643670678138733
2 (13).jpg,13,1024,256,0.870394229888916
2 (13).jpg,14,1280,256,0.6295303106307983
2 (13).jpg,15,1536,256,0.7227188944816589
2 (13).jpg,16,1792,256,0.9450774788856506
2 (13).jpg,17,1930,256,0.8732678890228271
2 (13).jpg,18,0,512,0.8999917507171631
2 (13).jpg,19,256,512,0.9590407013893127
2 (13).jpg,20,512,512,0.5381609201431274
2 (13).jpg,21,768,512,0.6865936517715454
2 (13).jpg,22,1024,512,0.8969231247901917
2 (13).jpg,23,1280,512,0.9180038571357727
2 (13).jpg,24,1536,512,0.7939811944961548
2 (13).jpg,25,1792,512,0.9168914556503296
2 (13).jpg,26,1930,512,0.8551756739616394
2 (13).jpg,27,0,768,0.9116328954696655
2 (13).jpg,28,256,768,0.9450322389602661
2 (13).jpg,29,512,768,0.3542896807193756
2 (13).jpg,30,768,768,0.7472642660140991
2 (13).jpg,31,1024,768,0.9404112100601196
2 (13).jpg,32,1280,768,0.9282037615776062
2 (13).jpg,33,1536,768,0.5383650064468384
2 (13).jpg,34,1792,768,0.1302369087934494
2 (13).jpg,35,1930,768,0.18640616536140442
2 (13).jpg,36,0,1024,0.4829736351966858
2 (13).jpg,37,256,1024,0.6652806997299194
2 (13).jpg,38,512,1024,0.6682637333869934
2 (13).jpg,39,768,1024,0.40592819452285767
2 (13).jpg,40,1024,1024,0.6961519122123718
2 (13).jpg,41,1280,1024,0.7812495231628418
2 (13).jpg,42,1536,1024,0.8865076899528503
2 (13).jpg,43,1792,1024,0.7182019352912903
2 (13).jpg,44,1930,1024,0.5441063046455383
2 (13).jpg,45,0,1280,0.738885760307312
2 (13).jpg,46,256,1280,0.7379154562950134
2 (13).jpg,47,512,1280,0.8054165840148926
2 (13).jpg,48,768,1280,0.7432914972305298
2 (13).jpg,49,1024,1280,0.8145809173583984
2 (13).jpg,50,1280,1280,0.6789997816085815
2 (13).jpg,51,1536,1280,0.5961583852767944
2 (13).jpg,52,1792,1280,0.9237350821495056
2 (13).jpg,53,1930,1280,0.9325372576713562
2 (13).jpg,54,0,1530,0.74448162317276
2 (13).jpg,55,256,1530,0.5307853817939758
2 (13).jpg,56,512,1530,0.45261290669441223
2 (13).jpg,57,768,1530,0.3881670832633972
2 (13).jpg,58,1024,1530,0.6943944096565247
2 (13).jpg,59,1280,1530,0.5146843791007996
2 (13).jpg,60,1536,1530,0.4031112790107727
2 (13).jpg,61,1792,1530,0.6013036370277405
2 (13).jpg,62,1930,1530,0.8408017158508301
2 (14).jpg,0,0,0,0.4182646572589874
2 (14).jpg,1,256,0,0.852082371711731
2 (14).jpg,2,512,0,0.9054789543151855
2 (14).jpg,3,768,0,0.9238094091415405
2 (14).jpg,4,1024,0,0.9268040060997009
2 (14).jpg,5,1280,0,0.9022493958473206
2 (14).jpg,6,1536,0,0.9368540644645691
2 (14).jpg,7,1792,0,0.6828483939170837
2 (14).jpg,8,1930,0,0.47412028908729553
2 (14).jpg,9,0,256,0.2032000869512558
2 (14).jpg,10,256,256,0.7775794267654419
2 (14).jpg,11,512,256,0.8427252173423767
2 (14).jpg,12,768,256,0.8200541138648987
2 (14).jpg,13,1024,256,0.8923435807228088
2 (14).jpg,14,1280,256,0.8660857677459717
2 (14).jpg,15,1536,256,0.9386956691741943
2 (14).jpg,16,1792,256,0.8107305765151978
2 (14).jpg,17,1930,256,0.8233621716499329
2 (14).jpg,18,0,512,0.5981227159500122
2 (14).jpg,19,256,512,0.9293317794799805
2 (14).jpg,20,512,512,0.8052982091903687
2 (14).jpg,21,768,512,0.5981137156486511
2 (14).jpg,22,1024,512,0.7172775268554688
2 (14).jpg,23,1280,512,0.7978668808937073
2 (14).jpg,24,1536,512,0.8614272475242615
2 (14).jpg,25,1792,512,0.8797520399093628
2 (14).jpg,26,1930,512,0.743600606918335
2 (14).jpg,27,0,768,0.8426676988601685
2 (14).jpg,28,256,768,0.8801694512367249
2 (14).jpg,29,512,768,0.6872659921646118
2 (14).jpg,30,768,768,0.21739062666893005
2 (14).jpg,31,1024,768,0.5790088772773743
2 (14).jpg,32,1280,768,0.6693206429481506
2 (14).jpg,33,1536,768,0.8511457443237305
2 (14).jpg,34,1792,768,0.3580518960952759
2 (14).jpg,35,1930,768,0.060141097754240036
2 (14).jpg,36,0,1024,0.534453272819519
2 (14).jpg,37,256,1024,0.9559524655342102
2 (14).jpg,38,512,1024,0.980381190776825
2 (14).jpg,39,768,1024,0.936738133430481
2 (14).jpg,40,1024,1024,0.5258234739303589
2 (14).jpg,41,1280,1024,0.8791705965995789
2 (14).jpg,42,1536,1024,0.9165906310081482
2 (14).jpg,43,1792,1024,0.38052529096603394
2 (14).jpg,44,1930,1024,0.1521911770105362
2 (14).jpg,45,0,1280,0.300666868686676
2 (14).jpg,46,256,1280,0.9018662571907043
2 (14).jpg,47,512,1280,0.968203604221344
2 (14).jpg,48,768,1280,0.9303578734397888
2 (14).jpg,49,1024,1280,0.6278360486030579
2 (14).jpg,50,1280,1280,0.9506879448890686
2 (14).jpg,51,1536,1280,0.9030784368515015
2 (14).jpg,52,1792,1280,0.5229158401489258
2 (14).jpg,53,1930,1280,0.14617370069026947
2 (14).jpg,54,0,1530,0.9837653040885925
2 (14).jpg,55,256,1530,0.9540510177612305
2 (14).jpg,56,512,1530,0.8469383716583252
2 (14).jpg,57,768,1530,0.9615079760551453
2 (14).jpg,58,1024,1530,0.9689165353775024
2 (14).jpg,59,1280,1530,0.8511959314346313
2 (14).jpg,60,1536,1530,0.5286893844604492
2 (14).jpg,61,1792,1530,0.5081369280815125
2 (14).jpg,62,1930,1530,0.30689364671707153
2 (15).jpg,0,0,0,0.6716184020042419
2 (15).jpg,1,256,0,0.3674454987049103
2 (15).jpg,2,512,0,0.12981729209423065
2 (15).jpg,3,768,0,0.5568960905075073
2 (15).jpg,4,1024,0,0.7711754441261292
2 (15).jpg,5,1280,0,0.7139027118682861
2 (15).jpg,6,1536,0,0.4856458008289337
2 (15).jpg,7,1792,0,0.280394971370697
2 (15).jpg,8,1930,0,0.4913317561149597
2 (15).jpg,9,0,256,0.8476517796516418
2 (15).jpg,10,256,256,0.7052798867225647
2 (15).jpg,11,512,256,0.47851255536079407
2 (15).jpg,12,768,256,0.47556453943252563
2 (15).jpg,13,1024,256,0.414949893951416
2 (15).jpg,14,1280,256,0.4995564818382263
2 (15).jpg,15,1536,256,0.4367126524448395
2 (15).jpg,16,1792,256,0.48864784836769104
2 (15).jpg,17,1930,256,0.6159573793411255
2 (15).jpg,18,0,512,0.9569197297096252
2 (15).jpg,19,256,512,0.9726279973983765
2 (15).jpg,20,512,512,0.9448750019073486
2 (15).jpg,21,768,512,0.9089921712875366
2 (15).jpg,22,1024,512,0.339253306388855
2 (15).jpg,23,1280,512,0.4148932993412018
2 (15).jpg,24,1536,512,0.7969202995300293
2 (15).jpg,25,1792,512,0.7774531245231628
2 (15).jpg,26,1930,512,0.4754202663898468
2 (15).jpg,27,0,768,0.975466251373291
2 (15).jpg,28,256,768,0.9027393460273743
2 (15).jpg,29,512,768,0.8662621378898621
2 (15).jpg,30,768,768,0.701736569404602
2 (15).jpg,31,1024,768,0.1925058513879776
2 (15).jpg,32,1280,768,0.4416462182998657
2 (15).jpg,33,1536,768,0.925216555595398
2 (15).jpg,34,1792,768,0.9761992692947388
2 (15).jpg,35,1930,768,0.8649786710739136
2 (15).jpg,36,0,1024,0.6581358313560486
2 (15).jpg,37,256,1024,0.6145872473716736
2 (15).jpg,38,512,1024,0.7993736863136292
2 (15).jpg,39,768,1024,0.665955662727356
2 (15).jpg,40,1024,1024,0.5093467831611633
2 (15).jpg,41,1280,1024,0.5202271342277527
2 (15).jpg,42,1536,1024,0.8140522241592407
2 (15).jpg,43,1792,1024,0.7820009589195251
2 (15).jpg,44,1930,1024,0.7239959239959717
2 (15).jpg,45,0,1280,0.4873248040676117
2 (15).jpg,46,256,1280,0.8089420795440674
2 (15).jpg,47,512,1280,0.8619429469108582
2 (15).jpg,48,768,1280,0.8957202434539795
2 (15).jpg,49,1024,1280,0.819502592086792
2 (15).jpg,50,1280,1280,0.8275984525680542
2 (15).jpg,51,1536,1280,0.8017863631248474
2 (15).jpg,52,1792,1280,0.34502387046813965
2 (15).jpg,53,1930,1280,0.3068524897098541
2 (15).jpg,54,0,1530,0.3415880799293518
2 (15).jpg,55,256,1530,0.8463271856307983
2 (15).jpg,56,512,1530,0.8552010655403137
2 (15).jpg,57,768,1530,0.612536609172821
2 (15).jpg,58,1024,1530,0.5912623405456543
2 (15).jpg,59,1280,1530,0.685933530330658
2 (15).jpg,60,1536,1530,0.6519559621810913
2 (15).jpg,61,1792,1530,0.25862258672714233
2 (15).jpg,62,1930,1530,0.10952924937009811
2 (16).jpg,0,0,0,0.2717958390712738
2 (16).jpg,1,256,0,0.5157169103622437
2 (16).jpg,2,512,0,0.416246235370636
2 (16).jpg,3,768,0,0.3737930953502655
2 (16).jpg,4,1024,0,0.10183937102556229
2 (16).jpg,5,1280,0,0.06235651671886444
2 (16).jpg,6,1536,0,0.7905488014221191
2 (16).jpg,7,1792,0,0.6209752559661865
2 (16).jpg,8,1930,0,0.5558341145515442
2 (16).jpg,9,0,256,0.08048435300588608
2 (16).jpg,10,256,256,0.2011289894580841
2 (16).jpg,11,512,256,0.19956903159618378
2 (16).jpg,12,768,256,0.5216218829154968
2 (16).jpg,13,1024,256,0.5762410759925842
2 (16).jpg,14,1280,256,0.6563185453414917
2 (16).jpg,15,1536,256,0.7272574305534363
2 (16).jpg,16,1792,256,0.9307607412338257
2 (16).jpg,17,1930,256,0.3002023696899414
2 (16).jpg,18,0,512,0.6188324689865112
2 (16).jpg,19,256,512,0.36063531041145325
2 (16).jpg,20,512,512,0.1903097927570343
2 (16).jpg,21,768,512,0.4998025894165039
2 (16).jpg,22,1024,512,0.42551669478416443
2 (16).jpg,23,1280,512,0.6505494117736816
2 (16).jpg,24,1536,512,0.43414831161499023
2 (16).jpg,25,1792,512,0.9215622544288635
2 (16).jpg,26,1930,512,0.16094249486923218
2 (16).jpg,27,0,768,0.373576819896698
2 (16).jpg,28,256,768,0.26499274373054504
2 (16).jpg,29,512,768,0.1962289810180664
2 (16).jpg,30,768,768,0.21958470344543457
2 (16).jpg,31,1024,768,0.5451143980026245
2 (16).jpg,32,1280,768,0.8478026390075684
2 (16).jpg,33,1536,768,0.7306647896766663
2 (16).jpg,34,1792,768,0.846104621887207
2 (16).jpg,35,1930,768,0.07591231912374496
2 (16).jpg,36,0,1024,0.2032361924648285
2 (16).jpg,37,256,1024,0.259133517742157
2 (16).jpg,38,512,1024,0.7969174385070801
2 (16).jpg,39,768,1024,0.6828615665435791
2 (16).jpg,40,1024,1024,0.8365358114242554
2 (16).jpg,41,1280,1024,0.79279625415802
2 (16).jpg,42,1536,1024,0.622363805770874
2 (16).jpg,43,1792,1024,0.3239591419696808
2 (16).jpg,44,1930,1024,0.06603582203388214
2 (16).jpg,45,0,1280,0.8720371723175049
2 (16).jpg,46,256,1280,0.444439172744751
2 (16).jpg,47,512,1280,0.6162604093551636
2 (16).jpg,48,768,1280,0.7744582295417786
2 (16).jpg,49,1024,1280,0.6063430309295654
2 (16).jpg,50,1280,1280,0.5928418040275574
2 (16).jpg,51,1536,1280,0.6270471811294556
2 (16).jpg,52,1792,1280,0.3836296498775482
2 (16).jpg,53,1930,1280,0.09060810506343842
2 (16).jpg,54,0,1530,0.5297151207923889
2 (16).jpg,55,256,1530,0.71108078956604
2 (16).jpg,56,512,1530,0.6205692291259766
2 (16).jpg,57,768,1530,0.4048641622066498
2 (16).jpg,58,1024,1530,0.3267057240009308
2 (16).jpg,59,1280,1530,0.5917288064956665
2 (16).jpg,60,1536,1530,0.45419758558273315
2 (16).jpg,61,1792,1530,0.3588275909423828
2 (16).jpg,62,1930,1530,0.6149126887321472
2 (17).jpg,0,0,0,0.08574620634317398
2 (17).jpg,1,256,0,0.25746583938598633
2 (17).jpg,2,512,0,0.5053620934486389
2 (17).jpg,3,768,0,0.46805238723754883
2 (17).jpg,4,1024,0,0.7859107851982117
2 (17).jpg,5,1280,0,0.6402391791343689
2 (17).jpg,6,1536,0,0.7379903793334961
2 (17).jpg,7,1792,0,0.07542186230421066
2 (17).jpg,8,1930,0,0.09903550893068314
2 (17).jpg,9,0,256,0.7945274114608765
2 (17).jpg,10,256,256,0.503625214099884
2 (17).jpg,11,512,256,0.35388216376304626
2 (17).jpg,12,768,256,0.41573286056518555
2 (17).jpg,13,1024,256,0.6025367379188538
2 (17).jpg,14,1280,256,0.34849029779434204
2 (17).jpg,15,1536,256,0.3274678885936737
2 (17).jpg,16,1792,256,0.033352840691804886
2 (17).jpg,17,1930,256,0.08560693264007568
2 (17).jpg,18,0,512,0.5710806846618652
2 (17).jpg,19,256,512,0.38807177543640137
2 (17).jpg,20,512,512,0.27731046080589294
2 (17).jpg,21,768,512,0.18798382580280304
2 (17).jpg,22,1024,512,0.1692817211151123
2 (17).jpg,23,1280,512,0.17191119492053986
2 (17).jpg,24,1536,512,0.25386789441108704
2 (17).jpg,25,1792,512,0.3642677664756775
2 (17).jpg,26,1930,512,0.4345210790634155
2 (17).jpg,27,0,768,0.04717354476451874
2 (17).jpg,28,256,768,0.4702491760253906
2 (17).jpg,29,512,768,0.28175607323646545
2 (17).jpg,30,768,768,0.1901274472475052
2 (17).jpg,31,1024,768,0.10221194475889206
2 (17).jpg,32,1280,768,0.0794154480099678
2 (17).jpg,33,1536,768,0.21697112917900085
2 (17).jpg,34,1792,768,0.218660369515419
2 (17).jpg,35,1930,768,0.2535819113254547
2 (17).jpg,36,0,1024,0.05928967148065567
2 (17).jpg,37,256,1024,0.39129459857940674
2 (17).jpg,38,512,1024,0.12783801555633545
2 (17).jpg,39,768,1024,0.168698251247406
2 (17).jpg,40,1024,1024,0.3228098154067993
2 (17).jpg,41,1280,1024,0.46790197491645813
2 (17).jpg,42,1536,1024,0.12324784696102142
2 (17).jpg,43,1792,1024,0.10972309112548828
2 (17).jpg,44,1930,1024,0.08386582136154175
2 (17).jpg,45,0,1280,0.31870782375335693
2 (17).jpg,46,256,1280,0.48845916986465454
2 (17).jpg,47,512,1280,0.1513364166021347
2 (17).jpg,48,768,1280,0.30368754267692566
2 (17).jpg,49,1024,1280,0.5769997239112854
2 (17).jpg,50,1280,1280,0.2628020942211151
2 (17).jpg,51,1536,1280,0.0923420861363411
2 (17).jpg,52,1792,1280,0.0466972179710865
2 (17).jpg,53,1930,1280,0.04154804348945618
2 (17).jpg,54,0,1530,0.24436354637145996
2 (17).jpg,55,256,1530,0.7129974365234375
2 (17).jpg,56,512,1530,0.7402486205101013
2 (17).jpg,57,768,1530,0.3957642614841461
2 (17).jpg,58,1024,1530,0.570828914642334
2 (17).jpg,59,1280,1530,0.24299851059913635
2 (17).jpg,60,1536,1530,0.18113462626934052
2 (17).jpg,61,1792,1530,0.10402861982584
2 (17).jpg,62,1930,1530,0.05830313637852669
2 (18).jpg,0,0,0,0.497126042842865
2 (18).jpg,1,256,0,0.653937578201294
2 (18).jpg,2,512,0,0.7917748689651489
2 (18).jpg,3,768,0,0.27137282490730286
2 (18).jpg,4,1024,0,0.23531201481819153
2 (18).jpg,5,1280,0,0.14221516251564026
2 (18).jpg,6,1536,0,0.8203983306884766
2 (18).jpg,7,1792,0,0.5495588183403015
2 (18).jpg,8,1930,0,0.17444278299808502
2 (18).jpg,9,0,256,0.1728174239397049
2 (18).jpg,10,256,256,0.09439574182033539
2 (18).jpg,11,512,256,0.23204952478408813
2 (18).jpg,12,768,256,0.2823764383792877
2 (18).jpg,13,1024,256,0.7273526191711426
2 (18).jpg,14,1280,256,0.7223213315010071
2 (18).jpg,15,1536,256,0.5139907598495483
2 (18).jpg,16,1792,256,0.7049738764762878
2 (18).jpg,17,1930,256,0.4161849319934845
2 (18).jpg,18,0,512,0.07817432284355164
2 (18).jpg,19,256,512,0.125043585896492
2 (18).jpg,20,512,512,0.093244768679142
2 (18).jpg,21,768,512,0.39838388562202454
2 (18).jpg,22,1024,512,0.7053720951080322
2 (18).jpg,23,1280,512,0.571434497833252
2 (18).jpg,24,1536,512,0.37373867630958557
2 (18).jpg,25,1792,512,0.12764210999011993
2 (18).jpg,26,1930,512,0.14171425998210907
2 (18).jpg,27,0,768,0.06082998216152191
2 (18).jpg,28,256,768,0.09078694134950638
2 (18).jpg,29,512,768,0.18786853551864624
2 (18).jpg,30,768,768,0.7372033596038818
2 (18).jpg,31,1024,768,0.9437832832336426
2 (18).jpg,32,1280,768,0.12187324464321136
2 (18).jpg,33,1536,768,0.2394278347492218
2 (18).jpg,34,1792,768,0.24508917331695557
2 (18).jpg,35,1930,768,0.46891897916793823
2 (18).jpg,36,0,1024,0.04443163424730301
2 (18).jpg,37,256,1024,0.05055587738752365
2 (18).jpg,38,512,1024,0.21325062215328217
2 (18).jpg,39,768,1024,0.1355610489845276
2 (18).jpg,40,1024,1024,0.01579601690173149
2 (18).jpg,41,1280,1024,0.2967478334903717
2 (18).jpg,42,1536,1024,0.4482608139514923
2 (18).jpg,43,1792,1024,0.2836562991142273
2 (18).jpg,44,1930,1024,0.4010801613330841
2 (18).jpg,45,0,1280,0.323745459318161
2 (18).jpg,46,256,1280,0.06279448419809341
2 (18).jpg,47,512,1280,0.12683424353599548
2 (18).jpg,48,768,1280,0.0808861255645752
2 (18).jpg,49,1024,1280,0.10160917788743973
2 (18).jpg,50,1280,1280,0.46192389726638794
2 (18).jpg,51,1536,1280,0.845526933670044
2 (18).jpg,52,1792,1280,0.8730050921440125
2 (18).jpg,53,1930,1280,0.7694733142852783
2 (18).jpg,54,0,1530,0.3478967845439911
2 (18).jpg,55,256,1530,0.028906704857945442
2 (18).jpg,56,512,1530,0.010176192037761211
2 (18).jpg,57,768,1530,0.1671028584241867
2 (18).jpg,58,1024,1530,0.6716697216033936
2 (18).jpg,59,1280,1530,0.6773314476013184
2 (18).jpg,60,1536,1530,0.741946816444397
2 (18).jpg,61,1792,1530,0.485806941986084
2 (18).jpg,62,1930,1530,0.2524825632572174
2 (19).jpg,0,0,0,0.20414943993091583
2 (19).jpg,1,256,0,0.29532477259635925
2 (19).jpg,2,512,0,0.38801810145378113
2 (19).jpg,3,768,0,0.5195754766464233
2 (19).jpg,4,1024,0,0.7339946031570435
2 (19).jpg,5,1280,0,0.7886587381362915
2 (19).jpg,6,1536,0,0.6215916275978088
2 (19).jpg,7,1792,0,0.5334984660148621
2 (19).jpg,8,1930,0,0.413372278213501
2 (19).jpg,9,0,256,0.9494433403015137
2 (19).jpg,10,256,256,0.8403343558311462
2 (19).jpg,11,512,256,0.07054801285266876
2 (19).jpg,12,768,256,0.16447530686855316
2 (19).jpg,13,1024,256,0.27528268098831177
2 (19).jpg,14,1280,256,0.80177241563797
2 (19).jpg,15,1536,256,0.4436909854412079
2 (19).jpg,16,1792,256,0.47405940294265747
2 (19).jpg,17,1930,256,0.054777927696704865
2 (19).jpg,18,0,512,0.2675626575946808
2 (19).jpg,19,256,512,0.7397888898849487
2 (19).jpg,20,512,512,0.028337597846984863
2 (19).jpg,21,768,512,0.2674666941165924
2 (19).jpg,22,1024,512,0.39665186405181885
2 (19).jpg,23,1280,512,0.34145575761795044
2 (19).jpg,24,1536,512,0.16568206250667572
2 (19).jpg,25,1792,512,0.027719929814338684
2 (19).jpg,26,1930,512,0.01733272895216942
2 (19).jpg,27,0,768,0.08380652964115143
2 (19).jpg,28,256,768,0.6401111483573914
2 (19).jpg,29,512,768,0.2822314500808716
2 (19).jpg,30,768,768,0.5635326504707336
2 (19).jpg,31,1024,768,0.18561743199825287
2 (19).jpg,32,1280,768,0.4709692597389221
2 (19).jpg,33,1536,768,0.2888419032096863
2 (19).jpg,34,1792,768,0.012633968144655228
2 (19).jpg,35,1930,768,0.009449411183595657
2 (19).jpg,36,0,1024,0.03261955454945564
2 (19).jpg,37,256,1024,0.3519044816493988
2 (19).jpg,38,512,1024,0.507222592830658
2 (19).jpg,39,768,1024,0.18526843190193176
2 (19).jpg,40,1024,1024,0.04781360551714897
2 (19).jpg,41,1280,1024,0.356267511844635
2 (19).jpg,42,1536,1024,0.4741521179676056
2 (19).jpg,43,1792,1024,0.21701104938983917
2 (19).jpg,44,1930,1024,0.20283855497837067
2 (19).jpg,45,0,1280,0.05988005921244621
2 (19).jpg,46,256,1280,0.39471593499183655
2 (19).jpg,47,512,1280,0.12437120079994202
2 (19).jpg,48,768,1280,0.11276230216026306
2 (19).jpg,49,1024,1280,0.3710990250110626
2 (19).jpg,50,1280,1280,0.3145262897014618
2 (19).jpg,51,1536,1280,0.18485084176063538
2 (19).jpg,52,1792,1280,0.4342423379421234
2 (19).jpg,53,1930,1280,0.614855170249939
2 (19).jpg,54,0,1530,0.07026857882738113
2 (19).jpg,55,256,1530,0.07807936519384384
2 (19).jpg,56,512,1530,0.06443040072917938
2 (19).jpg,57,768,1530,0.17118778824806213
2 (19).jpg,58,1024,1530,0.5470273494720459
2 (19).jpg,59,1280,1530,0.23149339854717255
2 (19).jpg,60,1536,1530,0.14995096623897552
2 (19).jpg,61,1792,1530,0.17993773519992828
2 (19).jpg,62,1930,1530,0.20739534497261047
2 (2).jpg,0,0,0,0.2404688149690628
2 (2).jpg,1,256,0,0.24478372931480408
2 (2).jpg,2,512,0,0.13690808415412903
2 (2).jpg,3,768,0,0.53670334815979
2 (2).jpg,4,1024,0,0.36006253957748413
2 (2).jpg,5,1280,0,0.6344671249389648
2 (2).jpg,6,1536,0,0.4577249586582184
2 (2).jpg,7,1792,0,0.11808054149150848
2 (2).jpg,8,1930,0,0.04953121766448021
2 (2).jpg,9,0,256,0.29080256819725037
2 (2).jpg,10,256,256,0.1504065990447998
2 (2).jpg,11,512,256,0.15961943566799164
2 (2).jpg,12,768,256,0.3993847966194153
2 (2).jpg,13,1024,256,0.28805023431777954
2 (2).jpg,14,1280,256,0.43971195816993713
2 (2).jpg,15,1536,256,0.5455999374389648
2 (2).jpg,16,1792,256,0.12041378021240234
2 (2).jpg,17,1930,256,0.08649574965238571
2 (2).jpg,18,0,512,0.3468101918697357
2 (2).jpg,19,256,512,0.2941974699497223
2 (2).jpg,20,512,512,0.23814891278743744
2 (2).jpg,21,768,512,0.0905366837978363
2 (2).jpg,22,1024,512,0.07729616016149521
2 (2).jpg,23,1280,512,0.5274378657341003
2 (2).jpg,24,1536,512,0.6348453760147095
2 (2).jpg,25,1792,512,0.2171875387430191
2 (2).jpg,26,1930,512,0.08823215961456299
2 (2).jpg,27,0,768,0.2273518443107605
2 (2).jpg,28,256,768,0.25904595851898193
2 (2).jpg,29,512,768,0.23024074733257294
2 (2).jpg,30,768,768,0.17354674637317657
2 (2).jpg,31,1024,768,0.18729493021965027
2 (2).jpg,32,1280,768,0.6428954601287842
2 (2).jpg,33,1536,768,0.3971906006336212
2 (2).jpg,34,1792,768,0.40083611011505127
2 (2).jpg,35,1930,768,0.270707368850708
2 (2).jpg,36,0,1024,0.2627798914909363
2 (2).jpg,37,256,1024,0.04903858155012131
2 (2).jpg,38,512,1024,0.16157719492912292
2 (2).jpg,39,768,1024,0.15110674500465393
2 (2).jpg,40,1024,1024,0.1412060260772705
2 (2).jpg,41,1280,1024,0.48094967007637024
2 (2).jpg,42,1536,1024,0.1285373419523239
2 (2).jpg,43,1792,1024,0.31241896748542786
2 (2).jpg,44,1930,1024,0.48378485441207886
2 (2).jpg,45,0,1280,0.2050456702709198
2 (2).jpg,46,256,1280,0.19187337160110474
2 (2).jpg,47,512,1280,0.1964917778968811
2 (2).jpg,48,768,1280,0.11163640767335892
2 (2).jpg,49,1024,1280,0.14563299715518951
2 (2).jpg,50,1280,1280,0.23271651566028595
2 (2).jpg,51,1536,1280,0.3407474756240845
2 (2).jpg,52,1792,1280,0.46582892537117004
2 (2).jpg,53,1930,1280,0.3355320692062378
2 (2).jpg,54,0,1530,0.14166945219039917
2 (2).jpg,55,256,1530,0.22777055203914642
2 (2).jpg,56,512,1530,0.2574278712272644
2 (2).jpg,57,768,1530,0.1425287127494812
2 (2).jpg,58,1024,1530,0.08945215493440628
2 (2).jpg,59,1280,1530,0.41499364376068115
2 (2).jpg,60,1536,1530,0.47001704573631287
2 (2).jpg,61,1792,1530,0.38761642575263977
2 (2).jpg,62,1930,1530,0.25998759269714355
2 (20).jpg,0,0,0,0.24110165238380432
2 (20).jpg,1,256,0,0.6147173047065735
2 (20).jpg,2,512,0,0.5176853537559509
2 (20).jpg,3,768,0,0.37424659729003906
2 (20).jpg,4,1024,0,0.6962295174598694
2 (20).jpg,5,1280,0,0.293544203042984
2 (20).jpg,6,1536,0,0.2383280247449875
2 (20).jpg,7,1792,0,0.4629291594028473
2 (20).jpg,8,1930,0,0.5240877866744995
2 (20).jpg,9,0,256,0.7015089392662048
2 (20).jpg,10,256,256,0.7442296147346497
2 (20).jpg,11,512,256,0.7979822158813477
2 (20).jpg,12,768,256,0.23969532549381256
2 (20).jpg,13,1024,256,0.4035719931125641
2 (20).jpg,14,1280,256,0.3711812198162079
2 (20).jpg,15,1536,256,0.4998270869255066
2 (20).jpg,16,1792,256,0.45900759100914
2 (20).jpg,17,1930,256,0.3384988009929657
2 (20).jpg,18,0,512,0.9758541584014893
2 (20).jpg,19,256,512,0.9688279032707214
2 (20).jpg,20,512,512,0.8937130570411682
2 (20).jpg,21,768,512,0.08304760605096817
2 (20).jpg,22,1024,512,0.15479032695293427
2 (20).jpg,23,1280,512,0.11140136420726776
2 (20).jpg,24,1536,512,0.07743073254823685
2 (20).jpg,25,1792,512,0.03454869985580444
2 (20).jpg,26,1930,512,0.557950496673584
2 (20).jpg,27,0,768,0.9602157473564148
2 (20).jpg,28,256,768,0.9608495831489563
2 (20).jpg,29,512,768,0.8608571887016296
2 (20).jpg,30,768,768,0.21043960750102997
2 (20).jpg,31,1024,768,0.24456964433193207
2 (20).jpg,32,1280,768,0.506293535232544
2 (20).jpg,33,1536,768,0.3012586236000061
2 (20).jpg,34,1792,768,0.03138548880815506
2 (20).jpg,35,1930,768,0.25287002325057983
2 (20).jpg,36,0,1024,0.07163942605257034
2 (20).jpg,37,256,1024,0.17826589941978455
2 (20).jpg,38,512,1024,0.3855450451374054
2 (20).jpg,39,768,1024,0.14139597117900848
2 (20).jpg,40,1024,1024,0.22916235029697418
2 (20).jpg,41,1280,1024,0.6290492415428162
2 (20).jpg,42,1536,1024,0.5299053192138672
2 (20).jpg,43,1792,1024,0.24829794466495514
2 (20).jpg,44,1930,1024,0.08242562413215637
2 (20).jpg,45,0,1280,0.0194807518273592
2 (20).jpg,46,256,1280,0.08031255006790161
2 (20).jpg,47,512,1280,0.25230473279953003
2 (20).jpg,48,768,1280,0.38060593605041504
2 (20).jpg,49,1024,1280,0.4557681977748871
2 (20).jpg,50,1280,1280,0.6132242679595947
2 (20).jpg,51,1536,1280,0.39568275213241577
2 (20).jpg,52,1792,1280,0.10129760950803757
2 (20).jpg,53,1930,1280,0.039133407175540924
2 (20).jpg,54,0,1530,0.010893753729760647
2 (20).jpg,55,256,1530,0.1298738569021225
2 (20).jpg,56,512,1530,0.16747377812862396
2 (20).jpg,57,768,1530,0.09958865493535995
2 (20).jpg,58,1024,1530,0.10254590958356857
2 (20).jpg,59,1280,1530,0.7169083952903748
2 (20).jpg,60,1536,1530,0.6824610829353333
2 (20).jpg,61,1792,1530,0.07942517101764679
2 (20).jpg,62,1930,1530,0.016876136884093285
2 (3).jpg,0,0,0,0.2465125471353531
2 (3).jpg,1,256,0,0.28969570994377136
2 (3).jpg,2,512,0,0.2580876350402832
2 (3).jpg,3,768,0,0.20979146659374237
2 (3).jpg,4,1024,0,0.17235521972179413
2 (3).jpg,5,1280,0,0.14641810953617096
2 (3).jpg,6,1536,0,0.2920682728290558
2 (3).jpg,7,1792,0,0.08175928145647049
2 (3).jpg,8,1930,0,0.042821016162633896
2 (3).jpg,9,0,256,0.176873117685318
2 (3).jpg,10,256,256,0.19895978271961212
2 (3).jpg,11,512,256,0.25073182582855225
2 (3).jpg,12,768,256,0.33257171511650085
2 (3).jpg,13,1024,256,0.33425089716911316
2 (3).jpg,14,1280,256,0.5439106225967407
2 (3).jpg,15,1536,256,0.39059433341026306
2 (3).jpg,16,1792,256,0.02269769459962845
2 (3).jpg,17,1930,256,0.03496093302965164
2 (3).jpg,18,0,512,0.35413599014282227
2 (3).jpg,19,256,512,0.7378214597702026
2 (3).jpg,20,512,512,0.4137636125087738
2 (3).jpg,21,768,512,0.4633125066757202
2 (3).jpg,22,1024,512,0.6200340986251831
2 (3).jpg,23,1280,512,0.48427772521972656
2 (3).jpg,24,1536,512,0.09318580478429794
2 (3).jpg,25,1792,512,0.03237593546509743
2 (3).jpg,26,1930,512,0.12395230680704117
2 (3).jpg,27,0,768,0.0753094032406807
2 (3).jpg,28,256,768,0.523285448551178
2 (3).jpg,29,512,768,0.604895293712616
2 (3).jpg,30,768,768,0.7261583805084229
2 (3).jpg,31,1024,768,0.505588710308075
2 (3).jpg,32,1280,768,0.39283329248428345
2 (3).jpg,33,1536,768,0.05077541619539261
2 (3).jpg,34,1792,768,0.21463643014431
2 (3).jpg,35,1930,768,0.2488085776567459
2 (3).jpg,36,0,1024,0.3641948103904724
2 (3).jpg,37,256,1024,0.7372483611106873
2 (3).jpg,38,512,1024,0.6182443499565125
2 (3).jpg,39,768,1024,0.6895626783370972
2 (3).jpg,40,1024,1024,0.4390937387943268
2 (3).jpg,41,1280,1024,0.2569858729839325
2 (3).jpg,42,1536,1024,0.08939534425735474
2 (3).jpg,43,1792,1024,0.084852434694767
2 (3).jpg,44,1930,1024,0.16133886575698853
2 (3).jpg,45,0,1280,0.08671937882900238
2 (3).jpg,46,256,1280,0.6905806660652161
2 (3).jpg,47,512,1280,0.5756030082702637
2 (3).jpg,48,768,1280,0.8438191413879395
2 (3).jpg,49,1024,1280,0.7834262847900391
2 (3).jpg,50,1280,1280,0.14437530934810638
2 (3).jpg,51,1536,1280,0.20283284783363342
2 (3).jpg,52,1792,1280,0.16165219247341156
2 (3).jpg,53,1930,1280,0.12090951204299927
2 (3).jpg,54,0,1530,0.7802911996841431
2 (3).jpg,55,256,1530,0.6826735734939575
2 (3).jpg,56,512,1530,0.07340607047080994
2 (3).jpg,57,768,1530,0.6444932818412781
2 (3).jpg,58,1024,1530,0.6265740394592285
2 (3).jpg,59,1280,1530,0.18951208889484406
2 (3).jpg,60,1536,1530,0.14931093156337738
2 (3).jpg,61,1792,1530,0.11580511927604675
2 (3).jpg,62,1930,1530,0.18184764683246613
2 (4).jpg,0,0,0,0.3539450466632843
2 (4).jpg,1,256,0,0.24879489839076996
2 (4).jpg,2,512,0,0.4329081177711487
2 (4).jpg,3,768,0,0.32192519307136536
2 (4).jpg,4,1024,0,0.29591429233551025
2 (4).jpg,5,1280,0,0.632468044757843
2 (4).jpg,6,1536,0,0.7805535793304443
2 (4).jpg,7,1792,0,0.14516890048980713
2 (4).jpg,8,1930,0,0.2371012568473816
2 (4).jpg,9,0,256,0.49896174669265747
2 (4).jpg,10,256,256,0.892467200756073
2 (4).jpg,11,512,256,0.9111258387565613
2 (4).jpg,12,768,256,0.6606173515319824
2 (4).jpg,13,1024,256,0.3596740961074829
2 (4).jpg,14,1280,256,0.46936383843421936
2 (4).jpg,15,1536,256,0.199203759431839
2 (4).jpg,16,1792,256,0.1113063246011734
2 (4).jpg,17,1930,256,0.1890222579240799
2 (4).jpg,18,0,512,0.22106042504310608
2 (4).jpg,19,256,512,0.6365174651145935
2 (4).jpg,20,512,512,0.6744385957717896
2 (4).jpg,21,768,512,0.17554756999015808
2 (4).jpg,22,1024,512,0.13662604987621307
2 (4).jpg,23,1280,512,0.4796912968158722
2 (4).jpg,24,1536,512,0.2662258744239807
2 (4).jpg,25,1792,512,0.26895785331726074
2 (4).jpg,26,1930,512,0.25304168462753296
2 (4).jpg,27,0,768,0.02103426307439804
2 (4).jpg,28,256,768,0.4448232650756836
2 (4).jpg,29,512,768,0.5421697497367859
2 (4).jpg,30,768,768,0.011901136487722397
2 (4).jpg,31,1024,768,0.019858406856656075
2 (4).jpg,32,1280,768,0.5518887042999268
2 (4).jpg,33,1536,768,0.502260148525238
2 (4).jpg,34,1792,768,0.31530752778053284
2 (4).jpg,35,1930,768,0.17589221894741058
2 (4).jpg,36,0,1024,0.21843354403972626
2 (4).jpg,37,256,1024,0.5257838368415833
2 (4).jpg,38,512,1024,0.5997369289398193
2 (4).jpg,39,768,1024,0.08728589862585068
2 (4).jpg,40,1024,1024,0.06601979583501816
2 (4).jpg,41,1280,1024,0.17503495514392853
2 (4).jpg,42,1536,1024,0.26903969049453735
2 (4).jpg,43,1792,1024,0.10270653665065765
2 (4).jpg,44,1930,1024,0.03660913556814194
2 (4).jpg,45,0,1280,0.17262275516986847
2 (4).jpg,46,256,1280,0.3769398331642151
2 (4).jpg,47,512,1280,0.20086809992790222
2 (4).jpg,48,768,1280,0.12934555113315582
2 (4).jpg,49,1024,1280,0.24505355954170227
2 (4).jpg,50,1280,1280,0.17473451793193817
2 (4).jpg,51,1536,1280,0.07776033878326416
2 (4).jpg,52,1792,1280,0.028152011334896088
2 (4).jpg,53,1930,1280,0.008471714332699776
2 (4).jpg,54,0,1530,0.04463246092200279
2 (4).jpg,55,256,1530,0.0657406896352768
2 (4).jpg,56,512,1530,0.11253803223371506
2 (4).jpg,57,768,1530,0.37085965275764465
2 (4).jpg,58,1024,1530,0.5979032516479492
2 (4).jpg,59,1280,1530,0.11407014727592468
2 (4).jpg,60,1536,1530,0.05301571637392044
2 (4).jpg,61,1792,1530,0.0444667711853981
2 (4).jpg,62,1930,1530,0.023835550993680954
2 (5).jpg,0,0,0,0.15172742307186127
2 (5).jpg,1,256,0,0.2809457778930664
2 (5).jpg,2,512,0,0.3002651333808899
2 (5).jpg,3,768,0,0.37002483010292053
2 (5).jpg,4,1024,0,0.25854551792144775
2 (5).jpg,5,1280,0,0.6329436302185059
2 (5).jpg,6,1536,0,0.6370306015014648
2 (5).jpg,7,1792,0,0.36275359988212585
2 (5).jpg,8,1930,0,0.06065676733851433
2 (5).jpg,9,0,256,0.399312824010849
2 (5).jpg,10,256,256,0.5383944511413574
2 (5).jpg,11,512,256,0.4991559088230133
2 (5).jpg,12,768,256,0.4995919466018677
2 (5).jpg,13,1024,256,0.25957587361335754
2 (5).jpg,14,1280,256,0.6824361681938171
2 (5).jpg,15,1536,256,0.6255933046340942
2 (5).jpg,16,1792,256,0.10751276463270187
2 (5).jpg,17,1930,256,0.1503063440322876
2 (5).jpg,18,0,512,0.4557567536830902
2 (5).jpg,19,256,512,0.21747538447380066
2 (5).jpg,20,512,512,0.19470059871673584
2 (5).jpg,21,768,512,0.23561914265155792
2 (5).jpg,22,1024,512,0.26427122950553894
2 (5).jpg,23,1280,512,0.6175447702407837
2 (5).jpg,24,1536,512,0.5478931665420532
2 (5).jpg,25,1792,512,0.33683541417121887
2 (5).jpg,26,1930,512,0.44323599338531494
2 (5).jpg,27,0,768,0.7835286259651184
2 (5).jpg,28,256,768,0.409120112657547
2 (5).jpg,29,512,768,0.07468206435441971
2 (5).jpg,30,768,768,0.24328218400478363
2 (5).jpg,31,1024,768,0.4650096297264099
2 (5).jpg,32,1280,768,0.6224304437637329
2 (5).jpg,33,1536,768,0.4426274001598358
2 (5).jpg,34,1792,768,0.5368744134902954
2 (5).jpg,35,1930,768,0.4839382469654083
2 (5).jpg,36,0,1024,0.6779519319534302
2 (5).jpg,37,256,1024,0.6456530094146729
2 (5).jpg,38,512,1024,0.32070744037628174
2 (5).jpg,39,768,1024,0.05197770893573761
2 (5).jpg,40,1024,1024,0.3344489634037018
2 (5).jpg,41,1280,1024,0.4557223916053772
2 (5).jpg,42,1536,1024,0.826305091381073
2 (5).jpg,43,1792,1024,0.8384420275688171
2 (5).jpg,44,1930,1024,0.6553269028663635
2 (5).jpg,45,0,1280,0.591725766658783
2 (5).jpg,46,256,1280,0.8166980147361755
2 (5).jpg,47,512,1280,0.6826136112213135
2 (5).jpg,48,768,1280,0.617904543876648
2 (5).jpg,49,1024,1280,0.3087937831878662
2 (5).jpg,50,1280,1280,0.36057767271995544
2 (5).jpg,51,1536,1280,0.7571645379066467
2 (5).jpg,52,1792,1280,0.786089301109314
2 (5).jpg,53,1930,1280,0.8349204063415527
2 (5).jpg,54,0,1530,0.1426074504852295
2 (5).jpg,55,256,1530,0.14888377487659454
2 (5).jpg,56,512,1530,0.46327391266822815
2 (5).jpg,57,768,1530,0.3791758120059967
2 (5).jpg,58,1024,1530,0.3019168972969055
2 (5).jpg,59,1280,1530,0.13975094258785248
2 (5).jpg,60,1536,1530,0.08420632779598236
2 (5).jpg,61,1792,1530,0.10626227408647537
2 (5).jpg,62,1930,1530,0.051320452243089676
2 (6).jpg,0,0,0,0.5585402846336365
2 (6).jpg,1,256,0,0.430317223072052
2 (6).jpg,2,512,0,0.9071398377418518
2 (6).jpg,3,768,0,0.9137760996818542
2 (6).jpg,4,1024,0,0.41489163041114807
2 (6).jpg,5,1280,0,0.4440312087535858
2 (6).jpg,6,1536,0,0.6675808429718018
2 (6).jpg,7,1792,0,0.6625353097915649
2 (6).jpg,8,1930,0,0.6882380843162537
2 (6).jpg,9,0,256,0.22644199430942535
2 (6).jpg,10,256,256,0.4780133068561554
2 (6).jpg,11,512,256,0.6207500696182251
2 (6).jpg,12,768,256,0.784453809261322
2 (6).jpg,13,1024,256,0.7012521624565125
2 (6).jpg,14,1280,256,0.8645567297935486
2 (6).jpg,15,1536,256,0.8886059522628784
2 (6).jpg,16,1792,256,0.5939170718193054
2 (6).jpg,17,1930,256,0.5433586239814758
2 (6).jpg,18,0,512,0.3687274158000946
2 (6).jpg,19,256,512,0.35966843366622925
2 (6).jpg,20,512,512,0.6642816066741943
2 (6).jpg,21,768,512,0.8066461086273193
2 (6).jpg,22,1024,512,0.5125362873077393
2 (6).jpg,23,1280,512,0.6876782178878784
2 (6).jpg,24,1536,512,0.15301166474819183
2 (6).jpg,25,1792,512,0.029650075361132622
2 (6).jpg,26,1930,512,0.02049040049314499
2 (6).jpg,27,0,768,0.6041318774223328
2 (6).jpg,28,256,768,0.6777998208999634
2 (6).jpg,29,512,768,0.8473508954048157
2 (6).jpg,30,768,768,0.6158589124679565
2 (6).jpg,31,1024,768,0.48793986439704895
2 (6).jpg,32,1280,768,0.4550214409828186
2 (6).jpg,33,1536,768,0.3345299959182739
2 (6).jpg,34,1792,768,0.06833156198263168
2 (6).jpg,35,1930,768,0.0296307522803545
2 (6).jpg,36,0,1024,0.7868621945381165
2 (6).jpg,37,256,1024,0.7275353670120239
2 (6).jpg,38,512,1024,0.5566821098327637
2 (6).jpg,39,768,1024,0.66010981798172
2 (6).jpg,40,1024,1024,0.6875298619270325
2 (6).jpg,41,1280,1024,0.7182661890983582
2 (6).jpg,42,1536,1024,0.6502475738525391
2 (6).jpg,43,1792,1024,0.5268570184707642
2 (6).jpg,44,1930,1024,0.32521745562553406
2 (6).jpg,45,0,1280,0.6615403294563293
2 (6).jpg,46,256,1280,0.831487238407135
2 (6).jpg,47,512,1280,0.8326398134231567
2 (6).jpg,48,768,1280,0.5667718648910522
2 (6).jpg,49,1024,1280,0.5326921343803406
2 (6).jpg,50,1280,1280,0.4979039132595062
2 (6).jpg,51,1536,1280,0.2508247196674347
2 (6).jpg,52,1792,1280,0.41733020544052124
2 (6).jpg,53,1930,1280,0.363808274269104
2 (6).jpg,54,0,1530,0.31833401322364807
2 (6).jpg,55,256,1530,0.7083300948143005
2 (6).jpg,56,512,1530,0.6333045363426208
2 (6).jpg,57,768,1530,0.45255613327026367
2 (6).jpg,58,1024,1530,0.2343202531337738
2 (6).jpg,59,1280,1530,0.19339847564697266
2 (6).jpg,60,1536,1530,0.23145118355751038
2 (6).jpg,61,1792,1530,0.302360475063324
2 (6).jpg,62,1930,1530,0.31663578748703003
2 (7).jpg,0,0,0,0.2725291848182678
2 (7).jpg,1,256,0,0.32783836126327515
2 (7).jpg,2,512,0,0.43608614802360535
2 (7).jpg,3,768,0,0.5538826584815979
2 (7).jpg,4,1024,0,0.7171354293823242
2 (7).jpg,5,1280,0,0.2633228600025177
2 (7).jpg,6,1536,0,0.21384352445602417
2 (7).jpg,7,1792,0,0.11215050518512726
2 (7).jpg,8,1930,0,0.08901871740818024
2 (7).jpg,9,0,256,0.24998922646045685
2 (7).jpg,10,256,256,0.24913309514522552
2 (7).jpg,11,512,256,0.16340339183807373
2 (7).jpg,12,768,256,0.394785076379776
2 (7).jpg,13,1024,256,0.6805809736251831
2 (7).jpg,14,1280,256,0.48909831047058105
2 (7).jpg,15,1536,256,0.6703460812568665
2 (7).jpg,16,1792,256,0.3604012429714203
2 (7).jpg,17,1930,256,0.21067990362644196
2 (7).jpg,18,0,512,0.2520362138748169
2 (7).jpg,19,256,512,0.11629309505224228
2 (7).jpg,20,512,512,0.2306729555130005
2 (7).jpg,21,768,512,0.22507137060165405
2 (7).jpg,22,1024,512,0.2540455162525177
2 (7).jpg,23,1280,512,0.4751926064491272
2 (7).jpg,24,1536,512,0.6304813623428345
2 (7).jpg,25,1792,512,0.1218256950378418
2 (7).jpg,26,1930,512,0.09235335886478424
2 (7).jpg,27,0,768,0.07644480466842651
2 (7).jpg,28,256,768,0.05626058205962181
2 (7).jpg,29,512,768,0.2136286497116089
2 (7).jpg,30,768,768,0.24193795025348663
2 (7).jpg,31,1024,768,0.2849205434322357
2 (7).jpg,32,1280,768,0.41855788230895996
2 (7).jpg,33,1536,768,0.38568562269210815
2 (7).jpg,34,1792,768,0.023666229099035263
2 (7).jpg,35,1930,768,0.021285010501742363
2 (7).jpg,36,0,1024,0.02235824428498745
2 (7).jpg,37,256,1024,0.18328188359737396
2 (7).jpg,38,512,1024,0.39783838391304016
2 (7).jpg,39,768,1024,0.17369815707206726
2 (7).jpg,40,1024,1024,0.20622949302196503
2 (7).jpg,41,1280,1024,0.16614378988742828
2 (7).jpg,42,1536,1024,0.16330364346504211
2 (7).jpg,43,1792,1024,0.06609862297773361
2 (7).jpg,44,1930,1024,0.04198119789361954
2 (7).jpg,45,0,1280,0.03249938786029816
2 (7).jpg,46,256,1280,0.4309785068035126
2 (7).jpg,47,512,1280,0.5196486711502075
2 (7).jpg,48,768,1280,0.30735108256340027
2 (7).jpg,49,1024,1280,0.47463104128837585
2 (7).jpg,50,1280,1280,0.1739559918642044
2 (7).jpg,51,1536,1280,0.19886274635791779
2 (7).jpg,52,1792,1280,0.3670752942562103
2 (7).jpg,53,1930,1280,0.28656473755836487
2 (7).jpg,54,0,1530,0.028425535187125206
2 (7).jpg,55,256,1530,0.3714138865470886
2 (7).jpg,56,512,1530,0.535029411315918
2 (7).jpg,57,768,1530,0.35742801427841187
2 (7).jpg,58,1024,1530,0.4232255220413208
2 (7).jpg,59,1280,1530,0.21319331228733063
2 (7).jpg,60,1536,1530,0.2971056401729584
2 (7).jpg,61,1792,1530,0.31748878955841064
2 (7).jpg,62,1930,1530,0.22802124917507172
2 (8).jpg,0,0,0,0.14671488106250763
2 (8).jpg,1,256,0,0.23603014647960663
2 (8).jpg,2,512,0,0.3169292211532593
2 (8).jpg,3,768,0,0.6728131771087646
2 (8).jpg,4,1024,0,0.18089142441749573
2 (8).jpg,5,1280,0,0.3699488043785095
2 (8).jpg,6,1536,0,0.7346422672271729
2 (8).jpg,7,1792,0,0.3547804057598114
2 (8).jpg,8,1930,0,0.2772813141345978
2 (8).jpg,9,0,256,0.7729853391647339
2 (8).jpg,10,256,256,0.41899868845939636
2 (8).jpg,11,512,256,0.752256453037262
2 (8).jpg,12,768,256,0.7010975480079651
2 (8).jpg,13,1024,256,0.6340504288673401
2 (8).jpg,14,1280,256,0.6589557528495789
2 (8).jpg,15,1536,256,0.6778630614280701
2 (8).jpg,16,1792,256,0.46055325865745544
2 (8).jpg,17,1930,256,0.5719076991081238
2 (8).jpg,18,0,512,0.7472686171531677
2 (8).jpg,19,256,512,0.515438437461853
2 (8).jpg,20,512,512,0.7264435291290283
2 (8).jpg,21,768,512,0.44863420724868774
2 (8).jpg,22,1024,512,0.7539759874343872
2 (8).jpg,23,1280,512,0.6112235188484192
2 (8).jpg,24,1536,512,0.4115889370441437
2 (8).jpg,25,1792,512,0.3091185688972473
2 (8).jpg,26,1930,512,0.5823134779930115
2 (8).jpg,27,0,768,0.13175587356090546
2 (8).jpg,28,256,768,0.6618255376815796
2 (8).jpg,29,512,768,0.25978541374206543
2 (8).jpg,30,768,768,0.15898995101451874
2 (8).jpg,31,1024,768,0.554751455783844
2 (8).jpg,32,1280,768,0.268472284078598
2 (8).jpg,33,1536,768,0.4319806396961212
2 (8).jpg,34,1792,768,0.42130130529403687
2 (8).jpg,35,1930,768,0.7517480850219727
2 (8).jpg,36,0,1024,0.14804434776306152
2 (8).jpg,37,256,1024,0.5675739645957947
2 (8).jpg,38,512,1024,0.20080964267253876
2 (8).jpg,39,768,1024,0.18106642365455627
2 (8).jpg,40,1024,1024,0.4252900183200836
2 (8).jpg,41,1280,1024,0.2724262773990631
2 (8).jpg,42,1536,1024,0.22820203006267548
2 (8).jpg,43,1792,1024,0.4099719524383545
2 (8).jpg,44,1930,1024,0.7810795903205872
2 (8).jpg,45,0,1280,0.2885120213031769
2 (8).jpg,46,256,1280,0.2906018793582916
2 (8).jpg,47,512,1280,0.15079765021800995
2 (8).jpg,48,768,1280,0.22032679617404938
2 (8).jpg,49,1024,1280,0.2687225043773651
2 (8).jpg,50,1280,1280,0.35383087396621704
2 (8).jpg,51,1536,1280,0.16131554543972015
2 (8).jpg,52,1792,1280,0.5066965818405151
2 (8).jpg,53,1930,1280,0.6078928112983704
2 (8).jpg,54,0,1530,0.35089126229286194
2 (8).jpg,55,256,1530,0.20702426135540009
2 (8).jpg,56,512,1530,0.19004608690738678
2 (8).jpg,57,768,1530,0.39656370878219604
2 (8).jpg,58,1024,1530,0.2282775193452835
2 (8).jpg,59,1280,1530,0.23008553683757782
2 (8).jpg,60,1536,1530,0.3280351758003235
2 (8).jpg,61,1792,1530,0.4645991027355194
2 (8).jpg,62,1930,1530,0.41789108514785767
2 (9).jpg,0,0,0,0.6216592788696289
2 (9).jpg,1,256,0,0.3175523579120636
2 (9).jpg,2,512,0,0.3015373945236206
2 (9).jpg,3,768,0,0.7151191234588623
2 (9).jpg,4,1024,0,0.5806936621665955
2 (9).jpg,5,1280,0,0.3670448064804077
2 (9).jpg,6,1536,0,0.13639487326145172
2 (9).jpg,7,1792,0,0.14714711904525757
2 (9).jpg,8,1930,0,0.07221641391515732
2 (9).jpg,9,0,256,0.404159814119339
2 (9).jpg,10,256,256,0.28194648027420044
2 (9).jpg,11,512,256,0.5148198008537292
2 (9).jpg,12,768,256,0.39351943135261536
2 (9).jpg,13,1024,256,0.3784484565258026
2 (9).jpg,14,1280,256,0.22168700397014618
2 (9).jpg,15,1536,256,0.22596432268619537
2 (9).jpg,16,1792,256,0.13511519134044647
2 (9).jpg,17,1930,256,0.08758146315813065
2 (9).jpg,18,0,512,0.21870604157447815
2 (9).jpg,19,256,512,0.29535403847694397
2 (9).jpg,20,512,512,0.4378628134727478
2 (9).jpg,21,768,512,0.5246544480323792
2 (9).jpg,22,1024,512,0.5994189381599426
2 (9).jpg,23,1280,512,0.3148561120033264
2 (9).jpg,24,1536,512,0.29506391286849976
2 (9).jpg,25,1792,512,0.1013876274228096
2 (9).jpg,26,1930,512,0.13358770310878754
2 (9).jpg,27,0,768,0.2744942903518677
2 (9).jpg,28,256,768,0.7276761531829834
2 (9).jpg,29,512,768,0.7623739838600159
2 (9).jpg,30,768,768,0.42222854495048523
2 (9).jpg,31,1024,768,0.5300222635269165
2 (9).jpg,32,1280,768,0.40486183762550354
2 (9).jpg,33,1536,768,0.3021087944507599
2 (9).jpg,34,1792,768,0.31264445185661316
2 (9).jpg,35,1930,768,0.3777764141559601
2 (9).jpg,36,0,1024,0.29191187024116516
2 (9).jpg,37,256,1024,0.8533722162246704
2 (9).jpg,38,512,1024,0.5953168272972107
2 (9).jpg,39,768,1024,0.10222965478897095
2 (9).jpg,40,1024,1024,0.2820218503475189
2 (9).jpg,41,1280,1024,0.44856151938438416
2 (9).jpg,42,1536,1024,0.3159157335758209
2 (9).jpg,43,1792,1024,0.36422884464263916
2 (9).jpg,44,1930,1024,0.2904730439186096
2 (9).jpg,45,0,1280,0.10255404561758041
2 (9).jpg,46,256,1280,0.3709675371646881
2 (9).jpg,47,512,1280,0.20084312558174133
2 (9).jpg,48,768,1280,0.15786504745483398
2 (9).jpg,49,1024,1280,0.3921948969364166
2 (9).jpg,50,1280,1280,0.5315597653388977
2 (9).jpg,51,1536,1280,0.1318400651216507
2 (9).jpg,52,1792,1280,0.0482405386865139
2 (9).jpg,53,1930,1280,0.09175683557987213
2 (9).jpg,54,0,1530,0.022287847474217415
2 (9).jpg,55,256,1530,0.11631718277931213
2 (9).jpg,56,512,1530,0.42401567101478577
2 (9).jpg,57,768,1530,0.5277339816093445
2 (9).jpg,58,1024,1530,0.5813528895378113
2 (9).jpg,59,1280,1530,0.5615984201431274
2 (9).jpg,60,1536,1530,0.2537292540073395
2 (9).jpg,61,1792,1530,0.1526082307100296
2 (9).jpg,62,1930,1530,0.09099162369966507
3 (1).jpg,0,0,0,0.9914611577987671
3 (1).jpg,1,256,0,0.9919053316116333
3 (1).jpg,2,512,0,0.880445122718811
3 (1).jpg,3,768,0,0.6509005427360535
3 (1).jpg,4,1024,0,0.7883616089820862
3 (1).jpg,5,1280,0,0.9098641276359558
3 (1).jpg,6,1536,0,0.9510486721992493
3 (1).jpg,7,1792,0,0.9123718738555908
3 (1).jpg,8,1930,0,0.6596376895904541
3 (1).jpg,9,0,256,0.9723690152168274
3 (1).jpg,10,256,256,0.9608945846557617
3 (1).jpg,11,512,256,0.9649571776390076
3 (1).jpg,12,768,256,0.9247438907623291
3 (1).jpg,13,1024,256,0.7324773669242859
3 (1).jpg,14,1280,256,0.5988838076591492
3 (1).jpg,15,1536,256,0.7613739371299744
3 (1).jpg,16,1792,256,0.985443651676178
3 (1).jpg,17,1930,256,0.9706954956054688
3 (1).jpg,18,0,512,0.5819745659828186
3 (1).jpg,19,256,512,0.8244131207466125
3 (1).jpg,20,512,512,0.9970358610153198
3 (1).jpg,21,768,512,0.9979871511459351
3 (1).jpg,22,1024,512,0.9772737622261047
3 (1).jpg,23,1280,512,0.7722573280334473
3 (1).jpg,24,1536,512,0.9376442432403564
3 (1).jpg,25,1792,512,0.9111367464065552
3 (1).jpg,26,1930,512,0.9231410622596741
3 (1).jpg,27,0,768,0.7610511183738708
3 (1).jpg,28,256,768,0.32535091042518616
3 (1).jpg,29,512,768,0.9894425868988037
3 (1).jpg,30,768,768,0.9967631101608276
3 (1).jpg,31,1024,768,0.9711960554122925
3 (1).jpg,32,1280,768,0.8440656661987305
3 (1).jpg,33,1536,768,0.9212707877159119
3 (1).jpg,34,1792,768,0.7055555582046509
3 (1).jpg,35,1930,768,0.45979851484298706
3 (1).jpg,36,0,1024,0.9711843729019165
3 (1).jpg,37,256,1024,0.8635756373405457
3 (1).jpg,38,512,1024,0.8802258968353271
3 (1).jpg,39,768,1024,0.9617594480514526
3 (1).jpg,40,1024,1024,0.7688121199607849
3 (1).jpg,41,1280,1024,0.13748466968536377
3 (1).jpg,42,1536,1024,0.8790595531463623
3 (1).jpg,43,1792,1024,0.6692332625389099
3 (1).jpg,44,1930,1024,0.5975648760795593
3 (1).jpg,45,0,1280,0.8678624033927917
3 (1).jpg,46,256,1280,0.9451096653938293
3 (1).jpg,47,512,1280,0.9824056029319763
3 (1).jpg,48,768,1280,0.9859819412231445
3 (1).jpg,49,1024,1280,0.9399682879447937
3 (1).jpg,50,1280,1280,0.9383367896080017
3 (1).jpg,51,1536,1280,0.845767617225647
3 (1).jpg,52,1792,1280,0.2879997491836548
3 (1).jpg,53,1930,1280,0.26535916328430176
3 (1).jpg,54,0,1530,0.7590913772583008
3 (1).jpg,55,256,1530,0.9741144776344299
3 (1).jpg,56,512,1530,0.9912639856338501
3 (1).jpg,57,768,1530,0.9887827038764954
3 (1).jpg,58,1024,1530,0.9845208525657654
3 (1).jpg,59,1280,1530,0.9653361439704895
3 (1).jpg,60,1536,1530,0.8195492625236511
3 (1).jpg,61,1792,1530,0.6021665930747986
3 (1).jpg,62,1930,1530,0.3970288932323456
3 (10).jpg,0,0,0,0.6435123682022095
3 (10).jpg,1,256,0,0.5569413900375366
3 (10).jpg,2,512,0,0.47148656845092773
3 (10).jpg,3,768,0,0.7736148834228516
3 (10).jpg,4,1024,0,0.5625575184822083
3 (10).jpg,5,1280,0,0.6210123896598816
3 (10).jpg,6,1536,0,0.8602216243743896
3 (10).jpg,7,1792,0,0.806639552116394
3 (10).jpg,8,1930,0,0.5721268057823181
3 (10).jpg,9,0,256,0.6250861883163452
3 (10).jpg,10,256,256,0.5560519099235535
3 (10).jpg,11,512,256,0.2364550679922104
3 (10).jpg,12,768,256,0.7316136956214905
3 (10).jpg,13,1024,256,0.6160299777984619
3 (10).jpg,14,1280,256,0.06996072828769684
3 (10).jpg,15,1536,256,0.47553953528404236
3 (10).jpg,16,1792,256,0.5102718472480774
3 (10).jpg,17,1930,256,0.46740612387657166
3 (10).jpg,18,0,512,0.14389537274837494
3 (10).jpg,19,256,512,0.4931689500808716
3 (10).jpg,20,512,512,0.5750130414962769
3 (10).jpg,21,768,512,0.6491129994392395
3 (10).jpg,22,1024,512,0.26420238614082336
3 (10).jpg,23,1280,512,0.5347021818161011
3 (10).jpg,24,1536,512,0.6233572363853455
3 (10).jpg,25,1792,512,0.2008563131093979
3 (10).jpg,26,1930,512,0.3702477514743805
3 (10).jpg,27,0,768,0.22139883041381836
3 (10).jpg,28,256,768,0.44855955243110657
3 (10).jpg,29,512,768,0.8356562256813049
3 (10).jpg,30,768,768,0.8641136288642883
3 (10).jpg,31,1024,768,0.16326619684696198
3 (10).jpg,32,1280,768,0.60345059633255
3 (10).jpg,33,1536,768,0.528407871723175
3 (10).jpg,34,1792,768,0.2094946801662445
3 (10).jpg,35,1930,768,0.4353658854961395
3 (10).jpg,36,0,1024,0.15540699660778046
3 (10).jpg,37,256,1024,0.48903512954711914
3 (10).jpg,38,512,1024,0.8275566101074219
3 (10).jpg,39,768,1024,0.9359213709831238
3 (10).jpg,40,1024,1024,0.8304349780082703
3 (10).jpg,41,1280,1024,0.43506383895874023
3 (10).jpg,42,1536,1024,0.3655473291873932
3 (10).jpg,43,1792,1024,0.683056652545929
3 (10).jpg,44,1930,1024,0.6186815500259399
3 (10).jpg,45,0,1280,0.048158515244722366
3 (10).jpg,46,256,1280,0.25267258286476135
3 (10).jpg,47,512,1280,0.3965734839439392
3 (10).jpg,48,768,1280,0.40838271379470825
3 (10).jpg,49,1024,1280,0.8460160493850708
3 (10).jpg,50,1280,1280,0.7848867774009705
3 (10).jpg,51,1536,1280,0.4574124217033386
3 (10).jpg,52,1792,1280,0.5397881269454956
3 (10).jpg,53,1930,1280,0.3228931725025177
3 (10).jpg,54,0,1530,0.02713852934539318
3 (10).jpg,55,256,1530,0.1539500206708908
3 (10).jpg,56,512,1530,0.15890415012836456
3 (10).jpg,57,768,1530,0.13751783967018127
3 (10).jpg,58,1024,1530,0.7403548955917358
3 (10).jpg,59,1280,1530,0.873193085193634
3 (10).jpg,60,1536,1530,0.348358690738678
3 (10).jpg,61,1792,1530,0.17344896495342255
3 (10).jpg,62,1930,1530,0.054029159247875214
3 (11).jpg,0,0,0,0.23581083118915558
3 (11).jpg,1,256,0,0.818095326423645
3 (11).jpg,2,512,0,0.8429973125457764
3 (11).jpg,3,768,0,0.48109516501426697
3 (11).jpg,4,1024,0,0.6009722352027893
3 (11).jpg,5,1280,0,0.3810741603374481
3 (11).jpg,6,1536,0,0.4824260473251343
3 (11).jpg,7,1792,0,0.03200497105717659
3 (11).jpg,8,1930,0,0.09175344556570053
3 (11).jpg,9,0,256,0.15637147426605225
3 (11).jpg,10,256,256,0.3666442334651947
3 (11).jpg,11,512,256,0.3188236355781555
3 (11).jpg,12,768,256,0.57610684633255
3 (11).jpg,13,1024,256,0.7556889653205872
3 (11).jpg,14,1280,256,0.6617704629898071
3 (11).jpg,15,1536,256,0.30600181221961975
3 (11).jpg,16,1792,256,0.469085693359375
3 (11).jpg,17,1930,256,0.49234357476234436
3 (11).jpg,18,0,512,0.23707258701324463
3 (11).jpg,19,256,512,0.3131050169467926
3 (11).jpg,20,512,512,0.45071035623550415
3 (11).jpg,21,768,512,0.6077619791030884
3 (11).jpg,22,1024,512,0.2995406687259674
3 (11).jpg,23,1280,512,0.4349331557750702
3 (11).jpg,24,1536,512,0.07216494530439377
3 (11).jpg,25,1792,512,0.11810467392206192
3 (11).jpg,26,1930,512,0.1501234918832779
3 (11).jpg,27,0,768,0.37233954668045044
3 (11).jpg,28,256,768,0.7253042459487915
3 (11).jpg,29,512,768,0.6780878305435181
3 (11).jpg,30,768,768,0.3619680106639862
3 (11).jpg,31,1024,768,0.12362207472324371
3 (11).jpg,32,1280,768,0.23822157084941864
3 (11).jpg,33,1536,768,0.01580163650214672
3 (11).jpg,34,1792,768,0.025481147691607475
3 (11).jpg,35,1930,768,0.012884143739938736
3 (11).jpg,36,0,1024,0.38277754187583923
3 (11).jpg,37,256,1024,0.24420955777168274
3 (11).jpg,38,512,1024,0.20800600945949554
3 (11).jpg,39,768,1024,0.12485350668430328
3 (11).jpg,40,1024,1024,0.5833479166030884
3 (11).jpg,41,1280,1024,0.8004186749458313
3 (11).jpg,42,1536,1024,0.15207011997699738
3 (11).jpg,43,1792,1024,0.2102792114019394
3 (11).jpg,44,1930,1024,0.21364057064056396
3 (11).jpg,45,0,1280,0.13360199332237244
3 (11).jpg,46,256,1280,0.7991961240768433
3 (11).jpg,47,512,1280,0.6360732913017273
3 (11).jpg,48,768,1280,0.14095120131969452
3 (11).jpg,49,1024,1280,0.6551803946495056
3 (11).jpg,50,1280,1280,0.8649163246154785
3 (11).jpg,51,1536,1280,0.6863901019096375
3 (11).jpg,52,1792,1280,0.1930655986070633
3 (11).jpg,53,1930,1280,0.09967157244682312
3 (11).jpg,54,0,1530,0.04229159280657768
3 (11).jpg,55,256,1530,0.2833494246006012
3 (11).jpg,56,512,1530,0.7736685276031494
3 (11).jpg,57,768,1530,0.8486248850822449
3 (11).jpg,58,1024,1530,0.26889705657958984
3 (11).jpg,59,1280,1530,0.09738072007894516
3 (11).jpg,60,1536,1530,0.21580907702445984
3 (11).jpg,61,1792,1530,0.04594317078590393
3 (11).jpg,62,1930,1530,0.01103023998439312
3 (12).jpg,0,0,0,0.6150434613227844
3 (12).jpg,1,256,0,0.5966162085533142
3 (12).jpg,2,512,0,0.40705007314682007
3 (12).jpg,3,768,0,0.6139692664146423
3 (12).jpg,4,1024,0,0.6807121634483337
3 (12).jpg,5,1280,0,0.6657911539077759
3 (12).jpg,6,1536,0,0.44099244475364685
3 (12).jpg,7,1792,0,0.2131619155406952
3 (12).jpg,8,1930,0,0.1343352347612381
3 (12).jpg,9,0,256,0.21146082878112793
3 (12).jpg,10,256,256,0.48168402910232544
3 (12).jpg,11,512,256,0.314283549785614
3 (12).jpg,12,768,256,0.13791844248771667
3 (12).jpg,13,1024,256,0.2193203866481781
3 (12).jpg,14,1280,256,0.17081119120121002
3 (12).jpg,15,1536,256,0.05946227163076401
3 (12).jpg,16,1792,256,0.07555790990591049
3 (12).jpg,17,1930,256,0.1549808531999588
3 (12).jpg,18,0,512,0.07427991181612015
3 (12).jpg,19,256,512,0.21133433282375336
3 (12).jpg,20,512,512,0.17495940625667572
3 (12).jpg,21,768,512,0.5245912671089172
3 (12).jpg,22,1024,512,0.5317202210426331
3 (12).jpg,23,1280,512,0.22641083598136902
3 (12).jpg,24,1536,512,0.04610781371593475
3 (12).jpg,25,1792,512,0.0379079207777977
3 (12).jpg,26,1930,512,0.0336708165705204
3 (12).jpg,27,0,768,0.08352045714855194
3 (12).jpg,28,256,768,0.22465303540229797
3 (12).jpg,29,512,768,0.0835309848189354
3 (12).jpg,30,768,768,0.5943466424942017
3 (12).jpg,31,1024,768,0.4189818799495697
3 (12).jpg,32,1280,768,0.09520379453897476
3 (12).jpg,33,1536,768,0.12452247738838196
3 (12).jpg,34,1792,768,0.18114647269248962
3 (12).jpg,35,1930,768,0.06126225367188454
3 (12).jpg,36,0,1024,0.1211719736456871
3 (12).jpg,37,256,1024,0.27747824788093567
3 (12).jpg,38,512,1024,0.040313251316547394
3 (12).jpg,39,768,1024,0.7657871246337891
3 (12).jpg,40,1024,1024,0.7150713205337524
3 (12).jpg,41,1280,1024,0.11887708306312561
3 (12).jpg,42,1536,1024,0.37264272570610046
3 (12).jpg,43,1792,1024,0.41649213433265686
3 (12).jpg,44,1930,1024,0.6577197313308716
3 (12).jpg,45,0,1280,0.38447457551956177
3 (12).jpg,46,256,1280,0.6439300179481506
3 (12).jpg,47,512,1280,0.21947568655014038
3 (12).jpg,48,768,1280,0.7465788722038269
3 (12).jpg,49,1024,1280,0.9048380851745605
3 (12).jpg,50,1280,1280,0.28290414810180664
3 (12).jpg,51,1536,1280,0.36016252636909485
3 (12).jpg,52,1792,1280,0.32563987374305725
3 (12).jpg,53,1930,1280,0.4448685348033905
3 (12).jpg,54,0,1530,0.17389942705631256
3 (12).jpg,55,256,1530,0.2159409523010254
3 (12).jpg,56,512,1530,0.03620896115899086
3 (12).jpg,57,768,1530,0.021522780880331993
3 (12).jpg,58,1024,1530,0.06331897526979446
3 (12).jpg,59,1280,1530,0.06572652608156204
3 (12).jpg,60,1536,1530,0.08646372705698013
3 (12).jpg,61,1792,1530,0.10009602457284927
3 (12).jpg,62,1930,1530,0.05770285427570343
3 (13).jpg,0,0,0,0.4713782072067261
3 (13).jpg,1,256,0,0.5121718049049377
3 (13).jpg,2,512,0,0.2633539140224457
3 (13).jpg,3,768,0,0.19068661332130432
3 (13).jpg,4,1024,0,0.24330377578735352
3 (13).jpg,5,1280,0,0.6540125012397766
3 (13).jpg,6,1536,0,0.6785274744033813
3 (13).jpg,7,1792,0,0.15043041110038757
3 (13).jpg,8,1930,0,0.032793182879686356
3 (13).jpg,9,0,256,0.6615561842918396
3 (13).jpg,10,256,256,0.8217552304267883
3 (13).jpg,11,512,256,0.8529926538467407
3 (13).jpg,12,768,256,0.836461067199707
3 (13).jpg,13,1024,256,0.3834359645843506
3 (13).jpg,14,1280,256,0.6571598052978516
3 (13).jpg,15,1536,256,0.3202721178531647
3 (13).jpg,16,1792,256,0.02810710109770298
3 (13).jpg,17,1930,256,0.037818197160959244
3 (13).jpg,18,0,512,0.07098253816366196
3 (13).jpg,19,256,512,0.5398073792457581
3 (13).jpg,20,512,512,0.7975804209709167
3 (13).jpg,21,768,512,0.8579797744750977
3 (13).jpg,22,1024,512,0.302749365568161
3 (13).jpg,23,1280,512,0.08777612447738647
3 (13).jpg,24,1536,512,0.3771129250526428
3 (13).jpg,25,1792,512,0.3188864290714264
3 (13).jpg,26,1930,512,0.12073346972465515
3 (13).jpg,27,0,768,0.060214199125766754
3 (13).jpg,28,256,768,0.5722981691360474
3 (13).jpg,29,512,768,0.3947887122631073
3 (13).jpg,30,768,768,0.02612232230603695
3 (13).jpg,31,1024,768,0.4553103446960449
3 (13).jpg,32,1280,768,0.71672523021698
3 (13).jpg,33,1536,768,0.1537790596485138
3 (13).jpg,34,1792,768,0.5152685642242432
3 (13).jpg,35,1930,768,0.24645699560642242
3 (13).jpg,36,0,1024,0.37136197090148926
3 (13).jpg,37,256,1024,0.30685845017433167
3 (13).jpg,38,512,1024,0.010793035849928856
3 (13).jpg,39,768,1024,0.03276742994785309
3 (13).jpg,40,1024,1024,0.8502892851829529
3 (13).jpg,41,1280,1024,0.9306290149688721
3 (13).jpg,42,1536,1024,0.8235726356506348
3 (13).jpg,43,1792,1024,0.8123091459274292
3 (13).jpg,44,1930,1024,0.33363303542137146
3 (13).jpg,45,0,1280,0.4066046476364136
3 (13).jpg,46,256,1280,0.7232191562652588
3 (13).jpg,47,512,1280,0.5421733856201172
3 (13).jpg,48,768,1280,0.4923441410064697
3 (13).jpg,49,1024,1280,0.6080170273780823
3 (13).jpg,50,1280,1280,0.8546878099441528
3 (13).jpg,51,1536,1280,0.7880936861038208
3 (13).jpg,52,1792,1280,0.2020857185125351
3 (13).jpg,53,1930,1280,0.01783597841858864
3 (13).jpg,54,0,1530,0.17784768342971802
3 (13).jpg,55,256,1530,0.9320525527000427
3 (13).jpg,56,512,1530,0.9496942162513733
3 (13).jpg,57,768,1530,0.4487376809120178
3 (13).jpg,58,1024,1530,0.26078420877456665
3 (13).jpg,59,1280,1530,0.5114760994911194
3 (13).jpg,60,1536,1530,0.29345792531967163
3 (13).jpg,61,1792,1530,0.010044433176517487
3 (13).jpg,62,1930,1530,0.008365314453840256
3 (14).jpg,0,0,0,0.20422640442848206
3 (14).jpg,1,256,0,0.3920826017856598
3 (14).jpg,2,512,0,0.09162291139364243
3 (14).jpg,3,768,0,0.279648095369339
3 (14).jpg,4,1024,0,0.8400295972824097
3 (14).jpg,5,1280,0,0.9052208065986633
3 (14).jpg,6,1536,0,0.6254042387008667
3 (14).jpg,7,1792,0,0.45344075560569763
3 (14).jpg,8,1930,0,0.20544853806495667
3 (14).jpg,9,0,256,0.5613356232643127
3 (14).jpg,10,256,256,0.2051469385623932
3 (14).jpg,11,512,256,0.19608622789382935
3 (14).jpg,12,768,256,0.8661259412765503
3 (14).jpg,13,1024,256,0.9710357785224915
3 (14).jpg,14,1280,256,0.9115047454833984
3 (14).jpg,15,1536,256,0.11260539293289185
3 (14).jpg,16,1792,256,0.12372198700904846
3 (14).jpg,17,1930,256,0.1255561113357544
3 (14).jpg,18,0,512,0.42644819617271423
3 (14).jpg,19,256,512,0.45703402161598206
3 (14).jpg,20,512,512,0.40067926049232483
3 (14).jpg,21,768,512,0.9716620445251465
3 (14).jpg,22,1024,512,0.969956636428833
3 (14).jpg,23,1280,512,0.8638986349105835
3 (14).jpg,24,1536,512,0.03289784863591194
3 (14).jpg,25,1792,512,0.03555113077163696
3 (14).jpg,26,1930,512,0.018867185339331627
3 (14).jpg,27,0,768,0.002847472671419382
3 (14).jpg,28,256,768,0.05469105765223503
3 (14).jpg,29,512,768,0.11107346415519714
3 (14).jpg,30,768,768,0.7578656673431396
3 (14).jpg,31,1024,768,0.5201941728591919
3 (14).jpg,32,1280,768,0.20197923481464386
3 (14).jpg,33,1536,768,0.035088911652565
3 (14).jpg,34,1792,768,0.027329638600349426
3 (14).jpg,35,1930,768,0.00856469664722681
3 (14).jpg,36,0,1024,0.017131254076957703
3 (14).jpg,37,256,1024,0.3498937487602234
3 (14).jpg,38,512,1024,0.14649327099323273
3 (14).jpg,39,768,1024,0.4677518308162689
3 (14).jpg,40,1024,1024,0.5014609694480896
3 (14).jpg,41,1280,1024,0.23558683693408966
3 (14).jpg,42,1536,1024,0.2784000039100647
3 (14).jpg,43,1792,1024,0.2076171338558197
3 (14).jpg,44,1930,1024,0.06282736361026764
3 (14).jpg,45,0,1280,0.10643375664949417
3 (14).jpg,46,256,1280,0.1961003839969635
3 (14).jpg,47,512,1280,0.13615699112415314
3 (14).jpg,48,768,1280,0.5936937928199768
3 (14).jpg,49,1024,1280,0.5266629457473755
3 (14).jpg,50,1280,1280,0.4543439447879791
3 (14).jpg,51,1536,1280,0.2586716115474701
3 (14).jpg,52,1792,1280,0.12660081684589386
3 (14).jpg,53,1930,1280,0.09472543001174927
3 (14).jpg,54,0,1530,0.02301952987909317
3 (14).jpg,55,256,1530,0.031015843152999878
3 (14).jpg,56,512,1530,0.16613610088825226
3 (14).jpg,57,768,1530,0.12934176623821259
3 (14).jpg,58,1024,1530,0.034130942076444626
3 (14).jpg,59,1280,1530,0.6287809610366821
3 (14).jpg,60,1536,1530,0.445290744304657
3 (14).jpg,61,1792,1530,0.17934706807136536
3 (14).jpg,62,1930,1530,0.10550355911254883
3 (15).jpg,0,0,0,0.6761441826820374
3 (15).jpg,1,256,0,0.7595760822296143
3 (15).jpg,2,512,0,0.8843764662742615
3 (15).jpg,3,768,0,0.8064367771148682
3 (15).jpg,4,1024,0,0.30089226365089417
3 (15).jpg,5,1280,0,0.7955552339553833
3 (15).jpg,6,1536,0,0.8298031687736511
3 (15).jpg,7,1792,0,0.25433114171028137
3 (15).jpg,8,1930,0,0.09182652831077576
3 (15).jpg,9,0,256,0.6551002264022827
3 (15).jpg,10,256,256,0.6484488248825073
3 (15).jpg,11,512,256,0.474335640668869
3 (15).jpg,12,768,256,0.7564436793327332
3 (15).jpg,13,1024,256,0.5164662599563599
3 (15).jpg,14,1280,256,0.748446524143219
3 (15).jpg,15,1536,256,0.767376184463501
3 (15).jpg,16,1792,256,0.11884914338588715
3 (15).jpg,17,1930,256,0.15986183285713196
3 (15).jpg,18,0,512,0.3022562861442566
3 (15).jpg,19,256,512,0.5468783974647522
3 (15).jpg,20,512,512,0.27807778120040894
3 (15).jpg,21,768,512,0.7109768390655518
3 (15).jpg,22,1024,512,0.9293038249015808
3 (15).jpg,23,1280,512,0.8508623838424683
3 (15).jpg,24,1536,512,0.7526533007621765
3 (15).jpg,25,1792,512,0.18101224303245544
3 (15).jpg,26,1930,512,0.03592273220419884
3 (15).jpg,27,0,768,0.476027250289917
3 (15).jpg,28,256,768,0.6821641325950623
3 (15).jpg,29,512,768,0.3923600912094116
3 (15).jpg,30,768,768,0.45923370122909546
3 (15).jpg,31,1024,768,0.927725076675415
3 (15).jpg,32,1280,768,0.9766733050346375
3 (15).jpg,33,1536,768,0.8009404540061951
3 (15).jpg,34,1792,768,0.23785601556301117
3 (15).jpg,35,1930,768,0.02565831132233143
3 (15).jpg,36,0,1024,0.8438053131103516
3 (15).jpg,37,256,1024,0.5104493498802185
3 (15).jpg,38,512,1024,0.7608379125595093
3 (15).jpg,39,768,1024,0.640398383140564
3 (15).jpg,40,1024,1024,0.6518629193305969
3 (15).jpg,41,1280,1024,0.784644365310669
3 (15).jpg,42,1536,1024,0.8127577900886536
3 (15).jpg,43,1792,1024,0.34882184863090515
3 (15).jpg,44,1930,1024,0.0735773965716362
3 (15).jpg,45,0,1280,0.4736660420894623
3 (15).jpg,46,256,1280,0.7039869427680969
3 (15).jpg,47,512,1280,0.5951588749885559
3 (15).jpg,48,768,1280,0.3499799072742462
3 (15).jpg,49,1024,1280,0.23660296201705933
3 (15).jpg,50,1280,1280,0.32057955861091614
3 (15).jpg,51,1536,1280,0.5937981009483337
3 (15).jpg,52,1792,1280,0.5261458158493042
3 (15).jpg,53,1930,1280,0.325857549905777
3 (15).jpg,54,0,1530,0.4368990957736969
3 (15).jpg,55,256,1530,0.5357176661491394
3 (15).jpg,56,512,1530,0.08348476886749268
3 (15).jpg,57,768,1530,0.06733530759811401
3 (15).jpg,58,1024,1530,0.17775776982307434
3 (15).jpg,59,1280,1530,0.6488179564476013
3 (15).jpg,60,1536,1530,0.3565361201763153
3 (15).jpg,61,1792,1530,0.5755221843719482
3 (15).jpg,62,1930,1530,0.29887819290161133
3 (16).jpg,0,0,0,0.3222060203552246
3 (16).jpg,1,256,0,0.8693450689315796
3 (16).jpg,2,512,0,0.6077287793159485
3 (16).jpg,3,768,0,0.286583811044693
3 (16).jpg,4,1024,0,0.786808967590332
3 (16).jpg,5,1280,0,0.9883076548576355
3 (16).jpg,6,1536,0,0.9669520854949951
3 (16).jpg,7,1792,0,0.7947032451629639
3 (16).jpg,8,1930,0,0.27857935428619385
3 (16).jpg,9,0,256,0.4763740301132202
3 (16).jpg,10,256,256,0.05596596375107765
3 (16).jpg,11,512,256,0.2160048484802246
3 (16).jpg,12,768,256,0.274621844291687
3 (16).jpg,13,1024,256,0.6384293437004089
3 (16).jpg,14,1280,256,0.6814547777175903
3 (16).jpg,15,1536,256,0.3482663035392761
3 (16).jpg,16,1792,256,0.62968510389328
3 (16).jpg,17,1930,256,0.6977244019508362
3 (16).jpg,18,0,512,0.34447556734085083
3 (16).jpg,19,256,512,0.18592338263988495
3 (16).jpg,20,512,512,0.9740723967552185
3 (16).jpg,21,768,512,0.9864124059677124
3 (16).jpg,22,1024,512,0.6487880945205688
3 (16).jpg,23,1280,512,0.6447678804397583
3 (16).jpg,24,1536,512,0.35764434933662415
3 (16).jpg,25,1792,512,0.6126755475997925
3 (16).jpg,26,1930,512,0.767893373966217
3 (16).jpg,27,0,768,0.16422472894191742
3 (16).jpg,28,256,768,0.1894935816526413
3 (16).jpg,29,512,768,0.8603370785713196
3 (16).jpg,30,768,768,0.9761976599693298
3 (16).jpg,31,1024,768,0.5721354484558105
3 (16).jpg,32,1280,768,0.6400885581970215
3 (16).jpg,33,1536,768,0.0893324539065361
3 (16).jpg,34,1792,768,0.4318799078464508
3 (16).jpg,35,1930,768,0.687183678150177
3 (16).jpg,36,0,1024,0.31043165922164917
3 (16).jpg,37,256,1024,0.7106775641441345
3 (16).jpg,38,512,1024,0.438278466463089
3 (16).jpg,39,768,1024,0.16579478979110718
3 (16).jpg,40,1024,1024,0.12084071338176727
3 (16).jpg,41,1280,1024,0.3577512800693512
3 (16).jpg,42,1536,1024,0.09820722788572311
3 (16).jpg,43,1792,1024,0.7407426238059998
3 (16).jpg,44,1930,1024,0.4686110317707062
3 (16).jpg,45,0,1280,0.14040379226207733
3 (16).jpg,46,256,1280,0.6504145860671997
3 (16).jpg,47,512,1280,0.8805183172225952
3 (16).jpg,48,768,1280,0.4915876090526581
3 (16).jpg,49,1024,1280,0.3550116717815399
3 (16).jpg,50,1280,1280,0.16616907715797424
3 (16).jpg,51,1536,1280,0.13588854670524597
3 (16).jpg,52,1792,1280,0.8714970350265503
3 (16).jpg,53,1930,1280,0.7494382262229919
3 (16).jpg,54,0,1530,0.0308365635573864
3 (16).jpg,55,256,1530,0.3340255618095398
3 (16).jpg,56,512,1530,0.8685333132743835
3 (16).jpg,57,768,1530,0.1816750317811966
3 (16).jpg,58,1024,1530,0.2988496422767639
3 (16).jpg,59,1280,1530,0.6016303896903992
3 (16).jpg,60,1536,1530,0.4460420608520508
3 (16).jpg,61,1792,1530,0.1723179668188095
3 (16).jpg,62,1930,1530,0.0276142880320549
3 (17).jpg,0,0,0,0.45869797468185425
3 (17).jpg,1,256,0,0.6219218969345093
3 (17).jpg,2,512,0,0.3381638526916504
3 (17).jpg,3,768,0,0.42966631054878235
3 (17).jpg,4,1024,0,0.6603972911834717
3 (17).jpg,5,1280,0,0.9050936698913574
3 (17).jpg,6,1536,0,0.7017717957496643
3 (17).jpg,7,1792,0,0.05385678634047508
3 (17).jpg,8,1930,0,0.2839224934577942
3 (17).jpg,9,0,256,0.31875911355018616
3 (17).jpg,10,256,256,0.927311360836029
3 (17).jpg,11,512,256,0.9195231199264526
3 (17).jpg,12,768,256,0.2594120502471924
3 (17).jpg,13,1024,256,0.7519341707229614
3 (17).jpg,14,1280,256,0.73167484998703
3 (17).jpg,15,1536,256,0.26423150300979614
3 (17).jpg,16,1792,256,0.9084941744804382
3 (17).jpg,17,1930,256,0.9589328169822693
3 (17).jpg,18,0,512,0.12485877424478531
3 (17).jpg,19,256,512,0.7599546313285828
3 (17).jpg,20,512,512,0.8587738871574402
3 (17).jpg,21,768,512,0.5401090979576111
3 (17).jpg,22,1024,512,0.6715453267097473
3 (17).jpg,23,1280,512,0.6127037405967712
3 (17).jpg,24,1536,512,0.5656545162200928
3 (17).jpg,25,1792,512,0.9558717608451843
3 (17).jpg,26,1930,512,0.9758086204528809
3 (17).jpg,27,0,768,0.783369779586792
3 (17).jpg,28,256,768,0.6971254348754883
3 (17).jpg,29,512,768,0.417570561170578
3 (17).jpg,30,768,768,0.6260364651679993
3 (17).jpg,31,1024,768,0.8857660293579102
3 (17).jpg,32,1280,768,0.8333727717399597
3 (17).jpg,33,1536,768,0.483359694480896
3 (17).jpg,34,1792,768,0.4854750335216522
3 (17).jpg,35,1930,768,0.12577955424785614
3 (17).jpg,36,0,1024,0.8311116099357605
3 (17).jpg,37,256,1024,0.7745242714881897
3 (17).jpg,38,512,1024,0.4362877309322357
3 (17).jpg,39,768,1024,0.8796390891075134
3 (17).jpg,40,1024,1024,0.9858568906784058
3 (17).jpg,41,1280,1024,0.981601357460022
3 (17).jpg,42,1536,1024,0.8035779595375061
3 (17).jpg,43,1792,1024,0.90215665102005
3 (17).jpg,44,1930,1024,0.8438054919242859
3 (17).jpg,45,0,1280,0.7834926843643188
3 (17).jpg,46,256,1280,0.7969031929969788
3 (17).jpg,47,512,1280,0.8857443332672119
3 (17).jpg,48,768,1280,0.7185971140861511
3 (17).jpg,49,1024,1280,0.34039056301116943
3 (17).jpg,50,1280,1280,0.3917998969554901
3 (17).jpg,51,1536,1280,0.7163304686546326
3 (17).jpg,52,1792,1280,0.6610092520713806
3 (17).jpg,53,1930,1280,0.3160148859024048
3 (17).jpg,54,0,1530,0.7089765667915344
3 (17).jpg,55,256,1530,0.597761332988739
3 (17).jpg,56,512,1530,0.8859112858772278
3 (17).jpg,57,768,1530,0.782893180847168
3 (17).jpg,58,1024,1530,0.6182255148887634
3 (17).jpg,59,1280,1530,0.24692057073116302
3 (17).jpg,60,1536,1530,0.5559035539627075
3 (17).jpg,61,1792,1530,0.4396161735057831
3 (17).jpg,62,1930,1530,0.030437422916293144
3 (18).jpg,0,0,0,0.18167442083358765
3 (18).jpg,1,256,0,0.1927614063024521
3 (18).jpg,2,512,0,0.2301941066980362
3 (18).jpg,3,768,0,0.585573673248291
3 (18).jpg,4,1024,0,0.584787905216217
3 (18).jpg,5,1280,0,0.31596654653549194
3 (18).jpg,6,1536,0,0.07696076482534409
3 (18).jpg,7,1792,0,0.08274376392364502
3 (18).jpg,8,1930,0,0.06688100844621658
3 (18).jpg,9,0,256,0.03936397284269333
3 (18).jpg,10,256,256,0.6262360215187073
3 (18).jpg,11,512,256,0.7807086110115051
3 (18).jpg,12,768,256,0.6172221302986145
3 (18).jpg,13,1024,256,0.498401403427124
3 (18).jpg,14,1280,256,0.23766326904296875
3 (18).jpg,15,1536,256,0.09840687364339828
3 (18).jpg,16,1792,256,0.033109843730926514
3 (18).jpg,17,1930,256,0.03159657120704651
3 (18).jpg,18,0,512,0.26005810499191284
3 (18).jpg,19,256,512,0.6793796420097351
3 (18).jpg,20,512,512,0.6828523874282837
3 (18).jpg,21,768,512,0.14489832520484924
3 (18).jpg,22,1024,512,0.7964919805526733
3 (18).jpg,23,1280,512,0.837132453918457
3 (18).jpg,24,1536,512,0.8649764060974121
3 (18).jpg,25,1792,512,0.6569541692733765
3 (18).jpg,26,1930,512,0.40111228823661804
3 (18).jpg,27,0,768,0.7439149618148804
3 (18).jpg,28,256,768,0.7805418372154236
3 (18).jpg,29,512,768,0.4800642132759094
3 (18).jpg,30,768,768,0.32220083475112915
3 (18).jpg,31,1024,768,0.4348902106285095
3 (18).jpg,32,1280,768,0.777603805065155
3 (18).jpg,33,1536,768,0.8270428776741028
3 (18).jpg,34,1792,768,0.7990519404411316
3 (18).jpg,35,1930,768,0.6352289915084839
3 (18).jpg,36,0,1024,0.640572190284729
3 (18).jpg,37,256,1024,0.5963727831840515
3 (18).jpg,38,512,1024,0.1825099140405655
3 (18).jpg,39,768,1024,0.9087637066841125
3 (18).jpg,40,1024,1024,0.9491125345230103
3 (18).jpg,41,1280,1024,0.5888879299163818
3 (18).jpg,42,1536,1024,0.49155393242836
3 (18).jpg,43,1792,1024,0.7446379661560059
3 (18).jpg,44,1930,1024,0.5394030809402466
3 (18).jpg,45,0,1280,0.4648512601852417
3 (18).jpg,46,256,1280,0.6080389618873596
3 (18).jpg,47,512,1280,0.49312618374824524
3 (18).jpg,48,768,1280,0.9509033560752869
3 (18).jpg,49,1024,1280,0.9878383874893188
3 (18).jpg,50,1280,1280,0.4907001852989197
3 (18).jpg,51,1536,1280,0.6730138063430786
3 (18).jpg,52,1792,1280,0.5938851237297058
3 (18).jpg,53,1930,1280,0.6346080899238586
3 (18).jpg,54,0,1530,0.6965550184249878
3 (18).jpg,55,256,1530,0.7708205580711365
3 (18).jpg,56,512,1530,0.2532176375389099
3 (18).jpg,57,768,1530,0.3685045540332794
3 (18).jpg,58,1024,1530,0.3820819854736328
3 (18).jpg,59,1280,1530,0.980803370475769
3 (18).jpg,60,1536,1530,0.9716002345085144
3 (18).jpg,61,1792,1530,0.1256500780582428
3 (18).jpg,62,1930,1530,0.20133526623249054
3 (19).jpg,0,0,0,0.03195849433541298
3 (19).jpg,1,256,0,0.36176133155822754
3 (19).jpg,2,512,0,0.26598867774009705
3 (19).jpg,3,768,0,0.20800445973873138
3 (19).jpg,4,1024,0,0.19943371415138245
3 (19).jpg,5,1280,0,0.08837538957595825
3 (19).jpg,6,1536,0,0.06086830794811249
3 (19).jpg,7,1792,0,0.18034027516841888
3 (19).jpg,8,1930,0,0.12881512939929962
3 (19).jpg,9,0,256,0.06372246146202087
3 (19).jpg,10,256,256,0.41109469532966614
3 (19).jpg,11,512,256,0.5083193182945251
3 (19).jpg,12,768,256,0.2701888978481293
3 (19).jpg,13,1024,256,0.6228796243667603
3 (19).jpg,14,1280,256,0.6259627938270569
3 (19).jpg,15,1536,256,0.7650025486946106
3 (19).jpg,16,1792,256,0.11881372332572937
3 (19).jpg,17,1930,256,0.09243328869342804
3 (19).jpg,18,0,512,0.3192221522331238
3 (19).jpg,19,256,512,0.9081754684448242
3 (19).jpg,20,512,512,0.8746225237846375
3 (19).jpg,21,768,512,0.25856539607048035
3 (19).jpg,22,1024,512,0.2924572825431824
3 (19).jpg,23,1280,512,0.8042685389518738
3 (19).jpg,24,1536,512,0.8344382047653198
3 (19).jpg,25,1792,512,0.1877106875181198
3 (19).jpg,26,1930,512,0.0455506406724453
3 (19).jpg,27,0,768,0.09571843594312668
3 (19).jpg,28,256,768,0.9285226464271545
3 (19).jpg,29,512,768,0.9421184062957764
3 (19).jpg,30,768,768,0.1440689116716385
3 (19).jpg,31,1024,768,0.02935120090842247
3 (19).jpg,32,1280,768,0.5973266363143921
3 (19).jpg,33,1536,768,0.43207836151123047
3 (19).jpg,34,1792,768,0.5621893405914307
3 (19).jpg,35,1930,768,0.4649428725242615
3 (19).jpg,36,0,1024,0.10304463654756546
3 (19).jpg,37,256,1024,0.29813745617866516
3 (19).jpg,38,512,1024,0.20207887887954712
3 (19).jpg,39,768,1024,0.12115379422903061
3 (19).jpg,40,1024,1024,0.18191242218017578
3 (19).jpg,41,1280,1024,0.7100149393081665
3 (19).jpg,42,1536,1024,0.4847850501537323
3 (19).jpg,43,1792,1024,0.9641228318214417
3 (19).jpg,44,1930,1024,0.9812316298484802
3 (19).jpg,45,0,1280,0.07219702750444412
3 (19).jpg,46,256,1280,0.9861093163490295
3 (19).jpg,47,512,1280,0.8556738495826721
3 (19).jpg,48,768,1280,0.09605127573013306
3 (19).jpg,49,1024,1280,0.5147425532341003
3 (19).jpg,50,1280,1280,0.7119004726409912
3 (19).jpg,51,1536,1280,0.6333471536636353
3 (19).jpg,52,1792,1280,0.7199309468269348
3 (19).jpg,53,1930,1280,0.8346377015113831
3 (19).jpg,54,0,1530,0.0944269523024559
3 (19).jpg,55,256,1530,0.9676932692527771
3 (19).jpg,56,512,1530,0.9648115634918213
3 (19).jpg,57,768,1530,0.1548043191432953
3 (19).jpg,58,1024,1530,0.2076011300086975
3 (19).jpg,59,1280,1530,0.15863879024982452
3 (19).jpg,60,1536,1530,0.09931888431310654
3 (19).jpg,61,1792,1530,0.13602346181869507
3 (19).jpg,62,1930,1530,0.1799631267786026
3 (2).jpg,0,0,0,0.8593356013298035
3 (2).jpg,1,256,0,0.9755915403366089
3 (2).jpg,2,512,0,0.9847440123558044
3 (2).jpg,3,768,0,0.9839353561401367
3 (2).jpg,4,1024,0,0.949256181716919
3 (2).jpg,5,1280,0,0.9706794619560242
3 (2).jpg,6,1536,0,0.9832042455673218
3 (2).jpg,7,1792,0,0.97664874792099
3 (2).jpg,8,1930,0,0.9456731677055359
3 (2).jpg,9,0,256,0.5265577435493469
3 (2).jpg,10,256,256,0.7615658044815063
3 (2).jpg,11,512,256,0.9267550706863403
3 (2).jpg,12,768,256,0.9417768716812134
3 (2).jpg,13,1024,256,0.9493114948272705
3 (2).jpg,14,1280,256,0.9545539617538452
3 (2).jpg,15,1536,256,0.9484085440635681
3 (2).jpg,16,1792,256,0.9414566159248352
3 (2).jpg,17,1930,256,0.8785125613212585
3 (2).jpg,18,0,512,0.8945918083190918
3 (2).jpg,19,256,512,0.9045944213867188
3 (2).jpg,20,512,512,0.9678769707679749
3 (2).jpg,21,768,512,0.9601760506629944
3 (2).jpg,22,1024,512,0.9016625881195068
3 (2).jpg,23,1280,512,0.9877811670303345
3 (2).jpg,24,1536,512,0.8836223483085632
3 (2).jpg,25,1792,512,0.9468281865119934
3 (2).jpg,26,1930,512,0.9312162399291992
3 (2).jpg,27,0,768,0.9577702879905701
3 (2).jpg,28,256,768,0.9244646430015564
3 (2).jpg,29,512,768,0.9691810607910156
3 (2).jpg,30,768,768,0.9871802926063538
3 (2).jpg,31,1024,768,0.9928313493728638
3 (2).jpg,32,1280,768,0.9954321384429932
3 (2).jpg,33,1536,768,0.9753115773200989
3 (2).jpg,34,1792,768,0.9790539741516113
3 (2).jpg,35,1930,768,0.9757152199745178
3 (2).jpg,36,0,1024,0.9841013550758362
3 (2).jpg,37,256,1024,0.8992083668708801
3 (2).jpg,38,512,1024,0.9638307094573975
3 (2).jpg,39,768,1024,0.9851742386817932
3 (2).jpg,40,1024,1024,0.9926145076751709
3 (2).jpg,41,1280,1024,0.9835082292556763
3 (2).jpg,42,1536,1024,0.9702916741371155
3 (2).jpg,43,1792,1024,0.949964702129364
3 (2).jpg,44,1930,1024,0.909063994884491
3 (2).jpg,45,0,1280,0.9612882733345032
3 (2).jpg,46,256,1280,0.9241433143615723
3 (2).jpg,47,512,1280,0.9551910161972046
3 (2).jpg,48,768,1280,0.9785998463630676
3 (2).jpg,49,1024,1280,0.9842621088027954
3 (2).jpg,50,1280,1280,0.9826691150665283
3 (2).jpg,51,1536,1280,0.9781908988952637
3 (2).jpg,52,1792,1280,0.9595458507537842
3 (2).jpg,53,1930,1280,0.9810571670532227
3 (2).jpg,54,0,1530,0.8125017881393433
3 (2).jpg,55,256,1530,0.978554904460907
3 (2).jpg,56,512,1530,0.99359130859375
3 (2).jpg,57,768,1530,0.9962975382804871
3 (2).jpg,58,1024,1530,0.9969059824943542
3 (2).jpg,59,1280,1530,0.9709485173225403
3 (2).jpg,60,1536,1530,0.9864301681518555
3 (2).jpg,61,1792,1530,0.9849241971969604
3 (2).jpg,62,1930,1530,0.9865518808364868
3 (20).jpg,0,0,0,0.37496820092201233
3 (20).jpg,1,256,0,0.8645561933517456
3 (20).jpg,2,512,0,0.7187075018882751
3 (20).jpg,3,768,0,0.6520780920982361
3 (20).jpg,4,1024,0,0.9908584952354431
3 (20).jpg,5,1280,0,0.9943283200263977
3 (20).jpg,6,1536,0,0.7757821083068848
3 (20).jpg,7,1792,0,0.6257714629173279
3 (20).jpg,8,1930,0,0.6259632706642151
3 (20).jpg,9,0,256,0.45963117480278015
3 (20).jpg,10,256,256,0.8101537227630615
3 (20).jpg,11,512,256,0.7186546325683594
3 (20).jpg,12,768,256,0.8626344203948975
3 (20).jpg,13,1024,256,0.9106498956680298
3 (20).jpg,14,1280,256,0.9025908708572388
3 (20).jpg,15,1536,256,0.9186539053916931
3 (20).jpg,16,1792,256,0.6670846343040466
3 (20).jpg,17,1930,256,0.6875662207603455
3 (20).jpg,18,0,512,0.34873244166374207
3 (20).jpg,19,256,512,0.6645854115486145
3 (20).jpg,20,512,512,0.800574004650116
3 (20).jpg,21,768,512,0.8676883578300476
3 (20).jpg,22,1024,512,0.9223666191101074
3 (20).jpg,23,1280,512,0.9178341627120972
3 (20).jpg,24,1536,512,0.9063372611999512
3 (20).jpg,25,1792,512,0.6015672087669373
3 (20).jpg,26,1930,512,0.6844950914382935
3 (20).jpg,27,0,768,0.2777661681175232
3 (20).jpg,28,256,768,0.5492383241653442
3 (20).jpg,29,512,768,0.6513097286224365
3 (20).jpg,30,768,768,0.9160671234130859
3 (20).jpg,31,1024,768,0.9919968247413635
3 (20).jpg,32,1280,768,0.47528746724128723
3 (20).jpg,33,1536,768,0.3490695357322693
3 (20).jpg,34,1792,768,0.31097832322120667
3 (20).jpg,35,1930,768,0.310849666595459
3 (20).jpg,36,0,1024,0.11643629521131516
3 (20).jpg,37,256,1024,0.31775927543640137
3 (20).jpg,38,512,1024,0.15579117834568024
3 (20).jpg,39,768,1024,0.7064934372901917
3 (20).jpg,40,1024,1024,0.9864416718482971
3 (20).jpg,41,1280,1024,0.4895307719707489
3 (20).jpg,42,1536,1024,0.7390690445899963
3 (20).jpg,43,1792,1024,0.7710855007171631
3 (20).jpg,44,1930,1024,0.5239149332046509
3 (20).jpg,45,0,1280,0.167056143283844
3 (20).jpg,46,256,1280,0.5473760962486267
3 (20).jpg,47,512,1280,0.26871126890182495
3 (20).jpg,48,768,1280,0.05476360768079758
3 (20).jpg,49,1024,1280,0.037192005664110184
3 (20).jpg,50,1280,1280,0.028480956330895424
3 (20).jpg,51,1536,1280,0.16130413115024567
3 (20).jpg,52,1792,1280,0.820152759552002
3 (20).jpg,53,1930,1280,0.7730541825294495
3 (20).jpg,54,0,1530,0.0628894791007042
3 (20).jpg,55,256,1530,0.33955803513526917
3 (20).jpg,56,512,1530,0.5128202438354492
3 (20).jpg,57,768,1530,0.1220368891954422
3 (20).jpg,58,1024,1530,0.19093073904514313
3 (20).jpg,59,1280,1530,0.04297269508242607
3 (20).jpg,60,1536,1530,0.09336661547422409
3 (20).jpg,61,1792,1530,0.35420501232147217
3 (20).jpg,62,1930,1530,0.44367262721061707
3 (3).jpg,0,0,0,0.07781039923429489
3 (3).jpg,1,256,0,0.6027054786682129
3 (3).jpg,2,512,0,0.5346745252609253
3 (3).jpg,3,768,0,0.3983577787876129
3 (3).jpg,4,1024,0,0.5584930777549744
3 (3).jpg,5,1280,0,0.792964518070221
3 (3).jpg,6,1536,0,0.816861629486084
3 (3).jpg,7,1792,0,0.5810540914535522
3 (3).jpg,8,1930,0,0.7965673804283142
3 (3).jpg,9,0,256,0.35940930247306824
3 (3).jpg,10,256,256,0.26465022563934326
3 (3).jpg,11,512,256,0.18045909702777863
3 (3).jpg,12,768,256,0.30202797055244446
3 (3).jpg,13,1024,256,0.45164957642555237
3 (3).jpg,14,1280,256,0.5744407176971436
3 (3).jpg,15,1536,256,0.4149249792098999
3 (3).jpg,16,1792,256,0.6096553802490234
3 (3).jpg,17,1930,256,0.7044156193733215
3 (3).jpg,18,0,512,0.6527585387229919
3 (3).jpg,19,256,512,0.5599765777587891
3 (3).jpg,20,512,512,0.6276237368583679
3 (3).jpg,21,768,512,0.42233219742774963
3 (3).jpg,22,1024,512,0.41711661219596863
3 (3).jpg,23,1280,512,0.30748191475868225
3 (3).jpg,24,1536,512,0.3121371865272522
3 (3).jpg,25,1792,512,0.41985297203063965
3 (3).jpg,26,1930,512,0.6216797828674316
3 (3).jpg,27,0,768,0.42525026202201843
3 (3).jpg,28,256,768,0.39817407727241516
3 (3).jpg,29,512,768,0.32915812730789185
3 (3).jpg,30,768,768,0.39117929339408875
3 (3).jpg,31,1024,768,0.5747490525245667
3 (3).jpg,32,1280,768,0.7984582781791687
3 (3).jpg,33,1536,768,0.012958926148712635
3 (3).jpg,34,1792,768,0.02498728409409523
3 (3).jpg,35,1930,768,0.02041362226009369
3 (3).jpg,36,0,1024,0.3378635048866272
3 (3).jpg,37,256,1024,0.6774022579193115
3 (3).jpg,38,512,1024,0.371163010597229
3 (3).jpg,39,768,1024,0.2625024914741516
3 (3).jpg,40,1024,1024,0.7102234959602356
3 (3).jpg,41,1280,1024,0.6934177875518799
3 (3).jpg,42,1536,1024,0.40225380659103394
3 (3).jpg,43,1792,1024,0.5612895488739014
3 (3).jpg,44,1930,1024,0.4884352385997772
3 (3).jpg,45,0,1280,0.13490115106105804
3 (3).jpg,46,256,1280,0.7112798094749451
3 (3).jpg,47,512,1280,0.9065133333206177
3 (3).jpg,48,768,1280,0.7509454488754272
3 (3).jpg,49,1024,1280,0.6774131059646606
3 (3).jpg,50,1280,1280,0.8396697640419006
3 (3).jpg,51,1536,1280,0.6254070997238159
3 (3).jpg,52,1792,1280,0.4595355987548828
3 (3).jpg,53,1930,1280,0.49519404768943787
3 (3).jpg,54,0,1530,0.3312439024448395
3 (3).jpg,55,256,1530,0.5453184247016907
3 (3).jpg,56,512,1530,0.8235952258110046
3 (3).jpg,57,768,1530,0.4437895715236664
3 (3).jpg,58,1024,1530,0.6785868406295776
3 (3).jpg,59,1280,1530,0.7974042296409607
3 (3).jpg,60,1536,1530,0.6012889742851257
3 (3).jpg,61,1792,1530,0.5515498518943787
3 (3).jpg,62,1930,1530,0.28218474984169006
3 (4).jpg,0,0,0,0.23320716619491577
3 (4).jpg,1,256,0,0.1167134940624237
3 (4).jpg,2,512,0,0.3390096127986908
3 (4).jpg,3,768,0,0.13573989272117615
3 (4).jpg,4,1024,0,0.2330697923898697
3 (4).jpg,5,1280,0,0.5387917757034302
3 (4).jpg,6,1536,0,0.6305490732192993
3 (4).jpg,7,1792,0,0.16923284530639648
3 (4).jpg,8,1930,0,0.07265043258666992
3 (4).jpg,9,0,256,0.43404966592788696
3 (4).jpg,10,256,256,0.4253150522708893
3 (4).jpg,11,512,256,0.42692631483078003
3 (4).jpg,12,768,256,0.2630344331264496
3 (4).jpg,13,1024,256,0.8611204028129578
3 (4).jpg,14,1280,256,0.9766190648078918
3 (4).jpg,15,1536,256,0.9436061978340149
3 (4).jpg,16,1792,256,0.605742871761322
3 (4).jpg,17,1930,256,0.5371222496032715
3 (4).jpg,18,0,512,0.8880683183670044
3 (4).jpg,19,256,512,0.9369544982910156
3 (4).jpg,20,512,512,0.9183139801025391
3 (4).jpg,21,768,512,0.9159510731697083
3 (4).jpg,22,1024,512,0.8749658465385437
3 (4).jpg,23,1280,512,0.9731208086013794
3 (4).jpg,24,1536,512,0.9362067580223083
3 (4).jpg,25,1792,512,0.8007717728614807
3 (4).jpg,26,1930,512,0.7805460691452026
3 (4).jpg,27,0,768,0.9372796416282654
3 (4).jpg,28,256,768,0.9473665952682495
3 (4).jpg,29,512,768,0.9543574452400208
3 (4).jpg,30,768,768,0.9772554039955139
3 (4).jpg,31,1024,768,0.8983509540557861
3 (4).jpg,32,1280,768,0.9581961631774902
3 (4).jpg,33,1536,768,0.5934938788414001
3 (4).jpg,34,1792,768,0.5790346264839172
3 (4).jpg,35,1930,768,0.5333306789398193
3 (4).jpg,36,0,1024,0.03213577717542648
3 (4).jpg,37,256,1024,0.039209697395563126
3 (4).jpg,38,512,1024,0.5948290824890137
3 (4).jpg,39,768,1024,0.6208093762397766
3 (4).jpg,40,1024,1024,0.25439319014549255
3 (4).jpg,41,1280,1024,0.4607711434364319
3 (4).jpg,42,1536,1024,0.1333480030298233
3 (4).jpg,43,1792,1024,0.333566814661026
3 (4).jpg,44,1930,1024,0.2309204488992691
3 (4).jpg,45,0,1280,0.0012748719891533256
3 (4).jpg,46,256,1280,0.08417537808418274
3 (4).jpg,47,512,1280,0.599073588848114
3 (4).jpg,48,768,1280,0.8085344433784485
3 (4).jpg,49,1024,1280,0.1617169976234436
3 (4).jpg,50,1280,1280,0.058736737817525864
3 (4).jpg,51,1536,1280,0.3978765606880188
3 (4).jpg,52,1792,1280,0.6332881450653076
3 (4).jpg,53,1930,1280,0.07663481682538986
3 (4).jpg,54,0,1530,0.06252064555883408
3 (4).jpg,55,256,1530,0.368953138589859
3 (4).jpg,56,512,1530,0.4150394797325134
3 (4).jpg,57,768,1530,0.304637610912323
3 (4).jpg,58,1024,1530,0.08741677552461624
3 (4).jpg,59,1280,1530,0.15078607201576233
3 (4).jpg,60,1536,1530,0.9019864797592163
3 (4).jpg,61,1792,1530,0.8636799454689026
3 (4).jpg,62,1930,1530,0.30039289593696594
3 (5).jpg,0,0,0,0.14432448148727417
3 (5).jpg,1,256,0,0.5913103818893433
3 (5).jpg,2,512,0,0.6355514526367188
3 (5).jpg,3,768,0,0.2702081799507141
3 (5).jpg,4,1024,0,0.3124023675918579
3 (5).jpg,5,1280,0,0.3887225091457367
3 (5).jpg,6,1536,0,0.03401430323719978
3 (5).jpg,7,1792,0,0.2746063470840454
3 (5).jpg,8,1930,0,0.1740141361951828
3 (5).jpg,9,0,256,0.09989412873983383
3 (5).jpg,10,256,256,0.8437229990959167
3 (5).jpg,11,512,256,0.9263439774513245
3 (5).jpg,12,768,256,0.5178921818733215
3 (5).jpg,13,1024,256,0.13706697523593903
3 (5).jpg,14,1280,256,0.2365930825471878
3 (5).jpg,15,1536,256,0.14187082648277283
3 (5).jpg,16,1792,256,0.03433408588171005
3 (5).jpg,17,1930,256,0.25648751854896545
3 (5).jpg,18,0,512,0.2057567685842514
3 (5).jpg,19,256,512,0.6217299699783325
3 (5).jpg,20,512,512,0.6645809412002563
3 (5).jpg,21,768,512,0.43052613735198975
3 (5).jpg,22,1024,512,0.5787193179130554
3 (5).jpg,23,1280,512,0.26215916872024536
3 (5).jpg,24,1536,512,0.43669167160987854
3 (5).jpg,25,1792,512,0.404943585395813
3 (5).jpg,26,1930,512,0.2966611087322235
3 (5).jpg,27,0,768,0.32123419642448425
3 (5).jpg,28,256,768,0.1306382119655609
3 (5).jpg,29,512,768,0.5710015892982483
3 (5).jpg,30,768,768,0.7305708527565002
3 (5).jpg,31,1024,768,0.8084983229637146
3 (5).jpg,32,1280,768,0.8434287905693054
3 (5).jpg,33,1536,768,0.7778627276420593
3 (5).jpg,34,1792,768,0.3677857518196106
3 (5).jpg,35,1930,768,0.12848423421382904
3 (5).jpg,36,0,1024,0.056327346712350845
3 (5).jpg,37,256,1024,0.7576624751091003
3 (5).jpg,38,512,1024,0.8712755441665649
3 (5).jpg,39,768,1024,0.45116138458251953
3 (5).jpg,40,1024,1024,0.6541863679885864
3 (5).jpg,41,1280,1024,0.8035817742347717
3 (5).jpg,42,1536,1024,0.8436919450759888
3 (5).jpg,43,1792,1024,0.8981903195381165
3 (5).jpg,44,1930,1024,0.8162968158721924
3 (5).jpg,45,0,1280,0.19241084158420563
3 (5).jpg,46,256,1280,0.8922172784805298
3 (5).jpg,47,512,1280,0.8520165085792542
3 (5).jpg,48,768,1280,0.42163634300231934
3 (5).jpg,49,1024,1280,0.3245658576488495
3 (5).jpg,50,1280,1280,0.24020960927009583
3 (5).jpg,51,1536,1280,0.8204836249351501
3 (5).jpg,52,1792,1280,0.8815554976463318
3 (5).jpg,53,1930,1280,0.8828732967376709
3 (5).jpg,54,0,1530,0.6067390441894531
3 (5).jpg,55,256,1530,0.6510190367698669
3 (5).jpg,56,512,1530,0.20546525716781616
3 (5).jpg,57,768,1530,0.3841956853866577
3 (5).jpg,58,1024,1530,0.3199719488620758
3 (5).jpg,59,1280,1530,0.10776520520448685
3 (5).jpg,60,1536,1530,0.32351475954055786
3 (5).jpg,61,1792,1530,0.3375157117843628
3 (5).jpg,62,1930,1530,0.27741697430610657
3 (6).jpg,0,0,0,0.2731030285358429
3 (6).jpg,1,256,0,0.26269885897636414
3 (6).jpg,2,512,0,0.2539158761501312
3 (6).jpg,3,768,0,0.8267084956169128
3 (6).jpg,4,1024,0,0.8723171949386597
3 (6).jpg,5,1280,0,0.828956663608551
3 (6).jpg,6,1536,0,0.9162998795509338
3 (6).jpg,7,1792,0,0.6924763917922974
3 (6).jpg,8,1930,0,0.18419140577316284
3 (6).jpg,9,0,256,0.23498213291168213
3 (6).jpg,10,256,256,0.4285939335823059
3 (6).jpg,11,512,256,0.6771188974380493
3 (6).jpg,12,768,256,0.8323802947998047
3 (6).jpg,13,1024,256,0.607800304889679
3 (6).jpg,14,1280,256,0.49205443263053894
3 (6).jpg,15,1536,256,0.6510756611824036
3 (6).jpg,16,1792,256,0.6006298065185547
3 (6).jpg,17,1930,256,0.39747074246406555
3 (6).jpg,18,0,512,0.03468235209584236
3 (6).jpg,19,256,512,0.1766975373029709
3 (6).jpg,20,512,512,0.4395020008087158
3 (6).jpg,21,768,512,0.5330145955085754
3 (6).jpg,22,1024,512,0.8815152049064636
3 (6).jpg,23,1280,512,0.8311086297035217
3 (6).jpg,24,1536,512,0.10302852839231491
3 (6).jpg,25,1792,512,0.1655314713716507
3 (6).jpg,26,1930,512,0.06405659019947052
3 (6).jpg,27,0,768,0.20258337259292603
3 (6).jpg,28,256,768,0.1530044823884964
3 (6).jpg,29,512,768,0.38921067118644714
3 (6).jpg,30,768,768,0.6394304037094116
3 (6).jpg,31,1024,768,0.886040985584259
3 (6).jpg,32,1280,768,0.942163348197937
3 (6).jpg,33,1536,768,0.5765475034713745
3 (6).jpg,34,1792,768,0.8708995580673218
3 (6).jpg,35,1930,768,0.46344444155693054
3 (6).jpg,36,0,1024,0.20934277772903442
3 (6).jpg,37,256,1024,0.4024578630924225
3 (6).jpg,38,512,1024,0.636378824710846
3 (6).jpg,39,768,1024,0.8588801622390747
3 (6).jpg,40,1024,1024,0.7389567494392395
3 (6).jpg,41,1280,1024,0.746719241142273
3 (6).jpg,42,1536,1024,0.653139054775238
3 (6).jpg,43,1792,1024,0.6583504676818848
3 (6).jpg,44,1930,1024,0.30465462803840637
3 (6).jpg,45,0,1280,0.04180946573615074
3 (6).jpg,46,256,1280,0.07695211470127106
3 (6).jpg,47,512,1280,0.3404005765914917
3 (6).jpg,48,768,1280,0.463254451751709
3 (6).jpg,49,1024,1280,0.5080257654190063
3 (6).jpg,50,1280,1280,0.36521369218826294
3 (6).jpg,51,1536,1280,0.4493297338485718
3 (6).jpg,52,1792,1280,0.4209223985671997
3 (6).jpg,53,1930,1280,0.22447927296161652
3 (6).jpg,54,0,1530,0.009213061071932316
3 (6).jpg,55,256,1530,0.05578145757317543
3 (6).jpg,56,512,1530,0.31317856907844543
3 (6).jpg,57,768,1530,0.21670721471309662
3 (6).jpg,58,1024,1530,0.20011727511882782
3 (6).jpg,59,1280,1530,0.1645917147397995
3 (6).jpg,60,1536,1530,0.6949495673179626
3 (6).jpg,61,1792,1530,0.7137923240661621
3 (6).jpg,62,1930,1530,0.2804725468158722
3 (7).jpg,0,0,0,0.0752655640244484
3 (7).jpg,1,256,0,0.5184328556060791
3 (7).jpg,2,512,0,0.9191263318061829
3 (7).jpg,3,768,0,0.8577377796173096
3 (7).jpg,4,1024,0,0.734584629535675
3 (7).jpg,5,1280,0,0.9271873831748962
3 (7).jpg,6,1536,0,0.6037006974220276
3 (7).jpg,7,1792,0,0.34511056542396545
3 (7).jpg,8,1930,0,0.14343920350074768
3 (7).jpg,9,0,256,0.16650517284870148
3 (7).jpg,10,256,256,0.5816454291343689
3 (7).jpg,11,512,256,0.8089949488639832
3 (7).jpg,12,768,256,0.9218141436576843
3 (7).jpg,13,1024,256,0.8830909132957458
3 (7).jpg,14,1280,256,0.9547971487045288
3 (7).jpg,15,1536,256,0.7043176889419556
3 (7).jpg,16,1792,256,0.8027567267417908
3 (7).jpg,17,1930,256,0.9168193936347961
3 (7).jpg,18,0,512,0.6590683460235596
3 (7).jpg,19,256,512,0.6617856621742249
3 (7).jpg,20,512,512,0.4094874858856201
3 (7).jpg,21,768,512,0.40155667066574097
3 (7).jpg,22,1024,512,0.5562414526939392
3 (7).jpg,23,1280,512,0.8354165554046631
3 (7).jpg,24,1536,512,0.827572226524353
3 (7).jpg,25,1792,512,0.6506444811820984
3 (7).jpg,26,1930,512,0.5340667366981506
3 (7).jpg,27,0,768,0.2609543800354004
3 (7).jpg,28,256,768,0.7997030019760132
3 (7).jpg,29,512,768,0.8046796917915344
3 (7).jpg,30,768,768,0.6430965662002563
3 (7).jpg,31,1024,768,0.6902937293052673
3 (7).jpg,32,1280,768,0.734519898891449
3 (7).jpg,33,1536,768,0.6026387214660645
3 (7).jpg,34,1792,768,0.5073834657669067
3 (7).jpg,35,1930,768,0.16982834041118622
3 (7).jpg,36,0,1024,0.07350311428308487
3 (7).jpg,37,256,1024,0.821189284324646
3 (7).jpg,38,512,1024,0.8174992203712463
3 (7).jpg,39,768,1024,0.4838549792766571
3 (7).jpg,40,1024,1024,0.3153781592845917
3 (7).jpg,41,1280,1024,0.40490639209747314
3 (7).jpg,42,1536,1024,0.4154362976551056
3 (7).jpg,43,1792,1024,0.7045594453811646
3 (7).jpg,44,1930,1024,0.6530375480651855
3 (7).jpg,45,0,1280,0.1954393833875656
3 (7).jpg,46,256,1280,0.8519319295883179
3 (7).jpg,47,512,1280,0.6535398960113525
3 (7).jpg,48,768,1280,0.28520286083221436
3 (7).jpg,49,1024,1280,0.39357951283454895
3 (7).jpg,50,1280,1280,0.265692800283432
3 (7).jpg,51,1536,1280,0.3384762108325958
3 (7).jpg,52,1792,1280,0.5113121271133423
3 (7).jpg,53,1930,1280,0.5185554623603821
3 (7).jpg,54,0,1530,0.18488602340221405
3 (7).jpg,55,256,1530,0.19029532372951508
3 (7).jpg,56,512,1530,0.5311160087585449
3 (7).jpg,57,768,1530,0.38524067401885986
3 (7).jpg,58,1024,1530,0.23575995862483978
3 (7).jpg,59,1280,1530,0.2632640600204468
3 (7).jpg,60,1536,1530,0.4982837438583374
3 (7).jpg,61,1792,1530,0.45159661769866943
3 (7).jpg,62,1930,1530,0.14139334857463837
3 (8).jpg,0,0,0,0.2450495958328247
3 (8).jpg,1,256,0,0.9498917460441589
3 (8).jpg,2,512,0,0.9442576169967651
3 (8).jpg,3,768,0,0.19183684885501862
3 (8).jpg,4,1024,0,0.8848497271537781
3 (8).jpg,5,1280,0,0.9430896639823914
3 (8).jpg,6,1536,0,0.1995319426059723
3 (8).jpg,7,1792,0,0.11250610649585724
3 (8).jpg,8,1930,0,0.07983603328466415
3 (8).jpg,9,0,256,0.05113082379102707
3 (8).jpg,10,256,256,0.260637104511261
3 (8).jpg,11,512,256,0.32796841859817505
3 (8).jpg,12,768,256,0.1970590353012085
3 (8).jpg,13,1024,256,0.9280886054039001
3 (8).jpg,14,1280,256,0.9582849740982056
3 (8).jpg,15,1536,256,0.6116225719451904
3 (8).jpg,16,1792,256,0.040907036513090134
3 (8).jpg,17,1930,256,0.07382788509130478
3 (8).jpg,18,0,512,0.01044121291488409
3 (8).jpg,19,256,512,0.177207350730896
3 (8).jpg,20,512,512,0.4704129993915558
3 (8).jpg,21,768,512,0.8749586343765259
3 (8).jpg,22,1024,512,0.7958254218101501
3 (8).jpg,23,1280,512,0.4525196850299835
3 (8).jpg,24,1536,512,0.40144509077072144
3 (8).jpg,25,1792,512,0.2346530258655548
3 (8).jpg,26,1930,512,0.11953765898942947
3 (8).jpg,27,0,768,0.029623478651046753
3 (8).jpg,28,256,768,0.11006724089384079
3 (8).jpg,29,512,768,0.6720964908599854
3 (8).jpg,30,768,768,0.9166347980499268
3 (8).jpg,31,1024,768,0.308752179145813
3 (8).jpg,32,1280,768,0.46233850717544556
3 (8).jpg,33,1536,768,0.20392709970474243
3 (8).jpg,34,1792,768,0.1037970557808876
3 (8).jpg,35,1930,768,0.0740860104560852
3 (8).jpg,36,0,1024,0.021992526948451996
3 (8).jpg,37,256,1024,0.8241048455238342
3 (8).jpg,38,512,1024,0.9636884331703186
3 (8).jpg,39,768,1024,0.42023012042045593
3 (8).jpg,40,1024,1024,0.05331335589289665
3 (8).jpg,41,1280,1024,0.3160099983215332
3 (8).jpg,42,1536,1024,0.2754408121109009
3 (8).jpg,43,1792,1024,0.4107118546962738
3 (8).jpg,44,1930,1024,0.38631030917167664
3 (8).jpg,45,0,1280,0.04275776818394661
3 (8).jpg,46,256,1280,0.9820098280906677
3 (8).jpg,47,512,1280,0.9696249961853027
3 (8).jpg,48,768,1280,0.0314943790435791
3 (8).jpg,49,1024,1280,0.1674715280532837
3 (8).jpg,50,1280,1280,0.7401220798492432
3 (8).jpg,51,1536,1280,0.8248343467712402
3 (8).jpg,52,1792,1280,0.8068485856056213
3 (8).jpg,53,1930,1280,0.6546540856361389
3 (8).jpg,54,0,1530,0.6226676106452942
3 (8).jpg,55,256,1530,0.8999068140983582
3 (8).jpg,56,512,1530,0.6686813235282898
3 (8).jpg,57,768,1530,0.02476404421031475
3 (8).jpg,58,1024,1530,0.13684587180614471
3 (8).jpg,59,1280,1530,0.8178372383117676
3 (8).jpg,60,1536,1530,0.9180555939674377
3 (8).jpg,61,1792,1530,0.862707793712616
3 (8).jpg,62,1930,1530,0.35615572333335876
3 (9).jpg,0,0,0,0.20740540325641632
3 (9).jpg,1,256,0,0.3487210273742676
3 (9).jpg,2,512,0,0.5708370208740234
3 (9).jpg,3,768,0,0.25873667001724243
3 (9).jpg,4,1024,0,0.5175521373748779
3 (9).jpg,5,1280,0,0.8217178583145142
3 (9).jpg,6,1536,0,0.7651819586753845
3 (9).jpg,7,1792,0,0.6619598269462585
3 (9).jpg,8,1930,0,0.2354726344347
3 (9).jpg,9,0,256,0.44999879598617554
3 (9).jpg,10,256,256,0.4141506850719452
3 (9).jpg,11,512,256,0.5418286323547363
3 (9).jpg,12,768,256,0.650039792060852
3 (9).jpg,13,1024,256,0.7684895992279053
3 (9).jpg,14,1280,256,0.8054174780845642
3 (9).jpg,15,1536,256,0.3323768675327301
3 (9).jpg,16,1792,256,0.12403099238872528
3 (9).jpg,17,1930,256,0.202726349234581
3 (9).jpg,18,0,512,0.9376331567764282
3 (9).jpg,19,256,512,0.8791010975837708
3 (9).jpg,20,512,512,0.5365571975708008
3 (9).jpg,21,768,512,0.4976668059825897
3 (9).jpg,22,1024,512,0.6401125192642212
3 (9).jpg,23,1280,512,0.5729749202728271
3 (9).jpg,24,1536,512,0.39186230301856995
3 (9).jpg,25,1792,512,0.3203539550304413
3 (9).jpg,26,1930,512,0.06716658174991608
3 (9).jpg,27,0,768,0.8690558075904846
3 (9).jpg,28,256,768,0.9020438194274902
3 (9).jpg,29,512,768,0.9127491116523743
3 (9).jpg,30,768,768,0.5658077597618103
3 (9).jpg,31,1024,768,0.5514282584190369
3 (9).jpg,32,1280,768,0.822003185749054
3 (9).jpg,33,1536,768,0.626973032951355
3 (9).jpg,34,1792,768,0.42658475041389465
3 (9).jpg,35,1930,768,0.2367641180753708
3 (9).jpg,36,0,1024,0.5629825592041016
3 (9).jpg,37,256,1024,0.847507894039154
3 (9).jpg,38,512,1024,0.695701003074646
3 (9).jpg,39,768,1024,0.7871970534324646
3 (9).jpg,40,1024,1024,0.7880861163139343
3 (9).jpg,41,1280,1024,0.7963947057723999
3 (9).jpg,42,1536,1024,0.7083439826965332
3 (9).jpg,43,1792,1024,0.3422252833843231
3 (9).jpg,44,1930,1024,0.41868025064468384
3 (9).jpg,45,0,1280,0.40077582001686096
3 (9).jpg,46,256,1280,0.7502291798591614
3 (9).jpg,47,512,1280,0.6608385443687439
3 (9).jpg,48,768,1280,0.46401602029800415
3 (9).jpg,49,1024,1280,0.15525127947330475
3 (9).jpg,50,1280,1280,0.1340782344341278
3 (9).jpg,51,1536,1280,0.17028309404850006
3 (9).jpg,52,1792,1280,0.11643045395612717
3 (9).jpg,53,1930,1280,0.15409614145755768
3 (9).jpg,54,0,1530,0.24677856266498566
3 (9).jpg,55,256,1530,0.29051414132118225
3 (9).jpg,56,512,1530,0.6430773735046387
3 (9).jpg,57,768,1530,0.3683551549911499
3 (9).jpg,58,1024,1530,0.13486726582050323
3 (9).jpg,59,1280,1530,0.14224514365196228
3 (9).jpg,60,1536,1530,0.16196748614311218
3 (9).jpg,61,1792,1530,0.13246384263038635
3 (9).jpg,62,1930,1530,0.06656327098608017
