method,threshold,tp,fp,tn,fn,sensitivity,specificity,fp_per_negative
FOV_score_max,0.0,20,20,0,0,1.0,0.0,1.0
FOV_score_max,0.0010000000474974513,20,20,0,0,1.0,0.0,1.0
FOV_score_max,0.0020000000949949026,20,20,0,0,1.0,0.0,1.0
FOV_score_max,0.003000000026077032,20,20,0,0,1.0,0.0,1.0
FOV_score_max,0.004000000189989805,20,20,0,0,1.0,0.0,1.0
FOV_score_max,0.004999999888241291,20,20,0,0,1.0,0.0,1.0
FOV_score_max,0.006000000052154064,20,20,0,0,1.0,0.0,1.0
FOV_score_max,0.007000000216066837,20,20,0,0,1.0,0.0,1.0
FOV_score_max,0.00800000037997961,20,20,0,0,1.0,0.0,1.0
FOV_score_max,0.008999999612569809,20,20,0,0,1.0,0.0,1.0
FOV_score_max,0.009999999776482582,20,20,0,0,1.0,0.0,1.0
FOV_score_max,0.010999999940395355,20,20,0,0,1.0,0.0,1.0
FOV_score_max,0.012000000104308128,20,20,0,0,1.0,0.0,1.0
FOV_score_max,0.013000000268220901,20,20,0,0,1.0,0.0,1.0
FOV_score_max,0.014000000432133675,20,20,0,0,1.0,0.0,1.0
FOV_score_max,0.014999999664723873,20,20,0,0,1.0,0.0,1.0
FOV_score_max,0.01600000075995922,20,20,0,0,1.0,0.0,1.0
FOV_score_max,0.017000000923871994,20,20,0,0,1.0,0.0,1.0
FOV_score_max,0.017999999225139618,20,20,0,0,1.0,0.0,1.0
FOV_score_max,0.01899999938905239,20,20,0,0,1.0,0.0,1.0
FOV_score_max,0.019999999552965164,20,20,0,0,1.0,0.0,1.0
FOV_score_max,0.020999999716877937,20,20,0,0,1.0,0.0,1.0
FOV_score_max,0.02199999988079071,20,20,0,0,1.0,0.0,1.0
FOV_score_max,0.023000000044703484,20,20,0,0,1.0,0.0,1.0
FOV_score_max,0.024000000208616257,20,20,0,0,1.0,0.0,1.0
FOV_score_max,0.02500000037252903,20,20,0,0,1.0,0.0,1.0
FOV_score_max,0.026000000536441803,20,20,0,0,1.0,0.0,1.0
FOV_score_max,0.027000000700354576,20,20,0,0,1.0,0.0,1.0
FOV_score_max,0.02800000086426735,20,20,0,0,1.0,0.0,1.0
FOV_score_max,0.028999999165534973,20,20,0,0,1.0,0.0,1.0
FOV_score_max,0.029999999329447746,20,20,0,0,1.0,0.0,1.0
FOV_score_max,0.03099999949336052,20,20,0,0,1.0,0.0,1.0
FOV_score_max,0.03200000151991844,20,20,0,0,1.0,0.0,1.0
FOV_score_max,0.032999999821186066,20,20,0,0,1.0,0.0,1.0
FOV_score_max,0.03400000184774399,20,20,0,0,1.0,0.0,1.0
FOV_score_max,0.03500000014901161,20,20,0,0,1.0,0.0,1.0
FOV_score_max,0.035999998450279236,20,20,0,0,1.0,0.0,1.0
FOV_score_max,0.03700000047683716,20,20,0,0,1.0,0.0,1.0
FOV_score_max,0.03799999877810478,20,20,0,0,1.0,0.0,1.0
FOV_score_max,0.039000000804662704,20,20,0,0,1.0,0.0,1.0
FOV_score_max,0.03999999910593033,20,20,0,0,1.0,0.0,1.0
FOV_score_max,0.04100000113248825,20,20,0,0,1.0,0.0,1.0
FOV_score_max,0.041999999433755875,20,20,0,0,1.0,0.0,1.0
FOV_score_max,0.0430000014603138,20,20,0,0,1.0,0.0,1.0
FOV_score_max,0.04399999976158142,20,20,0,0,1.0,0.0,1.0
FOV_score_max,0.04500000178813934,20,20,0,0,1.0,0.0,1.0
FOV_score_max,0.04600000008940697,20,20,0,0,1.0,0.0,1.0
FOV_score_max,0.04699999839067459,20,20,0,0,1.0,0.0,1.0
FOV_score_max,0.04800000041723251,20,20,0,0,1.0,0.0,1.0
FOV_score_max,0.04899999871850014,20,20,0,0,1.0,0.0,1.0
FOV_score_max,0.05000000074505806,20,20,0,0,1.0,0.0,1.0
FOV_score_max,0.050999999046325684,20,20,0,0,1.0,0.0,1.0
FOV_score_max,0.052000001072883606,20,20,0,0,1.0,0.0,1.0
FOV_score_max,0.05299999937415123,20,20,0,0,1.0,0.0,1.0
FOV_score_max,0.05400000140070915,20,20,0,0,1.0,0.0,1.0
FOV_score_max,0.054999999701976776,20,20,0,0,1.0,0.0,1.0
FOV_score_max,0.0560000017285347,20,20,0,0,1.0,0.0,1.0
FOV_score_max,0.05700000002980232,20,20,0,0,1.0,0.0,1.0
FOV_score_max,0.057999998331069946,20,20,0,0,1.0,0.0,1.0
FOV_score_max,0.05900000035762787,20,20,0,0,1.0,0.0,1.0
FOV_score_max,0.05999999865889549,20,20,0,0,1.0,0.0,1.0
FOV_score_max,0.061000000685453415,20,20,0,0,1.0,0.0,1.0
FOV_score_max,0.06199999898672104,20,20,0,0,1.0,0.0,1.0
FOV_score_max,0.06300000101327896,20,20,0,0,1.0,0.0,1.0
FOV_score_max,0.06400000303983688,20,20,0,0,1.0,0.0,1.0
FOV_score_max,0.06499999761581421,20,20,0,0,1.0,0.0,1.0
FOV_score_max,0.06599999964237213,20,20,0,0,1.0,0.0,1.0
FOV_score_max,0.06700000166893005,20,20,0,0,1.0,0.0,1.0
FOV_score_max,0.06800000369548798,20,20,0,0,1.0,0.0,1.0
FOV_score_max,0.0689999982714653,20,20,0,0,1.0,0.0,1.0
FOV_score_max,0.07000000029802322,20,20,0,0,1.0,0.0,1.0
FOV_score_max,0.07100000232458115,20,20,0,0,1.0,0.0,1.0
FOV_score_max,0.07199999690055847,20,20,0,0,1.0,0.0,1.0
FOV_score_max,0.0729999989271164,20,20,0,0,1.0,0.0,1.0
FOV_score_max,0.07400000095367432,20,20,0,0,1.0,0.0,1.0
FOV_score_max,0.07500000298023224,20,20,0,0,1.0,0.0,1.0
FOV_score_max,0.07599999755620956,20,20,0,0,1.0,0.0,1.0
FOV_score_max,0.07699999958276749,20,20,0,0,1.0,0.0,1.0
FOV_score_max,0.07800000160932541,20,20,0,0,1.0,0.0,1.0
FOV_score_max,0.07900000363588333,20,20,0,0,1.0,0.0,1.0
FOV_score_max,0.07999999821186066,20,20,0,0,1.0,0.0,1.0
FOV_score_max,0.08100000023841858,20,20,0,0,1.0,0.0,1.0
FOV_score_max,0.0820000022649765,20,20,0,0,1.0,0.0,1.0
FOV_score_max,0.08299999684095383,20,20,0,0,1.0,0.0,1.0
FOV_score_max,0.08399999886751175,20,20,0,0,1.0,0.0,1.0
FOV_score_max,0.08500000089406967,20,20,0,0,1.0,0.0,1.0
FOV_score_max,0.0860000029206276,20,20,0,0,1.0,0.0,1.0
FOV_score_max,0.08699999749660492,20,20,0,0,1.0,0.0,1.0
FOV_score_max,0.08799999952316284,20,20,0,0,1.0,0.0,1.0
FOV_score_max,0.08900000154972076,20,20,0,0,1.0,0.0,1.0
FOV_score_max,0.09000000357627869,20,20,0,0,1.0,0.0,1.0
FOV_score_max,0.09099999815225601,20,20,0,0,1.0,0.0,1.0
FOV_score_max,0.09200000017881393,20,20,0,0,1.0,0.0,1.0
FOV_score_max,0.09300000220537186,20,20,0,0,1.0,0.0,1.0
FOV_score_max,0.09399999678134918,20,20,0,0,1.0,0.0,1.0
FOV_score_max,0.0949999988079071,20,20,0,0,1.0,0.0,1.0
FOV_score_max,0.09600000083446503,20,20,0,0,1.0,0.0,1.0
FOV_score_max,0.09700000286102295,20,20,0,0,1.0,0.0,1.0
FOV_score_max,0.09799999743700027,20,20,0,0,1.0,0.0,1.0
FOV_score_max,0.0989999994635582,20,20,0,0,1.0,0.0,1.0
FOV_score_max,0.10000000149011612,20,20,0,0,1.0,0.0,1.0
FOV_score_max,0.10100000351667404,20,20,0,0,1.0,0.0,1.0
FOV_score_max,0.10199999809265137,20,20,0,0,1.0,0.0,1.0
FOV_score_max,0.10300000011920929,20,20,0,0,1.0,0.0,1.0
FOV_score_max,0.10400000214576721,20,20,0,0,1.0,0.0,1.0
FOV_score_max,0.10499999672174454,20,20,0,0,1.0,0.0,1.0
FOV_score_max,0.10599999874830246,20,20,0,0,1.0,0.0,1.0
FOV_score_max,0.10700000077486038,20,20,0,0,1.0,0.0,1.0
FOV_score_max,0.1080000028014183,20,20,0,0,1.0,0.0,1.0
FOV_score_max,0.10899999737739563,20,20,0,0,1.0,0.0,1.0
FOV_score_max,0.10999999940395355,20,20,0,0,1.0,0.0,1.0
FOV_score_max,0.11100000143051147,20,20,0,0,1.0,0.0,1.0
FOV_score_max,0.1120000034570694,20,20,0,0,1.0,0.0,1.0
FOV_score_max,0.11299999803304672,20,20,0,0,1.0,0.0,1.0
FOV_score_max,0.11400000005960464,20,20,0,0,1.0,0.0,1.0
FOV_score_max,0.11500000208616257,20,20,0,0,1.0,0.0,1.0
FOV_score_max,0.11599999666213989,20,20,0,0,1.0,0.0,1.0
FOV_score_max,0.11699999868869781,20,20,0,0,1.0,0.0,1.0
FOV_score_max,0.11800000071525574,20,20,0,0,1.0,0.0,1.0
FOV_score_max,0.11900000274181366,20,20,0,0,1.0,0.0,1.0
FOV_score_max,0.11999999731779099,20,20,0,0,1.0,0.0,1.0
FOV_score_max,0.12099999934434891,20,20,0,0,1.0,0.0,1.0
FOV_score_max,0.12200000137090683,20,20,0,0,1.0,0.0,1.0
FOV_score_max,0.12300000339746475,20,20,0,0,1.0,0.0,1.0
FOV_score_max,0.12399999797344208,20,20,0,0,1.0,0.0,1.0
FOV_score_max,0.125,20,20,0,0,1.0,0.0,1.0
FOV_score_max,0.12600000202655792,20,20,0,0,1.0,0.0,1.0
FOV_score_max,0.12700000405311584,20,20,0,0,1.0,0.0,1.0
FOV_score_max,0.12800000607967377,20,20,0,0,1.0,0.0,1.0
FOV_score_max,0.1289999932050705,20,20,0,0,1.0,0.0,1.0
FOV_score_max,0.12999999523162842,20,20,0,0,1.0,0.0,1.0
FOV_score_max,0.13099999725818634,20,20,0,0,1.0,0.0,1.0
FOV_score_max,0.13199999928474426,20,20,0,0,1.0,0.0,1.0
FOV_score_max,0.13300000131130219,20,20,0,0,1.0,0.0,1.0
FOV_score_max,0.1340000033378601,20,20,0,0,1.0,0.0,1.0
FOV_score_max,0.13500000536441803,20,20,0,0,1.0,0.0,1.0
FOV_score_max,0.13600000739097595,20,20,0,0,1.0,0.0,1.0
FOV_score_max,0.13699999451637268,20,20,0,0,1.0,0.0,1.0
FOV_score_max,0.1379999965429306,20,20,0,0,1.0,0.0,1.0
FOV_score_max,0.13899999856948853,20,20,0,0,1.0,0.0,1.0
FOV_score_max,0.14000000059604645,20,20,0,0,1.0,0.0,1.0
FOV_score_max,0.14100000262260437,20,20,0,0,1.0,0.0,1.0
FOV_score_max,0.1420000046491623,20,20,0,0,1.0,0.0,1.0
FOV_score_max,0.14300000667572021,20,20,0,0,1.0,0.0,1.0
FOV_score_max,0.14399999380111694,20,20,0,0,1.0,0.0,1.0
FOV_score_max,0.14499999582767487,20,20,0,0,1.0,0.0,1.0
FOV_score_max,0.1459999978542328,20,20,0,0,1.0,0.0,1.0
FOV_score_max,0.1469999998807907,20,20,0,0,1.0,0.0,1.0
FOV_score_max,0.14800000190734863,20,20,0,0,1.0,0.0,1.0
FOV_score_max,0.14900000393390656,20,20,0,0,1.0,0.0,1.0
FOV_score_max,0.15000000596046448,20,20,0,0,1.0,0.0,1.0
FOV_score_max,0.1509999930858612,20,20,0,0,1.0,0.0,1.0
FOV_score_max,0.15199999511241913,20,20,0,0,1.0,0.0,1.0
FOV_score_max,0.15299999713897705,20,20,0,0,1.0,0.0,1.0
FOV_score_max,0.15399999916553497,20,20,0,0,1.0,0.0,1.0
FOV_score_max,0.1550000011920929,20,20,0,0,1.0,0.0,1.0
FOV_score_max,0.15600000321865082,20,20,0,0,1.0,0.0,1.0
FOV_score_max,0.15700000524520874,20,20,0,0,1.0,0.0,1.0
FOV_score_max,0.15800000727176666,20,20,0,0,1.0,0.0,1.0
FOV_score_max,0.1589999943971634,20,20,0,0,1.0,0.0,1.0
FOV_score_max,0.1599999964237213,20,20,0,0,1.0,0.0,1.0
FOV_score_max,0.16099999845027924,20,20,0,0,1.0,0.0,1.0
FOV_score_max,0.16200000047683716,20,20,0,0,1.0,0.0,1.0
FOV_score_max,0.16300000250339508,20,20,0,0,1.0,0.0,1.0
FOV_score_max,0.164000004529953,20,20,0,0,1.0,0.0,1.0
FOV_score_max,0.16500000655651093,20,20,0,0,1.0,0.0,1.0
FOV_score_max,0.16599999368190765,20,20,0,0,1.0,0.0,1.0
FOV_score_max,0.16699999570846558,20,20,0,0,1.0,0.0,1.0
FOV_score_max,0.1679999977350235,20,20,0,0,1.0,0.0,1.0
FOV_score_max,0.16899999976158142,20,20,0,0,1.0,0.0,1.0
FOV_score_max,0.17000000178813934,20,20,0,0,1.0,0.0,1.0
FOV_score_max,0.17100000381469727,20,20,0,0,1.0,0.0,1.0
FOV_score_max,0.1720000058412552,20,20,0,0,1.0,0.0,1.0
FOV_score_max,0.17299999296665192,20,20,0,0,1.0,0.0,1.0
FOV_score_max,0.17399999499320984,20,20,0,0,1.0,0.0,1.0
FOV_score_max,0.17499999701976776,20,20,0,0,1.0,0.0,1.0
FOV_score_max,0.17599999904632568,20,20,0,0,1.0,0.0,1.0
FOV_score_max,0.1770000010728836,20,20,0,0,1.0,0.0,1.0
FOV_score_max,0.17800000309944153,20,20,0,0,1.0,0.0,1.0
FOV_score_max,0.17900000512599945,20,20,0,0,1.0,0.0,1.0
FOV_score_max,0.18000000715255737,20,20,0,0,1.0,0.0,1.0
FOV_score_max,0.1809999942779541,20,20,0,0,1.0,0.0,1.0
FOV_score_max,0.18199999630451202,20,20,0,0,1.0,0.0,1.0
FOV_score_max,0.18299999833106995,20,20,0,0,1.0,0.0,1.0
FOV_score_max,0.18400000035762787,20,20,0,0,1.0,0.0,1.0
FOV_score_max,0.1850000023841858,20,20,0,0,1.0,0.0,1.0
FOV_score_max,0.1860000044107437,20,20,0,0,1.0,0.0,1.0
FOV_score_max,0.18700000643730164,20,20,0,0,1.0,0.0,1.0
FOV_score_max,0.18799999356269836,20,20,0,0,1.0,0.0,1.0
FOV_score_max,0.1889999955892563,20,20,0,0,1.0,0.0,1.0
FOV_score_max,0.1899999976158142,20,20,0,0,1.0,0.0,1.0
FOV_score_max,0.19099999964237213,20,20,0,0,1.0,0.0,1.0
FOV_score_max,0.19200000166893005,20,20,0,0,1.0,0.0,1.0
FOV_score_max,0.19300000369548798,20,20,0,0,1.0,0.0,1.0
FOV_score_max,0.1940000057220459,20,20,0,0,1.0,0.0,1.0
FOV_score_max,0.19499999284744263,20,20,0,0,1.0,0.0,1.0
FOV_score_max,0.19599999487400055,20,20,0,0,1.0,0.0,1.0
FOV_score_max,0.19699999690055847,20,20,0,0,1.0,0.0,1.0
FOV_score_max,0.1979999989271164,20,20,0,0,1.0,0.0,1.0
FOV_score_max,0.19900000095367432,20,20,0,0,1.0,0.0,1.0
FOV_score_max,0.20000000298023224,20,20,0,0,1.0,0.0,1.0
FOV_score_max,0.20100000500679016,20,20,0,0,1.0,0.0,1.0
FOV_score_max,0.20200000703334808,20,20,0,0,1.0,0.0,1.0
FOV_score_max,0.2029999941587448,20,20,0,0,1.0,0.0,1.0
FOV_score_max,0.20399999618530273,20,20,0,0,1.0,0.0,1.0
FOV_score_max,0.20499999821186066,20,20,0,0,1.0,0.0,1.0
FOV_score_max,0.20600000023841858,20,20,0,0,1.0,0.0,1.0
FOV_score_max,0.2070000022649765,20,20,0,0,1.0,0.0,1.0
FOV_score_max,0.20800000429153442,20,20,0,0,1.0,0.0,1.0
FOV_score_max,0.20900000631809235,20,20,0,0,1.0,0.0,1.0
FOV_score_max,0.20999999344348907,20,20,0,0,1.0,0.0,1.0
FOV_score_max,0.210999995470047,20,20,0,0,1.0,0.0,1.0
FOV_score_max,0.21199999749660492,20,20,0,0,1.0,0.0,1.0
FOV_score_max,0.21299999952316284,20,20,0,0,1.0,0.0,1.0
FOV_score_max,0.21400000154972076,20,20,0,0,1.0,0.0,1.0
FOV_score_max,0.2150000035762787,20,20,0,0,1.0,0.0,1.0
FOV_score_max,0.2160000056028366,20,20,0,0,1.0,0.0,1.0
FOV_score_max,0.21699999272823334,20,20,0,0,1.0,0.0,1.0
FOV_score_max,0.21799999475479126,20,20,0,0,1.0,0.0,1.0
FOV_score_max,0.21899999678134918,20,20,0,0,1.0,0.0,1.0
FOV_score_max,0.2199999988079071,20,20,0,0,1.0,0.0,1.0
FOV_score_max,0.22100000083446503,20,20,0,0,1.0,0.0,1.0
FOV_score_max,0.22200000286102295,20,20,0,0,1.0,0.0,1.0
FOV_score_max,0.22300000488758087,20,20,0,0,1.0,0.0,1.0
FOV_score_max,0.2240000069141388,20,20,0,0,1.0,0.0,1.0
FOV_score_max,0.22499999403953552,20,20,0,0,1.0,0.0,1.0
FOV_score_max,0.22599999606609344,20,20,0,0,1.0,0.0,1.0
FOV_score_max,0.22699999809265137,20,20,0,0,1.0,0.0,1.0
FOV_score_max,0.2280000001192093,20,20,0,0,1.0,0.0,1.0
FOV_score_max,0.2290000021457672,20,20,0,0,1.0,0.0,1.0
FOV_score_max,0.23000000417232513,20,20,0,0,1.0,0.0,1.0
FOV_score_max,0.23100000619888306,20,20,0,0,1.0,0.0,1.0
FOV_score_max,0.23199999332427979,20,20,0,0,1.0,0.0,1.0
FOV_score_max,0.2329999953508377,20,20,0,0,1.0,0.0,1.0
FOV_score_max,0.23399999737739563,20,20,0,0,1.0,0.0,1.0
FOV_score_max,0.23499999940395355,20,20,0,0,1.0,0.0,1.0
FOV_score_max,0.23600000143051147,20,20,0,0,1.0,0.0,1.0
FOV_score_max,0.2370000034570694,20,20,0,0,1.0,0.0,1.0
FOV_score_max,0.23800000548362732,20,20,0,0,1.0,0.0,1.0
FOV_score_max,0.23899999260902405,20,20,0,0,1.0,0.0,1.0
FOV_score_max,0.23999999463558197,20,20,0,0,1.0,0.0,1.0
FOV_score_max,0.2409999966621399,20,20,0,0,1.0,0.0,1.0
FOV_score_max,0.24199999868869781,20,20,0,0,1.0,0.0,1.0
FOV_score_max,0.24300000071525574,20,20,0,0,1.0,0.0,1.0
FOV_score_max,0.24400000274181366,20,20,0,0,1.0,0.0,1.0
FOV_score_max,0.24500000476837158,20,20,0,0,1.0,0.0,1.0
FOV_score_max,0.2460000067949295,20,20,0,0,1.0,0.0,1.0
FOV_score_max,0.24699999392032623,20,20,0,0,1.0,0.0,1.0
FOV_score_max,0.24799999594688416,20,20,0,0,1.0,0.0,1.0
FOV_score_max,0.24899999797344208,20,20,0,0,1.0,0.0,1.0
FOV_score_max,0.25,20,20,0,0,1.0,0.0,1.0
FOV_score_max,0.25099998712539673,20,20,0,0,1.0,0.0,1.0
FOV_score_max,0.25200000405311584,20,20,0,0,1.0,0.0,1.0
FOV_score_max,0.2529999911785126,20,20,0,0,1.0,0.0,1.0
FOV_score_max,0.2540000081062317,20,20,0,0,1.0,0.0,1.0
FOV_score_max,0.2549999952316284,20,20,0,0,1.0,0.0,1.0
FOV_score_max,0.25600001215934753,20,20,0,0,1.0,0.0,1.0
FOV_score_max,0.25699999928474426,20,20,0,0,1.0,0.0,1.0
FOV_score_max,0.257999986410141,20,20,0,0,1.0,0.0,1.0
FOV_score_max,0.2590000033378601,20,20,0,0,1.0,0.0,1.0
FOV_score_max,0.25999999046325684,20,20,0,0,1.0,0.0,1.0
FOV_score_max,0.26100000739097595,20,20,0,0,1.0,0.0,1.0
FOV_score_max,0.2619999945163727,20,20,0,0,1.0,0.0,1.0
FOV_score_max,0.2630000114440918,20,20,0,0,1.0,0.0,1.0
FOV_score_max,0.2639999985694885,20,20,0,0,1.0,0.0,1.0
FOV_score_max,0.26499998569488525,20,20,0,0,1.0,0.0,1.0
FOV_score_max,0.26600000262260437,20,20,0,0,1.0,0.0,1.0
FOV_score_max,0.2669999897480011,20,20,0,0,1.0,0.0,1.0
FOV_score_max,0.2680000066757202,20,20,0,0,1.0,0.0,1.0
FOV_score_max,0.26899999380111694,20,20,0,0,1.0,0.0,1.0
FOV_score_max,0.27000001072883606,20,20,0,0,1.0,0.0,1.0
FOV_score_max,0.2709999978542328,20,20,0,0,1.0,0.0,1.0
FOV_score_max,0.2720000147819519,20,20,0,0,1.0,0.0,1.0
FOV_score_max,0.27300000190734863,20,20,0,0,1.0,0.0,1.0
FOV_score_max,0.27399998903274536,20,20,0,0,1.0,0.0,1.0
FOV_score_max,0.2750000059604645,20,20,0,0,1.0,0.0,1.0
FOV_score_max,0.2759999930858612,20,20,0,0,1.0,0.0,1.0
FOV_score_max,0.2770000100135803,20,20,0,0,1.0,0.0,1.0
FOV_score_max,0.27799999713897705,20,20,0,0,1.0,0.0,1.0
FOV_score_max,0.27900001406669617,20,20,0,0,1.0,0.0,1.0
FOV_score_max,0.2800000011920929,20,20,0,0,1.0,0.0,1.0
FOV_score_max,0.2809999883174896,20,20,0,0,1.0,0.0,1.0
FOV_score_max,0.28200000524520874,20,20,0,0,1.0,0.0,1.0
FOV_score_max,0.28299999237060547,20,20,0,0,1.0,0.0,1.0
FOV_score_max,0.2840000092983246,20,20,0,0,1.0,0.0,1.0
FOV_score_max,0.2849999964237213,20,20,0,0,1.0,0.0,1.0
FOV_score_max,0.28600001335144043,20,20,0,0,1.0,0.0,1.0
FOV_score_max,0.28700000047683716,20,20,0,0,1.0,0.0,1.0
FOV_score_max,0.2879999876022339,20,20,0,0,1.0,0.0,1.0
FOV_score_max,0.289000004529953,20,20,0,0,1.0,0.0,1.0
FOV_score_max,0.28999999165534973,20,20,0,0,1.0,0.0,1.0
FOV_score_max,0.29100000858306885,20,20,0,0,1.0,0.0,1.0
FOV_score_max,0.2919999957084656,20,20,0,0,1.0,0.0,1.0
FOV_score_max,0.2930000126361847,20,20,0,0,1.0,0.0,1.0
FOV_score_max,0.2939999997615814,20,20,0,0,1.0,0.0,1.0
FOV_score_max,0.29499998688697815,20,20,0,0,1.0,0.0,1.0
FOV_score_max,0.29600000381469727,20,20,0,0,1.0,0.0,1.0
FOV_score_max,0.296999990940094,20,20,0,0,1.0,0.0,1.0
FOV_score_max,0.2980000078678131,20,20,0,0,1.0,0.0,1.0
FOV_score_max,0.29899999499320984,20,20,0,0,1.0,0.0,1.0
FOV_score_max,0.30000001192092896,20,20,0,0,1.0,0.0,1.0
FOV_score_max,0.3009999990463257,20,20,0,0,1.0,0.0,1.0
FOV_score_max,0.3019999861717224,20,20,0,0,1.0,0.0,1.0
FOV_score_max,0.30300000309944153,20,20,0,0,1.0,0.0,1.0
FOV_score_max,0.30399999022483826,20,20,0,0,1.0,0.0,1.0
FOV_score_max,0.3050000071525574,20,20,0,0,1.0,0.0,1.0
FOV_score_max,0.3059999942779541,20,20,0,0,1.0,0.0,1.0
FOV_score_max,0.3070000112056732,20,20,0,0,1.0,0.0,1.0
FOV_score_max,0.30799999833106995,20,20,0,0,1.0,0.0,1.0
FOV_score_max,0.3089999854564667,20,20,0,0,1.0,0.0,1.0
FOV_score_max,0.3100000023841858,20,20,0,0,1.0,0.0,1.0
FOV_score_max,0.3109999895095825,20,20,0,0,1.0,0.0,1.0
FOV_score_max,0.31200000643730164,20,20,0,0,1.0,0.0,1.0
FOV_score_max,0.31299999356269836,20,20,0,0,1.0,0.0,1.0
FOV_score_max,0.3140000104904175,20,20,0,0,1.0,0.0,1.0
FOV_score_max,0.3149999976158142,20,20,0,0,1.0,0.0,1.0
FOV_score_max,0.3160000145435333,20,20,0,0,1.0,0.0,1.0
FOV_score_max,0.31700000166893005,20,20,0,0,1.0,0.0,1.0
FOV_score_max,0.3179999887943268,20,20,0,0,1.0,0.0,1.0
FOV_score_max,0.3190000057220459,20,20,0,0,1.0,0.0,1.0
FOV_score_max,0.3199999928474426,20,20,0,0,1.0,0.0,1.0
FOV_score_max,0.32100000977516174,20,20,0,0,1.0,0.0,1.0
FOV_score_max,0.32199999690055847,20,20,0,0,1.0,0.0,1.0
FOV_score_max,0.3230000138282776,20,20,0,0,1.0,0.0,1.0
FOV_score_max,0.3240000009536743,20,20,0,0,1.0,0.0,1.0
FOV_score_max,0.32499998807907104,20,20,0,0,1.0,0.0,1.0
FOV_score_max,0.32600000500679016,20,20,0,0,1.0,0.0,1.0
FOV_score_max,0.3269999921321869,20,20,0,0,1.0,0.0,1.0
FOV_score_max,0.328000009059906,20,20,0,0,1.0,0.0,1.0
FOV_score_max,0.32899999618530273,20,20,0,0,1.0,0.0,1.0
FOV_score_max,0.33000001311302185,20,20,0,0,1.0,0.0,1.0
FOV_score_max,0.3310000002384186,20,20,0,0,1.0,0.0,1.0
FOV_score_max,0.3319999873638153,20,20,0,0,1.0,0.0,1.0
FOV_score_max,0.3330000042915344,20,20,0,0,1.0,0.0,1.0
FOV_score_max,0.33399999141693115,20,20,0,0,1.0,0.0,1.0
FOV_score_max,0.33500000834465027,20,20,0,0,1.0,0.0,1.0
FOV_score_max,0.335999995470047,20,20,0,0,1.0,0.0,1.0
FOV_score_max,0.3370000123977661,20,20,0,0,1.0,0.0,1.0
FOV_score_max,0.33799999952316284,20,20,0,0,1.0,0.0,1.0
FOV_score_max,0.33899998664855957,20,20,0,0,1.0,0.0,1.0
FOV_score_max,0.3400000035762787,20,20,0,0,1.0,0.0,1.0
FOV_score_max,0.3409999907016754,20,20,0,0,1.0,0.0,1.0
FOV_score_max,0.34200000762939453,20,20,0,0,1.0,0.0,1.0
FOV_score_max,0.34299999475479126,20,20,0,0,1.0,0.0,1.0
FOV_score_max,0.3440000116825104,20,20,0,0,1.0,0.0,1.0
FOV_score_max,0.3449999988079071,20,20,0,0,1.0,0.0,1.0
FOV_score_max,0.34599998593330383,20,20,0,0,1.0,0.0,1.0
FOV_score_max,0.34700000286102295,20,20,0,0,1.0,0.0,1.0
FOV_score_max,0.3479999899864197,20,20,0,0,1.0,0.0,1.0
FOV_score_max,0.3490000069141388,20,20,0,0,1.0,0.0,1.0
FOV_score_max,0.3499999940395355,20,20,0,0,1.0,0.0,1.0
FOV_score_max,0.35100001096725464,20,20,0,0,1.0,0.0,1.0
FOV_score_max,0.35199999809265137,20,20,0,0,1.0,0.0,1.0
FOV_score_max,0.3529999852180481,20,20,0,0,1.0,0.0,1.0
FOV_score_max,0.3540000021457672,20,20,0,0,1.0,0.0,1.0
FOV_score_max,0.35499998927116394,20,20,0,0,1.0,0.0,1.0
FOV_score_max,0.35600000619888306,20,20,0,0,1.0,0.0,1.0
FOV_score_max,0.3569999933242798,20,20,0,0,1.0,0.0,1.0
FOV_score_max,0.3580000102519989,20,20,0,0,1.0,0.0,1.0
FOV_score_max,0.35899999737739563,20,20,0,0,1.0,0.0,1.0
FOV_score_max,0.36000001430511475,20,20,0,0,1.0,0.0,1.0
FOV_score_max,0.3610000014305115,20,20,0,0,1.0,0.0,1.0
FOV_score_max,0.3619999885559082,20,20,0,0,1.0,0.0,1.0
FOV_score_max,0.3630000054836273,20,20,0,0,1.0,0.0,1.0
FOV_score_max,0.36399999260902405,20,20,0,0,1.0,0.0,1.0
FOV_score_max,0.36500000953674316,20,20,0,0,1.0,0.0,1.0
FOV_score_max,0.3659999966621399,20,20,0,0,1.0,0.0,1.0
FOV_score_max,0.367000013589859,20,20,0,0,1.0,0.0,1.0
FOV_score_max,0.36800000071525574,20,20,0,0,1.0,0.0,1.0
FOV_score_max,0.36899998784065247,20,20,0,0,1.0,0.0,1.0
FOV_score_max,0.3700000047683716,20,20,0,0,1.0,0.0,1.0
FOV_score_max,0.3709999918937683,20,20,0,0,1.0,0.0,1.0
FOV_score_max,0.3720000088214874,20,20,0,0,1.0,0.0,1.0
FOV_score_max,0.37299999594688416,20,20,0,0,1.0,0.0,1.0
FOV_score_max,0.37400001287460327,20,20,0,0,1.0,0.0,1.0
FOV_score_max,0.375,20,20,0,0,1.0,0.0,1.0
FOV_score_max,0.37599998712539673,20,20,0,0,1.0,0.0,1.0
FOV_score_max,0.37700000405311584,20,20,0,0,1.0,0.0,1.0
FOV_score_max,0.3779999911785126,20,20,0,0,1.0,0.0,1.0
FOV_score_max,0.3790000081062317,20,20,0,0,1.0,0.0,1.0
FOV_score_max,0.3799999952316284,20,20,0,0,1.0,0.0,1.0
FOV_score_max,0.38100001215934753,20,20,0,0,1.0,0.0,1.0
FOV_score_max,0.38199999928474426,20,20,0,0,1.0,0.0,1.0
FOV_score_max,0.382999986410141,20,20,0,0,1.0,0.0,1.0
FOV_score_max,0.3840000033378601,20,20,0,0,1.0,0.0,1.0
FOV_score_max,0.38499999046325684,20,20,0,0,1.0,0.0,1.0
FOV_score_max,0.38600000739097595,20,20,0,0,1.0,0.0,1.0
FOV_score_max,0.3869999945163727,20,20,0,0,1.0,0.0,1.0
FOV_score_max,0.3880000114440918,20,20,0,0,1.0,0.0,1.0
FOV_score_max,0.3889999985694885,20,20,0,0,1.0,0.0,1.0
FOV_score_max,0.38999998569488525,20,20,0,0,1.0,0.0,1.0
FOV_score_max,0.39100000262260437,20,20,0,0,1.0,0.0,1.0
FOV_score_max,0.3919999897480011,20,20,0,0,1.0,0.0,1.0
FOV_score_max,0.3930000066757202,20,20,0,0,1.0,0.0,1.0
FOV_score_max,0.39399999380111694,20,20,0,0,1.0,0.0,1.0
FOV_score_max,0.39500001072883606,20,20,0,0,1.0,0.0,1.0
FOV_score_max,0.3959999978542328,20,20,0,0,1.0,0.0,1.0
FOV_score_max,0.3970000147819519,20,20,0,0,1.0,0.0,1.0
FOV_score_max,0.39800000190734863,20,20,0,0,1.0,0.0,1.0
FOV_score_max,0.39899998903274536,20,20,0,0,1.0,0.0,1.0
FOV_score_max,0.4000000059604645,20,20,0,0,1.0,0.0,1.0
FOV_score_max,0.4009999930858612,20,20,0,0,1.0,0.0,1.0
FOV_score_max,0.4020000100135803,20,20,0,0,1.0,0.0,1.0
FOV_score_max,0.40299999713897705,20,20,0,0,1.0,0.0,1.0
FOV_score_max,0.40400001406669617,20,20,0,0,1.0,0.0,1.0
FOV_score_max,0.4050000011920929,20,20,0,0,1.0,0.0,1.0
FOV_score_max,0.4059999883174896,20,20,0,0,1.0,0.0,1.0
FOV_score_max,0.40700000524520874,20,20,0,0,1.0,0.0,1.0
FOV_score_max,0.40799999237060547,20,20,0,0,1.0,0.0,1.0
FOV_score_max,0.4090000092983246,20,20,0,0,1.0,0.0,1.0
FOV_score_max,0.4099999964237213,20,20,0,0,1.0,0.0,1.0
FOV_score_max,0.41100001335144043,20,20,0,0,1.0,0.0,1.0
FOV_score_max,0.41200000047683716,20,20,0,0,1.0,0.0,1.0
FOV_score_max,0.4129999876022339,20,20,0,0,1.0,0.0,1.0
FOV_score_max,0.414000004529953,20,20,0,0,1.0,0.0,1.0
FOV_score_max,0.41499999165534973,20,20,0,0,1.0,0.0,1.0
FOV_score_max,0.41600000858306885,20,20,0,0,1.0,0.0,1.0
FOV_score_max,0.4169999957084656,20,20,0,0,1.0,0.0,1.0
FOV_score_max,0.4180000126361847,20,20,0,0,1.0,0.0,1.0
FOV_score_max,0.4189999997615814,20,20,0,0,1.0,0.0,1.0
FOV_score_max,0.41999998688697815,20,20,0,0,1.0,0.0,1.0
FOV_score_max,0.42100000381469727,20,20,0,0,1.0,0.0,1.0
FOV_score_max,0.421999990940094,20,20,0,0,1.0,0.0,1.0
FOV_score_max,0.4230000078678131,20,20,0,0,1.0,0.0,1.0
FOV_score_max,0.42399999499320984,20,20,0,0,1.0,0.0,1.0
FOV_score_max,0.42500001192092896,20,20,0,0,1.0,0.0,1.0
FOV_score_max,0.4259999990463257,20,20,0,0,1.0,0.0,1.0
FOV_score_max,0.4269999861717224,20,20,0,0,1.0,0.0,1.0
FOV_score_max,0.42800000309944153,20,20,0,0,1.0,0.0,1.0
FOV_score_max,0.42899999022483826,20,20,0,0,1.0,0.0,1.0
FOV_score_max,0.4300000071525574,20,20,0,0,1.0,0.0,1.0
FOV_score_max,0.4309999942779541,20,20,0,0,1.0,0.0,1.0
FOV_score_max,0.4320000112056732,20,20,0,0,1.0,0.0,1.0
FOV_score_max,0.43299999833106995,20,20,0,0,1.0,0.0,1.0
FOV_score_max,0.4339999854564667,20,20,0,0,1.0,0.0,1.0
FOV_score_max,0.4350000023841858,20,20,0,0,1.0,0.0,1.0
FOV_score_max,0.4359999895095825,20,20,0,0,1.0,0.0,1.0
FOV_score_max,0.43700000643730164,20,20,0,0,1.0,0.0,1.0
FOV_score_max,0.43799999356269836,20,20,0,0,1.0,0.0,1.0
FOV_score_max,0.4390000104904175,20,20,0,0,1.0,0.0,1.0
FOV_score_max,0.4399999976158142,20,20,0,0,1.0,0.0,1.0
FOV_score_max,0.4410000145435333,20,20,0,0,1.0,0.0,1.0
FOV_score_max,0.44200000166893005,20,20,0,0,1.0,0.0,1.0
FOV_score_max,0.4429999887943268,20,20,0,0,1.0,0.0,1.0
FOV_score_max,0.4440000057220459,20,20,0,0,1.0,0.0,1.0
FOV_score_max,0.4449999928474426,20,20,0,0,1.0,0.0,1.0
FOV_score_max,0.44600000977516174,20,20,0,0,1.0,0.0,1.0
FOV_score_max,0.44699999690055847,20,20,0,0,1.0,0.0,1.0
FOV_score_max,0.4480000138282776,20,20,0,0,1.0,0.0,1.0
FOV_score_max,0.4490000009536743,20,20,0,0,1.0,0.0,1.0
FOV_score_max,0.44999998807907104,20,20,0,0,1.0,0.0,1.0
FOV_score_max,0.45100000500679016,20,20,0,0,1.0,0.0,1.0
FOV_score_max,0.4519999921321869,20,20,0,0,1.0,0.0,1.0
FOV_score_max,0.453000009059906,20,20,0,0,1.0,0.0,1.0
FOV_score_max,0.45399999618530273,20,20,0,0,1.0,0.0,1.0
FOV_score_max,0.45500001311302185,20,20,0,0,1.0,0.0,1.0
FOV_score_max,0.4560000002384186,20,20,0,0,1.0,0.0,1.0
FOV_score_max,0.4569999873638153,20,20,0,0,1.0,0.0,1.0
FOV_score_max,0.4580000042915344,20,20,0,0,1.0,0.0,1.0
FOV_score_max,0.45899999141693115,20,20,0,0,1.0,0.0,1.0
FOV_score_max,0.46000000834465027,20,20,0,0,1.0,0.0,1.0
FOV_score_max,0.460999995470047,20,20,0,0,1.0,0.0,1.0
FOV_score_max,0.4620000123977661,20,20,0,0,1.0,0.0,1.0
FOV_score_max,0.46299999952316284,20,20,0,0,1.0,0.0,1.0
FOV_score_max,0.46399998664855957,20,20,0,0,1.0,0.0,1.0
FOV_score_max,0.4650000035762787,20,20,0,0,1.0,0.0,1.0
FOV_score_max,0.4659999907016754,20,20,0,0,1.0,0.0,1.0
FOV_score_max,0.46700000762939453,20,20,0,0,1.0,0.0,1.0
FOV_score_max,0.46799999475479126,20,20,0,0,1.0,0.0,1.0
FOV_score_max,0.4690000116825104,20,20,0,0,1.0,0.0,1.0
FOV_score_max,0.4699999988079071,20,20,0,0,1.0,0.0,1.0
FOV_score_max,0.47099998593330383,20,20,0,0,1.0,0.0,1.0
FOV_score_max,0.47200000286102295,20,20,0,0,1.0,0.0,1.0
FOV_score_max,0.4729999899864197,20,20,0,0,1.0,0.0,1.0
FOV_score_max,0.4740000069141388,20,20,0,0,1.0,0.0,1.0
FOV_score_max,0.4749999940395355,20,20,0,0,1.0,0.0,1.0
FOV_score_max,0.47600001096725464,20,20,0,0,1.0,0.0,1.0
FOV_score_max,0.47699999809265137,20,20,0,0,1.0,0.0,1.0
FOV_score_max,0.4779999852180481,20,20,0,0,1.0,0.0,1.0
FOV_score_max,0.4790000021457672,20,20,0,0,1.0,0.0,1.0
FOV_score_max,0.47999998927116394,20,20,0,0,1.0,0.0,1.0
FOV_score_max,0.48100000619888306,20,20,0,0,1.0,0.0,1.0
FOV_score_max,0.4819999933242798,20,20,0,0,1.0,0.0,1.0
FOV_score_max,0.4830000102519989,20,20,0,0,1.0,0.0,1.0
FOV_score_max,0.48399999737739563,20,20,0,0,1.0,0.0,1.0
FOV_score_max,0.48500001430511475,20,20,0,0,1.0,0.0,1.0
FOV_score_max,0.4860000014305115,20,20,0,0,1.0,0.0,1.0
FOV_score_max,0.4869999885559082,20,20,0,0,1.0,0.0,1.0
FOV_score_max,0.4880000054836273,20,20,0,0,1.0,0.0,1.0
FOV_score_max,0.48899999260902405,20,20,0,0,1.0,0.0,1.0
FOV_score_max,0.49000000953674316,20,20,0,0,1.0,0.0,1.0
FOV_score_max,0.4909999966621399,20,20,0,0,1.0,0.0,1.0
FOV_score_max,0.492000013589859,20,20,0,0,1.0,0.0,1.0
FOV_score_max,0.49300000071525574,20,20,0,0,1.0,0.0,1.0
FOV_score_max,0.49399998784065247,20,20,0,0,1.0,0.0,1.0
FOV_score_max,0.4950000047683716,20,20,0,0,1.0,0.0,1.0
FOV_score_max,0.4959999918937683,20,20,0,0,1.0,0.0,1.0
FOV_score_max,0.4970000088214874,20,20,0,0,1.0,0.0,1.0
FOV_score_max,0.49799999594688416,20,20,0,0,1.0,0.0,1.0
FOV_score_max,0.49900001287460327,20,20,0,0,1.0,0.0,1.0
FOV_score_max,0.5,20,20,0,0,1.0,0.0,1.0
FOV_score_max,0.5009999871253967,20,20,0,0,1.0,0.0,1.0
FOV_score_max,0.5019999742507935,20,20,0,0,1.0,0.0,1.0
FOV_score_max,0.503000020980835,20,20,0,0,1.0,0.0,1.0
FOV_score_max,0.5040000081062317,20,20,0,0,1.0,0.0,1.0
FOV_score_max,0.5049999952316284,20,20,0,0,1.0,0.0,1.0
FOV_score_max,0.5059999823570251,20,20,0,0,1.0,0.0,1.0
FOV_score_max,0.5070000290870667,20,20,0,0,1.0,0.0,1.0
FOV_score_max,0.5080000162124634,20,20,0,0,1.0,0.0,1.0
FOV_score_max,0.5090000033378601,20,20,0,0,1.0,0.0,1.0
FOV_score_max,0.5099999904632568,20,20,0,0,1.0,0.0,1.0
FOV_score_max,0.5109999775886536,20,20,0,0,1.0,0.0,1.0
FOV_score_max,0.5120000243186951,20,20,0,0,1.0,0.0,1.0
FOV_score_max,0.5130000114440918,20,20,0,0,1.0,0.0,1.0
FOV_score_max,0.5139999985694885,20,20,0,0,1.0,0.0,1.0
FOV_score_max,0.5149999856948853,20,20,0,0,1.0,0.0,1.0
FOV_score_max,0.515999972820282,20,20,0,0,1.0,0.0,1.0
FOV_score_max,0.5170000195503235,20,20,0,0,1.0,0.0,1.0
FOV_score_max,0.5180000066757202,20,20,0,0,1.0,0.0,1.0
FOV_score_max,0.5189999938011169,20,20,0,0,1.0,0.0,1.0
FOV_score_max,0.5199999809265137,20,20,0,0,1.0,0.0,1.0
FOV_score_max,0.5210000276565552,20,20,0,0,1.0,0.0,1.0
FOV_score_max,0.5220000147819519,20,20,0,0,1.0,0.0,1.0
FOV_score_max,0.5230000019073486,20,20,0,0,1.0,0.0,1.0
FOV_score_max,0.5239999890327454,20,20,0,0,1.0,0.0,1.0
FOV_score_max,0.5249999761581421,20,20,0,0,1.0,0.0,1.0
FOV_score_max,0.5260000228881836,20,20,0,0,1.0,0.0,1.0
FOV_score_max,0.5270000100135803,20,20,0,0,1.0,0.0,1.0
FOV_score_max,0.527999997138977,20,20,0,0,1.0,0.0,1.0
FOV_score_max,0.5289999842643738,20,20,0,0,1.0,0.0,1.0
FOV_score_max,0.5299999713897705,20,20,0,0,1.0,0.0,1.0
FOV_score_max,0.531000018119812,20,20,0,0,1.0,0.0,1.0
FOV_score_max,0.5320000052452087,20,20,0,0,1.0,0.0,1.0
FOV_score_max,0.5329999923706055,20,20,0,0,1.0,0.0,1.0
FOV_score_max,0.5339999794960022,20,20,0,0,1.0,0.0,1.0
FOV_score_max,0.5350000262260437,20,20,0,0,1.0,0.0,1.0
FOV_score_max,0.5360000133514404,20,20,0,0,1.0,0.0,1.0
FOV_score_max,0.5370000004768372,20,20,0,0,1.0,0.0,1.0
FOV_score_max,0.5379999876022339,20,20,0,0,1.0,0.0,1.0
FOV_score_max,0.5389999747276306,20,20,0,0,1.0,0.0,1.0
FOV_score_max,0.5400000214576721,20,20,0,0,1.0,0.0,1.0
FOV_score_max,0.5410000085830688,20,20,0,0,1.0,0.0,1.0
FOV_score_max,0.5419999957084656,20,20,0,0,1.0,0.0,1.0
FOV_score_max,0.5429999828338623,20,20,0,0,1.0,0.0,1.0
FOV_score_max,0.5440000295639038,20,20,0,0,1.0,0.0,1.0
FOV_score_max,0.5450000166893005,20,20,0,0,1.0,0.0,1.0
FOV_score_max,0.5460000038146973,20,20,0,0,1.0,0.0,1.0
FOV_score_max,0.546999990940094,20,20,0,0,1.0,0.0,1.0
FOV_score_max,0.5479999780654907,20,20,0,0,1.0,0.0,1.0
FOV_score_max,0.5490000247955322,20,20,0,0,1.0,0.0,1.0
FOV_score_max,0.550000011920929,20,20,0,0,1.0,0.0,1.0
FOV_score_max,0.5509999990463257,20,20,0,0,1.0,0.0,1.0
FOV_score_max,0.5519999861717224,20,20,0,0,1.0,0.0,1.0
FOV_score_max,0.5529999732971191,20,20,0,0,1.0,0.0,1.0
FOV_score_max,0.5540000200271606,20,20,0,0,1.0,0.0,1.0
FOV_score_max,0.5550000071525574,20,20,0,0,1.0,0.0,1.0
FOV_score_max,0.5559999942779541,20,20,0,0,1.0,0.0,1.0
FOV_score_max,0.5569999814033508,20,20,0,0,1.0,0.0,1.0
FOV_score_max,0.5580000281333923,20,20,0,0,1.0,0.0,1.0
FOV_score_max,0.5590000152587891,20,20,0,0,1.0,0.0,1.0
FOV_score_max,0.5600000023841858,20,20,0,0,1.0,0.0,1.0
FOV_score_max,0.5609999895095825,20,20,0,0,1.0,0.0,1.0
FOV_score_max,0.5619999766349792,20,20,0,0,1.0,0.0,1.0
FOV_score_max,0.5630000233650208,20,20,0,0,1.0,0.0,1.0
FOV_score_max,0.5640000104904175,20,20,0,0,1.0,0.0,1.0
FOV_score_max,0.5649999976158142,20,20,0,0,1.0,0.0,1.0
FOV_score_max,0.5659999847412109,20,20,0,0,1.0,0.0,1.0
FOV_score_max,0.5669999718666077,20,20,0,0,1.0,0.0,1.0
FOV_score_max,0.5680000185966492,20,20,0,0,1.0,0.0,1.0
FOV_score_max,0.5690000057220459,20,20,0,0,1.0,0.0,1.0
FOV_score_max,0.5699999928474426,20,20,0,0,1.0,0.0,1.0
FOV_score_max,0.5709999799728394,20,20,0,0,1.0,0.0,1.0
FOV_score_max,0.5720000267028809,20,20,0,0,1.0,0.0,1.0
FOV_score_max,0.5730000138282776,20,20,0,0,1.0,0.0,1.0
FOV_score_max,0.5740000009536743,20,20,0,0,1.0,0.0,1.0
FOV_score_max,0.574999988079071,20,20,0,0,1.0,0.0,1.0
FOV_score_max,0.5759999752044678,20,20,0,0,1.0,0.0,1.0
FOV_score_max,0.5770000219345093,20,20,0,0,1.0,0.0,1.0
FOV_score_max,0.578000009059906,20,20,0,0,1.0,0.0,1.0
FOV_score_max,0.5789999961853027,20,20,0,0,1.0,0.0,1.0
FOV_score_max,0.5799999833106995,20,20,0,0,1.0,0.0,1.0
FOV_score_max,0.5809999704360962,20,20,0,0,1.0,0.0,1.0
FOV_score_max,0.5820000171661377,20,20,0,0,1.0,0.0,1.0
FOV_score_max,0.5830000042915344,20,20,0,0,1.0,0.0,1.0
FOV_score_max,0.5839999914169312,20,20,0,0,1.0,0.0,1.0
FOV_score_max,0.5849999785423279,20,20,0,0,1.0,0.0,1.0
FOV_score_max,0.5860000252723694,20,20,0,0,1.0,0.0,1.0
FOV_score_max,0.5870000123977661,20,20,0,0,1.0,0.0,1.0
FOV_score_max,0.5879999995231628,20,20,0,0,1.0,0.0,1.0
FOV_score_max,0.5889999866485596,20,20,0,0,1.0,0.0,1.0
FOV_score_max,0.5899999737739563,20,20,0,0,1.0,0.0,1.0
FOV_score_max,0.5910000205039978,20,20,0,0,1.0,0.0,1.0
FOV_score_max,0.5920000076293945,20,20,0,0,1.0,0.0,1.0
FOV_score_max,0.5929999947547913,20,20,0,0,1.0,0.0,1.0
FOV_score_max,0.593999981880188,20,20,0,0,1.0,0.0,1.0
FOV_score_max,0.5950000286102295,20,20,0,0,1.0,0.0,1.0
FOV_score_max,0.5960000157356262,20,20,0,0,1.0,0.0,1.0
FOV_score_max,0.597000002861023,20,20,0,0,1.0,0.0,1.0
FOV_score_max,0.5979999899864197,20,20,0,0,1.0,0.0,1.0
FOV_score_max,0.5989999771118164,20,20,0,0,1.0,0.0,1.0
FOV_score_max,0.6000000238418579,20,20,0,0,1.0,0.0,1.0
FOV_score_max,0.6010000109672546,20,20,0,0,1.0,0.0,1.0
FOV_score_max,0.6019999980926514,20,20,0,0,1.0,0.0,1.0
FOV_score_max,0.6029999852180481,20,20,0,0,1.0,0.0,1.0
FOV_score_max,0.6039999723434448,20,20,0,0,1.0,0.0,1.0
FOV_score_max,0.6050000190734863,20,20,0,0,1.0,0.0,1.0
FOV_score_max,0.6060000061988831,20,20,0,0,1.0,0.0,1.0
FOV_score_max,0.6069999933242798,20,20,0,0,1.0,0.0,1.0
FOV_score_max,0.6079999804496765,20,20,0,0,1.0,0.0,1.0
FOV_score_max,0.609000027179718,20,20,0,0,1.0,0.0,1.0
FOV_score_max,0.6100000143051147,20,20,0,0,1.0,0.0,1.0
FOV_score_max,0.6110000014305115,20,20,0,0,1.0,0.0,1.0
FOV_score_max,0.6119999885559082,20,20,0,0,1.0,0.0,1.0
FOV_score_max,0.6129999756813049,20,20,0,0,1.0,0.0,1.0
FOV_score_max,0.6140000224113464,20,20,0,0,1.0,0.0,1.0
FOV_score_max,0.6150000095367432,20,20,0,0,1.0,0.0,1.0
FOV_score_max,0.6159999966621399,20,20,0,0,1.0,0.0,1.0
FOV_score_max,0.6169999837875366,20,20,0,0,1.0,0.0,1.0
FOV_score_max,0.6179999709129333,20,20,0,0,1.0,0.0,1.0
FOV_score_max,0.6190000176429749,20,20,0,0,1.0,0.0,1.0
FOV_score_max,0.6200000047683716,20,20,0,0,1.0,0.0,1.0
FOV_score_max,0.6209999918937683,20,20,0,0,1.0,0.0,1.0
FOV_score_max,0.621999979019165,20,20,0,0,1.0,0.0,1.0
FOV_score_max,0.6230000257492065,20,20,0,0,1.0,0.0,1.0
FOV_score_max,0.6240000128746033,20,20,0,0,1.0,0.0,1.0
FOV_score_max,0.625,20,20,0,0,1.0,0.0,1.0
FOV_score_max,0.6259999871253967,20,20,0,0,1.0,0.0,1.0
FOV_score_max,0.6269999742507935,20,20,0,0,1.0,0.0,1.0
FOV_score_max,0.628000020980835,20,20,0,0,1.0,0.0,1.0
FOV_score_max,0.6290000081062317,20,20,0,0,1.0,0.0,1.0
FOV_score_max,0.6299999952316284,20,20,0,0,1.0,0.0,1.0
FOV_score_max,0.6309999823570251,20,20,0,0,1.0,0.0,1.0
FOV_score_max,0.6320000290870667,20,20,0,0,1.0,0.0,1.0
FOV_score_max,0.6330000162124634,20,20,0,0,1.0,0.0,1.0
FOV_score_max,0.6340000033378601,20,20,0,0,1.0,0.0,1.0
FOV_score_max,0.6349999904632568,20,20,0,0,1.0,0.0,1.0
FOV_score_max,0.6359999775886536,20,20,0,0,1.0,0.0,1.0
FOV_score_max,0.6370000243186951,20,20,0,0,1.0,0.0,1.0
FOV_score_max,0.6380000114440918,20,20,0,0,1.0,0.0,1.0
FOV_score_max,0.6389999985694885,20,20,0,0,1.0,0.0,1.0
FOV_score_max,0.6399999856948853,20,20,0,0,1.0,0.0,1.0
FOV_score_max,0.640999972820282,20,20,0,0,1.0,0.0,1.0
FOV_score_max,0.6420000195503235,20,20,0,0,1.0,0.0,1.0
FOV_score_max,0.6430000066757202,20,19,1,0,1.0,0.05,0.95
FOV_score_max,0.6439999938011169,20,19,1,0,1.0,0.05,0.95
FOV_score_max,0.6449999809265137,20,19,1,0,1.0,0.05,0.95
FOV_score_max,0.6460000276565552,20,19,1,0,1.0,0.05,0.95
FOV_score_max,0.6470000147819519,20,19,1,0,1.0,0.05,0.95
FOV_score_max,0.6480000019073486,20,19,1,0,1.0,0.05,0.95
FOV_score_max,0.6489999890327454,20,19,1,0,1.0,0.05,0.95
FOV_score_max,0.6499999761581421,20,19,1,0,1.0,0.05,0.95
FOV_score_max,0.6510000228881836,20,19,1,0,1.0,0.05,0.95
FOV_score_max,0.6520000100135803,20,19,1,0,1.0,0.05,0.95
FOV_score_max,0.652999997138977,20,19,1,0,1.0,0.05,0.95
FOV_score_max,0.6539999842643738,20,19,1,0,1.0,0.05,0.95
FOV_score_max,0.6549999713897705,20,19,1,0,1.0,0.05,0.95
FOV_score_max,0.656000018119812,20,19,1,0,1.0,0.05,0.95
FOV_score_max,0.6570000052452087,20,19,1,0,1.0,0.05,0.95
FOV_score_max,0.6579999923706055,20,19,1,0,1.0,0.05,0.95
FOV_score_max,0.6589999794960022,20,19,1,0,1.0,0.05,0.95
FOV_score_max,0.6600000262260437,20,19,1,0,1.0,0.05,0.95
FOV_score_max,0.6610000133514404,20,19,1,0,1.0,0.05,0.95
FOV_score_max,0.6620000004768372,20,19,1,0,1.0,0.05,0.95
FOV_score_max,0.6629999876022339,20,19,1,0,1.0,0.05,0.95
FOV_score_max,0.6639999747276306,20,19,1,0,1.0,0.05,0.95
FOV_score_max,0.6650000214576721,20,19,1,0,1.0,0.05,0.95
FOV_score_max,0.6660000085830688,20,19,1,0,1.0,0.05,0.95
FOV_score_max,0.6669999957084656,20,19,1,0,1.0,0.05,0.95
FOV_score_max,0.6679999828338623,20,19,1,0,1.0,0.05,0.95
FOV_score_max,0.6690000295639038,20,19,1,0,1.0,0.05,0.95
FOV_score_max,0.6700000166893005,20,19,1,0,1.0,0.05,0.95
FOV_score_max,0.6710000038146973,20,19,1,0,1.0,0.05,0.95
FOV_score_max,0.671999990940094,20,19,1,0,1.0,0.05,0.95
FOV_score_max,0.6729999780654907,20,19,1,0,1.0,0.05,0.95
FOV_score_max,0.6740000247955322,20,19,1,0,1.0,0.05,0.95
FOV_score_max,0.675000011920929,20,19,1,0,1.0,0.05,0.95
FOV_score_max,0.6759999990463257,20,19,1,0,1.0,0.05,0.95
FOV_score_max,0.6769999861717224,20,19,1,0,1.0,0.05,0.95
FOV_score_max,0.6779999732971191,20,19,1,0,1.0,0.05,0.95
FOV_score_max,0.6790000200271606,20,19,1,0,1.0,0.05,0.95
FOV_score_max,0.6800000071525574,20,19,1,0,1.0,0.05,0.95
FOV_score_max,0.6809999942779541,20,19,1,0,1.0,0.05,0.95
FOV_score_max,0.6819999814033508,20,19,1,0,1.0,0.05,0.95
FOV_score_max,0.6830000281333923,20,19,1,0,1.0,0.05,0.95
FOV_score_max,0.6840000152587891,20,19,1,0,1.0,0.05,0.95
FOV_score_max,0.6850000023841858,20,19,1,0,1.0,0.05,0.95
FOV_score_max,0.6859999895095825,20,19,1,0,1.0,0.05,0.95
FOV_score_max,0.6869999766349792,20,19,1,0,1.0,0.05,0.95
FOV_score_max,0.6880000233650208,20,19,1,0,1.0,0.05,0.95
FOV_score_max,0.6890000104904175,20,19,1,0,1.0,0.05,0.95
FOV_score_max,0.6899999976158142,20,19,1,0,1.0,0.05,0.95
FOV_score_max,0.6909999847412109,20,19,1,0,1.0,0.05,0.95
FOV_score_max,0.6919999718666077,20,19,1,0,1.0,0.05,0.95
FOV_score_max,0.6930000185966492,20,19,1,0,1.0,0.05,0.95
FOV_score_max,0.6940000057220459,20,19,1,0,1.0,0.05,0.95
FOV_score_max,0.6949999928474426,20,19,1,0,1.0,0.05,0.95
FOV_score_max,0.6959999799728394,20,19,1,0,1.0,0.05,0.95
FOV_score_max,0.6970000267028809,20,19,1,0,1.0,0.05,0.95
FOV_score_max,0.6980000138282776,20,19,1,0,1.0,0.05,0.95
FOV_score_max,0.6990000009536743,20,19,1,0,1.0,0.05,0.95
FOV_score_max,0.699999988079071,20,19,1,0,1.0,0.05,0.95
FOV_score_max,0.7009999752044678,20,19,1,0,1.0,0.05,0.95
FOV_score_max,0.7020000219345093,20,19,1,0,1.0,0.05,0.95
FOV_score_max,0.703000009059906,20,19,1,0,1.0,0.05,0.95
FOV_score_max,0.7039999961853027,20,19,1,0,1.0,0.05,0.95
FOV_score_max,0.7049999833106995,20,19,1,0,1.0,0.05,0.95
FOV_score_max,0.7059999704360962,20,19,1,0,1.0,0.05,0.95
FOV_score_max,0.7070000171661377,20,19,1,0,1.0,0.05,0.95
FOV_score_max,0.7080000042915344,20,19,1,0,1.0,0.05,0.95
FOV_score_max,0.7089999914169312,20,19,1,0,1.0,0.05,0.95
FOV_score_max,0.7099999785423279,20,19,1,0,1.0,0.05,0.95
FOV_score_max,0.7110000252723694,20,19,1,0,1.0,0.05,0.95
FOV_score_max,0.7120000123977661,20,19,1,0,1.0,0.05,0.95
FOV_score_max,0.7129999995231628,20,19,1,0,1.0,0.05,0.95
FOV_score_max,0.7139999866485596,20,19,1,0,1.0,0.05,0.95
FOV_score_max,0.7149999737739563,20,19,1,0,1.0,0.05,0.95
FOV_score_max,0.7160000205039978,20,19,1,0,1.0,0.05,0.95
FOV_score_max,0.7170000076293945,20,19,1,0,1.0,0.05,0.95
FOV_score_max,0.7179999947547913,20,18,2,0,1.0,0.1,0.9
FOV_score_max,0.718999981880188,20,18,2,0,1.0,0.1,0.9
FOV_score_max,0.7200000286102295,20,18,2,0,1.0,0.1,0.9
FOV_score_max,0.7210000157356262,20,18,2,0,1.0,0.1,0.9
FOV_score_max,0.722000002861023,20,18,2,0,1.0,0.1,0.9
FOV_score_max,0.7229999899864197,20,18,2,0,1.0,0.1,0.9
FOV_score_max,0.7239999771118164,20,18,2,0,1.0,0.1,0.9
FOV_score_max,0.7250000238418579,20,18,2,0,1.0,0.1,0.9
FOV_score_max,0.7260000109672546,20,18,2,0,1.0,0.1,0.9
FOV_score_max,0.7269999980926514,20,18,2,0,1.0,0.1,0.9
FOV_score_max,0.7279999852180481,20,18,2,0,1.0,0.1,0.9
FOV_score_max,0.7289999723434448,20,18,2,0,1.0,0.1,0.9
FOV_score_max,0.7300000190734863,20,18,2,0,1.0,0.1,0.9
FOV_score_max,0.7310000061988831,20,18,2,0,1.0,0.1,0.9
FOV_score_max,0.7319999933242798,20,18,2,0,1.0,0.1,0.9
FOV_score_max,0.7329999804496765,20,18,2,0,1.0,0.1,0.9
FOV_score_max,0.734000027179718,20,18,2,0,1.0,0.1,0.9
FOV_score_max,0.7350000143051147,20,18,2,0,1.0,0.1,0.9
FOV_score_max,0.7360000014305115,20,18,2,0,1.0,0.1,0.9
FOV_score_max,0.7369999885559082,20,18,2,0,1.0,0.1,0.9
FOV_score_max,0.7379999756813049,20,18,2,0,1.0,0.1,0.9
FOV_score_max,0.7390000224113464,20,18,2,0,1.0,0.1,0.9
FOV_score_max,0.7400000095367432,20,18,2,0,1.0,0.1,0.9
FOV_score_max,0.7409999966621399,20,18,2,0,1.0,0.1,0.9
FOV_score_max,0.7419999837875366,20,18,2,0,1.0,0.1,0.9
FOV_score_max,0.7429999709129333,20,18,2,0,1.0,0.1,0.9
FOV_score_max,0.7440000176429749,20,18,2,0,1.0,0.1,0.9
FOV_score_max,0.7450000047683716,20,18,2,0,1.0,0.1,0.9
FOV_score_max,0.7459999918937683,20,18,2,0,1.0,0.1,0.9
FOV_score_max,0.746999979019165,20,18,2,0,1.0,0.1,0.9
FOV_score_max,0.7480000257492065,20,18,2,0,1.0,0.1,0.9
FOV_score_max,0.7490000128746033,20,18,2,0,1.0,0.1,0.9
FOV_score_max,0.75,20,18,2,0,1.0,0.1,0.9
FOV_score_max,0.7509999871253967,20,18,2,0,1.0,0.1,0.9
FOV_score_max,0.7519999742507935,20,18,2,0,1.0,0.1,0.9
FOV_score_max,0.753000020980835,20,18,2,0,1.0,0.1,0.9
FOV_score_max,0.7540000081062317,20,18,2,0,1.0,0.1,0.9
FOV_score_max,0.7549999952316284,20,18,2,0,1.0,0.1,0.9
FOV_score_max,0.7559999823570251,20,18,2,0,1.0,0.1,0.9
FOV_score_max,0.7570000290870667,20,18,2,0,1.0,0.1,0.9
FOV_score_max,0.7580000162124634,20,18,2,0,1.0,0.1,0.9
FOV_score_max,0.7590000033378601,20,18,2,0,1.0,0.1,0.9
FOV_score_max,0.7599999904632568,20,18,2,0,1.0,0.1,0.9
FOV_score_max,0.7609999775886536,20,18,2,0,1.0,0.1,0.9
FOV_score_max,0.7620000243186951,20,18,2,0,1.0,0.1,0.9
FOV_score_max,0.7630000114440918,20,18,2,0,1.0,0.1,0.9
FOV_score_max,0.7639999985694885,20,18,2,0,1.0,0.1,0.9
FOV_score_max,0.7649999856948853,20,18,2,0,1.0,0.1,0.9
FOV_score_max,0.765999972820282,20,18,2,0,1.0,0.1,0.9
FOV_score_max,0.7670000195503235,20,18,2,0,1.0,0.1,0.9
FOV_score_max,0.7680000066757202,20,18,2,0,1.0,0.1,0.9
FOV_score_max,0.7689999938011169,20,18,2,0,1.0,0.1,0.9
FOV_score_max,0.7699999809265137,20,18,2,0,1.0,0.1,0.9
FOV_score_max,0.7710000276565552,20,18,2,0,1.0,0.1,0.9
FOV_score_max,0.7720000147819519,20,18,2,0,1.0,0.1,0.9
FOV_score_max,0.7730000019073486,20,18,2,0,1.0,0.1,0.9
FOV_score_max,0.7739999890327454,20,18,2,0,1.0,0.1,0.9
FOV_score_max,0.7749999761581421,20,18,2,0,1.0,0.1,0.9
FOV_score_max,0.7760000228881836,20,18,2,0,1.0,0.1,0.9
FOV_score_max,0.7770000100135803,20,18,2,0,1.0,0.1,0.9
FOV_score_max,0.777999997138977,20,18,2,0,1.0,0.1,0.9
FOV_score_max,0.7789999842643738,20,18,2,0,1.0,0.1,0.9
FOV_score_max,0.7799999713897705,20,18,2,0,1.0,0.1,0.9
FOV_score_max,0.781000018119812,20,18,2,0,1.0,0.1,0.9
FOV_score_max,0.7820000052452087,20,17,3,0,1.0,0.15,0.85
FOV_score_max,0.7829999923706055,20,17,3,0,1.0,0.15,0.85
FOV_score_max,0.7839999794960022,20,17,3,0,1.0,0.15,0.85
FOV_score_max,0.7850000262260437,20,17,3,0,1.0,0.15,0.85
FOV_score_max,0.7860000133514404,20,17,3,0,1.0,0.15,0.85
FOV_score_max,0.7870000004768372,20,17,3,0,1.0,0.15,0.85
FOV_score_max,0.7879999876022339,20,17,3,0,1.0,0.15,0.85
FOV_score_max,0.7889999747276306,20,17,3,0,1.0,0.15,0.85
FOV_score_max,0.7900000214576721,20,17,3,0,1.0,0.15,0.85
FOV_score_max,0.7910000085830688,20,17,3,0,1.0,0.15,0.85
FOV_score_max,0.7919999957084656,20,17,3,0,1.0,0.15,0.85
FOV_score_max,0.7929999828338623,20,17,3,0,1.0,0.15,0.85
FOV_score_max,0.7940000295639038,20,17,3,0,1.0,0.15,0.85
FOV_score_max,0.7950000166893005,20,16,4,0,1.0,0.2,0.8
FOV_score_max,0.7960000038146973,20,16,4,0,1.0,0.2,0.8
FOV_score_max,0.796999990940094,20,16,4,0,1.0,0.2,0.8
FOV_score_max,0.7979999780654907,20,16,4,0,1.0,0.2,0.8
FOV_score_max,0.7990000247955322,20,16,4,0,1.0,0.2,0.8
FOV_score_max,0.800000011920929,20,16,4,0,1.0,0.2,0.8
FOV_score_max,0.8009999990463257,20,16,4,0,1.0,0.2,0.8
FOV_score_max,0.8019999861717224,20,16,4,0,1.0,0.2,0.8
FOV_score_max,0.8029999732971191,20,16,4,0,1.0,0.2,0.8
FOV_score_max,0.8040000200271606,20,16,4,0,1.0,0.2,0.8
FOV_score_max,0.8050000071525574,20,16,4,0,1.0,0.2,0.8
FOV_score_max,0.8059999942779541,20,16,4,0,1.0,0.2,0.8
FOV_score_max,0.8069999814033508,20,16,4,0,1.0,0.2,0.8
FOV_score_max,0.8080000281333923,20,16,4,0,1.0,0.2,0.8
FOV_score_max,0.8090000152587891,20,16,4,0,1.0,0.2,0.8
FOV_score_max,0.8100000023841858,20,16,4,0,1.0,0.2,0.8
FOV_score_max,0.8109999895095825,20,16,4,0,1.0,0.2,0.8
FOV_score_max,0.8119999766349792,20,16,4,0,1.0,0.2,0.8
FOV_score_max,0.8130000233650208,20,16,4,0,1.0,0.2,0.8
FOV_score_max,0.8140000104904175,20,16,4,0,1.0,0.2,0.8
FOV_score_max,0.8149999976158142,20,16,4,0,1.0,0.2,0.8
FOV_score_max,0.8159999847412109,20,16,4,0,1.0,0.2,0.8
FOV_score_max,0.8169999718666077,20,16,4,0,1.0,0.2,0.8
FOV_score_max,0.8180000185966492,20,16,4,0,1.0,0.2,0.8
FOV_score_max,0.8190000057220459,20,16,4,0,1.0,0.2,0.8
FOV_score_max,0.8199999928474426,20,16,4,0,1.0,0.2,0.8
FOV_score_max,0.8209999799728394,20,16,4,0,1.0,0.2,0.8
FOV_score_max,0.8220000267028809,20,16,4,0,1.0,0.2,0.8
FOV_score_max,0.8230000138282776,20,16,4,0,1.0,0.2,0.8
FOV_score_max,0.8240000009536743,20,16,4,0,1.0,0.2,0.8
FOV_score_max,0.824999988079071,20,16,4,0,1.0,0.2,0.8
FOV_score_max,0.8259999752044678,20,16,4,0,1.0,0.2,0.8
FOV_score_max,0.8270000219345093,20,16,4,0,1.0,0.2,0.8
FOV_score_max,0.828000009059906,20,16,4,0,1.0,0.2,0.8
FOV_score_max,0.8289999961853027,20,16,4,0,1.0,0.2,0.8
FOV_score_max,0.8299999833106995,20,16,4,0,1.0,0.2,0.8
FOV_score_max,0.8309999704360962,20,16,4,0,1.0,0.2,0.8
FOV_score_max,0.8320000171661377,20,16,4,0,1.0,0.2,0.8
FOV_score_max,0.8330000042915344,20,16,4,0,1.0,0.2,0.8
FOV_score_max,0.8339999914169312,20,16,4,0,1.0,0.2,0.8
FOV_score_max,0.8349999785423279,20,16,4,0,1.0,0.2,0.8
FOV_score_max,0.8360000252723694,20,16,4,0,1.0,0.2,0.8
FOV_score_max,0.8370000123977661,20,16,4,0,1.0,0.2,0.8
FOV_score_max,0.8379999995231628,20,16,4,0,1.0,0.2,0.8
FOV_score_max,0.8389999866485596,20,15,5,0,1.0,0.25,0.75
FOV_score_max,0.8399999737739563,20,15,5,0,1.0,0.25,0.75
FOV_score_max,0.8410000205039978,20,15,5,0,1.0,0.25,0.75
FOV_score_max,0.8420000076293945,20,15,5,0,1.0,0.25,0.75
FOV_score_max,0.8429999947547913,20,15,5,0,1.0,0.25,0.75
FOV_score_max,0.843999981880188,20,14,6,0,1.0,0.3,0.7
FOV_score_max,0.8450000286102295,20,14,6,0,1.0,0.3,0.7
FOV_score_max,0.8460000157356262,20,14,6,0,1.0,0.3,0.7
FOV_score_max,0.847000002861023,20,13,7,0,1.0,0.35,0.65
FOV_score_max,0.8479999899864197,20,13,7,0,1.0,0.35,0.65
FOV_score_max,0.8489999771118164,20,13,7,0,1.0,0.35,0.65
FOV_score_max,0.8500000238418579,20,13,7,0,1.0,0.35,0.65
FOV_score_max,0.8510000109672546,20,13,7,0,1.0,0.35,0.65
FOV_score_max,0.8519999980926514,20,13,7,0,1.0,0.35,0.65
FOV_score_max,0.8529999852180481,20,13,7,0,1.0,0.35,0.65
FOV_score_max,0.8539999723434448,20,12,8,0,1.0,0.4,0.6
FOV_score_max,0.8550000190734863,20,12,8,0,1.0,0.4,0.6
FOV_score_max,0.8560000061988831,20,12,8,0,1.0,0.4,0.6
FOV_score_max,0.8569999933242798,20,12,8,0,1.0,0.4,0.6
FOV_score_max,0.8579999804496765,20,12,8,0,1.0,0.4,0.6
FOV_score_max,0.859000027179718,20,12,8,0,1.0,0.4,0.6
FOV_score_max,0.8600000143051147,20,12,8,0,1.0,0.4,0.6
FOV_score_max,0.8610000014305115,20,12,8,0,1.0,0.4,0.6
FOV_score_max,0.8619999885559082,20,12,8,0,1.0,0.4,0.6
FOV_score_max,0.8629999756813049,20,12,8,0,1.0,0.4,0.6
FOV_score_max,0.8640000224113464,20,12,8,0,1.0,0.4,0.6
FOV_score_max,0.8650000095367432,19,12,8,1,0.95,0.4,0.6
FOV_score_max,0.8659999966621399,19,12,8,1,0.95,0.4,0.6
FOV_score_max,0.8669999837875366,19,12,8,1,0.95,0.4,0.6
FOV_score_max,0.8679999709129333,19,12,8,1,0.95,0.4,0.6
FOV_score_max,0.8690000176429749,19,12,8,1,0.95,0.4,0.6
FOV_score_max,0.8700000047683716,19,12,8,1,0.95,0.4,0.6
FOV_score_max,0.8709999918937683,19,12,8,1,0.95,0.4,0.6
FOV_score_max,0.871999979019165,19,12,8,1,0.95,0.4,0.6
FOV_score_max,0.8730000257492065,19,12,8,1,0.95,0.4,0.6
FOV_score_max,0.8740000128746033,19,12,8,1,0.95,0.4,0.6
FOV_score_max,0.875,19,12,8,1,0.95,0.4,0.6
FOV_score_max,0.8759999871253967,19,12,8,1,0.95,0.4,0.6
FOV_score_max,0.8769999742507935,19,12,8,1,0.95,0.4,0.6
FOV_score_max,0.878000020980835,19,12,8,1,0.95,0.4,0.6
FOV_score_max,0.8790000081062317,19,12,8,1,0.95,0.4,0.6
FOV_score_max,0.8799999952316284,19,12,8,1,0.95,0.4,0.6
FOV_score_max,0.8809999823570251,19,12,8,1,0.95,0.4,0.6
FOV_score_max,0.8820000290870667,19,12,8,1,0.95,0.4,0.6
FOV_score_max,0.8830000162124634,19,12,8,1,0.95,0.4,0.6
FOV_score_max,0.8840000033378601,19,12,8,1,0.95,0.4,0.6
FOV_score_max,0.8849999904632568,19,12,8,1,0.95,0.4,0.6
FOV_score_max,0.8859999775886536,19,12,8,1,0.95,0.4,0.6
FOV_score_max,0.8870000243186951,19,12,8,1,0.95,0.4,0.6
FOV_score_max,0.8880000114440918,19,12,8,1,0.95,0.4,0.6
FOV_score_max,0.8889999985694885,19,12,8,1,0.95,0.4,0.6
FOV_score_max,0.8899999856948853,19,12,8,1,0.95,0.4,0.6
FOV_score_max,0.890999972820282,19,12,8,1,0.95,0.4,0.6
FOV_score_max,0.8920000195503235,19,12,8,1,0.95,0.4,0.6
FOV_score_max,0.8930000066757202,19,12,8,1,0.95,0.4,0.6
FOV_score_max,0.8939999938011169,19,12,8,1,0.95,0.4,0.6
FOV_score_max,0.8949999809265137,19,12,8,1,0.95,0.4,0.6
FOV_score_max,0.8960000276565552,19,11,9,1,0.95,0.45,0.55
FOV_score_max,0.8970000147819519,19,11,9,1,0.95,0.45,0.55
FOV_score_max,0.8980000019073486,19,11,9,1,0.95,0.45,0.55
FOV_score_max,0.8989999890327454,19,11,9,1,0.95,0.45,0.55
FOV_score_max,0.8999999761581421,19,11,9,1,0.95,0.45,0.55
FOV_score_max,0.9010000228881836,19,11,9,1,0.95,0.45,0.55
FOV_score_max,0.9020000100135803,19,11,9,1,0.95,0.45,0.55
FOV_score_max,0.902999997138977,19,11,9,1,0.95,0.45,0.55
FOV_score_max,0.9039999842643738,19,11,9,1,0.95,0.45,0.55
FOV_score_max,0.9049999713897705,18,11,9,2,0.9,0.45,0.55
FOV_score_max,0.906000018119812,18,11,9,2,0.9,0.45,0.55
FOV_score_max,0.9070000052452087,17,11,9,3,0.85,0.45,0.55
FOV_score_max,0.9079999923706055,17,11,9,3,0.85,0.45,0.55
FOV_score_max,0.9089999794960022,17,11,9,3,0.85,0.45,0.55
FOV_score_max,0.9100000262260437,17,11,9,3,0.85,0.45,0.55
FOV_score_max,0.9110000133514404,17,11,9,3,0.85,0.45,0.55
FOV_score_max,0.9120000004768372,17,10,10,3,0.85,0.5,0.5
FOV_score_max,0.9129999876022339,17,10,10,3,0.85,0.5,0.5
FOV_score_max,0.9139999747276306,17,9,11,3,0.85,0.55,0.45
FOV_score_max,0.9150000214576721,17,8,12,3,0.85,0.6,0.4
FOV_score_max,0.9160000085830688,17,8,12,3,0.85,0.6,0.4
FOV_score_max,0.9169999957084656,17,8,12,3,0.85,0.6,0.4
FOV_score_max,0.9179999828338623,17,8,12,3,0.85,0.6,0.4
FOV_score_max,0.9190000295639038,17,8,12,3,0.85,0.6,0.4
FOV_score_max,0.9200000166893005,17,8,12,3,0.85,0.6,0.4
FOV_score_max,0.9210000038146973,17,8,12,3,0.85,0.6,0.4
FOV_score_max,0.921999990940094,17,8,12,3,0.85,0.6,0.4
FOV_score_max,0.9229999780654907,17,8,12,3,0.85,0.6,0.4
FOV_score_max,0.9240000247955322,17,8,12,3,0.85,0.6,0.4
FOV_score_max,0.925000011920929,17,8,12,3,0.85,0.6,0.4
FOV_score_max,0.9259999990463257,17,8,12,3,0.85,0.6,0.4
FOV_score_max,0.9269999861717224,16,8,12,4,0.8,0.6,0.4
FOV_score_max,0.9279999732971191,16,8,12,4,0.8,0.6,0.4
FOV_score_max,0.9290000200271606,16,8,12,4,0.8,0.6,0.4
FOV_score_max,0.9300000071525574,16,8,12,4,0.8,0.6,0.4
FOV_score_max,0.9309999942779541,16,7,13,4,0.8,0.65,0.35
FOV_score_max,0.9319999814033508,16,7,13,4,0.8,0.65,0.35
FOV_score_max,0.9330000281333923,16,7,13,4,0.8,0.65,0.35
FOV_score_max,0.9340000152587891,16,7,13,4,0.8,0.65,0.35
FOV_score_max,0.9350000023841858,16,7,13,4,0.8,0.65,0.35
FOV_score_max,0.9359999895095825,15,7,13,5,0.75,0.65,0.35
FOV_score_max,0.9369999766349792,15,7,13,5,0.75,0.65,0.35
FOV_score_max,0.9380000233650208,14,7,13,6,0.7,0.65,0.35
FOV_score_max,0.9390000104904175,14,7,13,6,0.7,0.65,0.35
FOV_score_max,0.9399999976158142,14,7,13,6,0.7,0.65,0.35
FOV_score_max,0.9409999847412109,14,7,13,6,0.7,0.65,0.35
FOV_score_max,0.9419999718666077,14,7,13,6,0.7,0.65,0.35
FOV_score_max,0.9430000185966492,13,7,13,7,0.65,0.65,0.35
FOV_score_max,0.9440000057220459,13,6,14,7,0.65,0.7,0.3
FOV_score_max,0.9449999928474426,13,6,14,7,0.65,0.7,0.3
FOV_score_max,0.9459999799728394,13,6,14,7,0.65,0.7,0.3
FOV_score_max,0.9470000267028809,13,6,14,7,0.65,0.7,0.3
FOV_score_max,0.9480000138282776,13,6,14,7,0.65,0.7,0.3
FOV_score_max,0.9490000009536743,13,6,14,7,0.65,0.7,0.3
FOV_score_max,0.949999988079071,12,5,15,8,0.6,0.75,0.25
FOV_score_max,0.9509999752044678,12,5,15,8,0.6,0.75,0.25
FOV_score_max,0.9520000219345093,12,5,15,8,0.6,0.75,0.25
FOV_score_max,0.953000009059906,12,5,15,8,0.6,0.75,0.25
FOV_score_max,0.9539999961853027,12,5,15,8,0.6,0.75,0.25
FOV_score_max,0.9549999833106995,11,5,15,9,0.55,0.75,0.25
FOV_score_max,0.9559999704360962,11,5,15,9,0.55,0.75,0.25
FOV_score_max,0.9570000171661377,11,5,15,9,0.55,0.75,0.25
FOV_score_max,0.9580000042915344,11,5,15,9,0.55,0.75,0.25
FOV_score_max,0.9589999914169312,11,5,15,9,0.55,0.75,0.25
FOV_score_max,0.9599999785423279,11,4,16,9,0.55,0.8,0.2
FOV_score_max,0.9610000252723694,11,4,16,9,0.55,0.8,0.2
FOV_score_max,0.9620000123977661,11,4,16,9,0.55,0.8,0.2
FOV_score_max,0.9629999995231628,11,4,16,9,0.55,0.8,0.2
FOV_score_max,0.9639999866485596,11,4,16,9,0.55,0.8,0.2
FOV_score_max,0.9649999737739563,11,4,16,9,0.55,0.8,0.2
FOV_score_max,0.9660000205039978,11,4,16,9,0.55,0.8,0.2
FOV_score_max,0.9670000076293945,11,4,16,9,0.55,0.8,0.2
FOV_score_max,0.9679999947547913,11,4,16,9,0.55,0.8,0.2
FOV_score_max,0.968999981880188,11,4,16,9,0.55,0.8,0.2
FOV_score_max,0.9700000286102295,11,4,16,9,0.55,0.8,0.2
FOV_score_max,0.9710000157356262,11,4,16,9,0.55,0.8,0.2
FOV_score_max,0.972000002861023,10,4,16,10,0.5,0.8,0.2
FOV_score_max,0.9729999899864197,10,4,16,10,0.5,0.8,0.2
FOV_score_max,0.9739999771118164,10,4,16,10,0.5,0.8,0.2
FOV_score_max,0.9750000238418579,10,3,17,10,0.5,0.85,0.15
FOV_score_max,0.9760000109672546,10,2,18,10,0.5,0.9,0.1
FOV_score_max,0.9769999980926514,9,1,19,11,0.45,0.95,0.05
FOV_score_max,0.9779999852180481,8,1,19,12,0.4,0.95,0.05
FOV_score_max,0.9789999723434448,8,1,19,12,0.4,0.95,0.05
FOV_score_max,0.9800000190734863,8,1,19,12,0.4,0.95,0.05
FOV_score_max,0.9810000061988831,8,1,19,12,0.4,0.95,0.05
FOV_score_max,0.9819999933242798,8,1,19,12,0.4,0.95,0.05
FOV_score_max,0.9829999804496765,7,1,19,13,0.35,0.95,0.05
FOV_score_max,0.984000027179718,7,0,20,13,0.35,1.0,0.0
FOV_score_max,0.9850000143051147,7,0,20,13,0.35,1.0,0.0
FOV_score_max,0.9860000014305115,6,0,20,14,0.3,1.0,0.0
FOV_score_max,0.9869999885559082,5,0,20,15,0.25,1.0,0.0
FOV_score_max,0.9879999756813049,4,0,20,16,0.2,1.0,0.0
FOV_score_max,0.9890000224113464,3,0,20,17,0.15,1.0,0.0
FOV_score_max,0.9900000095367432,3,0,20,17,0.15,1.0,0.0
FOV_score_max,0.9909999966621399,3,0,20,17,0.15,1.0,0.0
FOV_score_max,0.9919999837875366,3,0,20,17,0.15,1.0,0.0
FOV_score_max,0.9929999709129333,3,0,20,17,0.15,1.0,0.0
FOV_score_max,0.9940000176429749,3,0,20,17,0.15,1.0,0.0
FOV_score_max,0.9950000047683716,2,0,20,18,0.1,1.0,0.0
FOV_score_max,0.9959999918937683,2,0,20,18,0.1,1.0,0.0
FOV_score_max,0.996999979019165,1,0,20,19,0.05,1.0,0.0
FOV_score_max,0.9980000257492065,0,0,20,20,0.0,1.0,0.0
FOV_score_max,0.9990000128746033,0,0,20,20,0.0,1.0,0.0
FOV_score_max,1.0,0,0,20,20,0.0,1.0,0.0
FOV_score_top3,0.0,20,20,0,0,1.0,0.0,1.0
FOV_score_top3,0.0010000000474974513,20,20,0,0,1.0,0.0,1.0
FOV_score_top3,0.0020000000949949026,20,20,0,0,1.0,0.0,1.0
FOV_score_top3,0.003000000026077032,20,20,0,0,1.0,0.0,1.0
FOV_score_top3,0.004000000189989805,20,20,0,0,1.0,0.0,1.0
FOV_score_top3,0.004999999888241291,20,20,0,0,1.0,0.0,1.0
FOV_score_top3,0.006000000052154064,20,20,0,0,1.0,0.0,1.0
FOV_score_top3,0.007000000216066837,20,20,0,0,1.0,0.0,1.0
FOV_score_top3,0.00800000037997961,20,20,0,0,1.0,0.0,1.0
FOV_score_top3,0.008999999612569809,20,20,0,0,1.0,0.0,1.0
FOV_score_top3,0.009999999776482582,20,20,0,0,1.0,0.0,1.0
FOV_score_top3,0.010999999940395355,20,20,0,0,1.0,0.0,1.0
FOV_score_top3,0.012000000104308128,20,20,0,0,1.0,0.0,1.0
FOV_score_top3,0.013000000268220901,20,20,0,0,1.0,0.0,1.0
FOV_score_top3,0.014000000432133675,20,20,0,0,1.0,0.0,1.0
FOV_score_top3,0.014999999664723873,20,20,0,0,1.0,0.0,1.0
FOV_score_top3,0.01600000075995922,20,20,0,0,1.0,0.0,1.0
FOV_score_top3,0.017000000923871994,20,20,0,0,1.0,0.0,1.0
FOV_score_top3,0.017999999225139618,20,20,0,0,1.0,0.0,1.0
FOV_score_top3,0.01899999938905239,20,20,0,0,1.0,0.0,1.0
FOV_score_top3,0.019999999552965164,20,20,0,0,1.0,0.0,1.0
FOV_score_top3,0.020999999716877937,20,20,0,0,1.0,0.0,1.0
FOV_score_top3,0.02199999988079071,20,20,0,0,1.0,0.0,1.0
FOV_score_top3,0.023000000044703484,20,20,0,0,1.0,0.0,1.0
FOV_score_top3,0.024000000208616257,20,20,0,0,1.0,0.0,1.0
FOV_score_top3,0.02500000037252903,20,20,0,0,1.0,0.0,1.0
FOV_score_top3,0.026000000536441803,20,20,0,0,1.0,0.0,1.0
FOV_score_top3,0.027000000700354576,20,20,0,0,1.0,0.0,1.0
FOV_score_top3,0.02800000086426735,20,20,0,0,1.0,0.0,1.0
FOV_score_top3,0.028999999165534973,20,20,0,0,1.0,0.0,1.0
FOV_score_top3,0.029999999329447746,20,20,0,0,1.0,0.0,1.0
FOV_score_top3,0.03099999949336052,20,20,0,0,1.0,0.0,1.0
FOV_score_top3,0.03200000151991844,20,20,0,0,1.0,0.0,1.0
FOV_score_top3,0.032999999821186066,20,20,0,0,1.0,0.0,1.0
FOV_score_top3,0.03400000184774399,20,20,0,0,1.0,0.0,1.0
FOV_score_top3,0.03500000014901161,20,20,0,0,1.0,0.0,1.0
FOV_score_top3,0.035999998450279236,20,20,0,0,1.0,0.0,1.0
FOV_score_top3,0.03700000047683716,20,20,0,0,1.0,0.0,1.0
FOV_score_top3,0.03799999877810478,20,20,0,0,1.0,0.0,1.0
FOV_score_top3,0.039000000804662704,20,20,0,0,1.0,0.0,1.0
FOV_score_top3,0.03999999910593033,20,20,0,0,1.0,0.0,1.0
FOV_score_top3,0.04100000113248825,20,20,0,0,1.0,0.0,1.0
FOV_score_top3,0.041999999433755875,20,20,0,0,1.0,0.0,1.0
FOV_score_top3,0.0430000014603138,20,20,0,0,1.0,0.0,1.0
FOV_score_top3,0.04399999976158142,20,20,0,0,1.0,0.0,1.0
FOV_score_top3,0.04500000178813934,20,20,0,0,1.0,0.0,1.0
FOV_score_top3,0.04600000008940697,20,20,0,0,1.0,0.0,1.0
FOV_score_top3,0.04699999839067459,20,20,0,0,1.0,0.0,1.0
FOV_score_top3,0.04800000041723251,20,20,0,0,1.0,0.0,1.0
FOV_score_top3,0.04899999871850014,20,20,0,0,1.0,0.0,1.0
FOV_score_top3,0.05000000074505806,20,20,0,0,1.0,0.0,1.0
FOV_score_top3,0.050999999046325684,20,20,0,0,1.0,0.0,1.0
FOV_score_top3,0.052000001072883606,20,20,0,0,1.0,0.0,1.0
FOV_score_top3,0.05299999937415123,20,20,0,0,1.0,0.0,1.0
FOV_score_top3,0.05400000140070915,20,20,0,0,1.0,0.0,1.0
FOV_score_top3,0.054999999701976776,20,20,0,0,1.0,0.0,1.0
FOV_score_top3,0.0560000017285347,20,20,0,0,1.0,0.0,1.0
FOV_score_top3,0.05700000002980232,20,20,0,0,1.0,0.0,1.0
FOV_score_top3,0.057999998331069946,20,20,0,0,1.0,0.0,1.0
FOV_score_top3,0.05900000035762787,20,20,0,0,1.0,0.0,1.0
FOV_score_top3,0.05999999865889549,20,20,0,0,1.0,0.0,1.0
FOV_score_top3,0.061000000685453415,20,20,0,0,1.0,0.0,1.0
FOV_score_top3,0.06199999898672104,20,20,0,0,1.0,0.0,1.0
FOV_score_top3,0.06300000101327896,20,20,0,0,1.0,0.0,1.0
FOV_score_top3,0.06400000303983688,20,20,0,0,1.0,0.0,1.0
FOV_score_top3,0.06499999761581421,20,20,0,0,1.0,0.0,1.0
FOV_score_top3,0.06599999964237213,20,20,0,0,1.0,0.0,1.0
FOV_score_top3,0.06700000166893005,20,20,0,0,1.0,0.0,1.0
FOV_score_top3,0.06800000369548798,20,20,0,0,1.0,0.0,1.0
FOV_score_top3,0.0689999982714653,20,20,0,0,1.0,0.0,1.0
FOV_score_top3,0.07000000029802322,20,20,0,0,1.0,0.0,1.0
FOV_score_top3,0.07100000232458115,20,20,0,0,1.0,0.0,1.0
FOV_score_top3,0.07199999690055847,20,20,0,0,1.0,0.0,1.0
FOV_score_top3,0.0729999989271164,20,20,0,0,1.0,0.0,1.0
FOV_score_top3,0.07400000095367432,20,20,0,0,1.0,0.0,1.0
FOV_score_top3,0.07500000298023224,20,20,0,0,1.0,0.0,1.0
FOV_score_top3,0.07599999755620956,20,20,0,0,1.0,0.0,1.0
FOV_score_top3,0.07699999958276749,20,20,0,0,1.0,0.0,1.0
FOV_score_top3,0.07800000160932541,20,20,0,0,1.0,0.0,1.0
FOV_score_top3,0.07900000363588333,20,20,0,0,1.0,0.0,1.0
FOV_score_top3,0.07999999821186066,20,20,0,0,1.0,0.0,1.0
FOV_score_top3,0.08100000023841858,20,20,0,0,1.0,0.0,1.0
FOV_score_top3,0.0820000022649765,20,20,0,0,1.0,0.0,1.0
FOV_score_top3,0.08299999684095383,20,20,0,0,1.0,0.0,1.0
FOV_score_top3,0.08399999886751175,20,20,0,0,1.0,0.0,1.0
FOV_score_top3,0.08500000089406967,20,20,0,0,1.0,0.0,1.0
FOV_score_top3,0.0860000029206276,20,20,0,0,1.0,0.0,1.0
FOV_score_top3,0.08699999749660492,20,20,0,0,1.0,0.0,1.0
FOV_score_top3,0.08799999952316284,20,20,0,0,1.0,0.0,1.0
FOV_score_top3,0.08900000154972076,20,20,0,0,1.0,0.0,1.0
FOV_score_top3,0.09000000357627869,20,20,0,0,1.0,0.0,1.0
FOV_score_top3,0.09099999815225601,20,20,0,0,1.0,0.0,1.0
FOV_score_top3,0.09200000017881393,20,20,0,0,1.0,0.0,1.0
FOV_score_top3,0.09300000220537186,20,20,0,0,1.0,0.0,1.0
FOV_score_top3,0.09399999678134918,20,20,0,0,1.0,0.0,1.0
FOV_score_top3,0.0949999988079071,20,20,0,0,1.0,0.0,1.0
FOV_score_top3,0.09600000083446503,20,20,0,0,1.0,0.0,1.0
FOV_score_top3,0.09700000286102295,20,20,0,0,1.0,0.0,1.0
FOV_score_top3,0.09799999743700027,20,20,0,0,1.0,0.0,1.0
FOV_score_top3,0.0989999994635582,20,20,0,0,1.0,0.0,1.0
FOV_score_top3,0.10000000149011612,20,20,0,0,1.0,0.0,1.0
FOV_score_top3,0.10100000351667404,20,20,0,0,1.0,0.0,1.0
FOV_score_top3,0.10199999809265137,20,20,0,0,1.0,0.0,1.0
FOV_score_top3,0.10300000011920929,20,20,0,0,1.0,0.0,1.0
FOV_score_top3,0.10400000214576721,20,20,0,0,1.0,0.0,1.0
FOV_score_top3,0.10499999672174454,20,20,0,0,1.0,0.0,1.0
FOV_score_top3,0.10599999874830246,20,20,0,0,1.0,0.0,1.0
FOV_score_top3,0.10700000077486038,20,20,0,0,1.0,0.0,1.0
FOV_score_top3,0.1080000028014183,20,20,0,0,1.0,0.0,1.0
FOV_score_top3,0.10899999737739563,20,20,0,0,1.0,0.0,1.0
FOV_score_top3,0.10999999940395355,20,20,0,0,1.0,0.0,1.0
FOV_score_top3,0.11100000143051147,20,20,0,0,1.0,0.0,1.0
FOV_score_top3,0.1120000034570694,20,20,0,0,1.0,0.0,1.0
FOV_score_top3,0.11299999803304672,20,20,0,0,1.0,0.0,1.0
FOV_score_top3,0.11400000005960464,20,20,0,0,1.0,0.0,1.0
FOV_score_top3,0.11500000208616257,20,20,0,0,1.0,0.0,1.0
FOV_score_top3,0.11599999666213989,20,20,0,0,1.0,0.0,1.0
FOV_score_top3,0.11699999868869781,20,20,0,0,1.0,0.0,1.0
FOV_score_top3,0.11800000071525574,20,20,0,0,1.0,0.0,1.0
FOV_score_top3,0.11900000274181366,20,20,0,0,1.0,0.0,1.0
FOV_score_top3,0.11999999731779099,20,20,0,0,1.0,0.0,1.0
FOV_score_top3,0.12099999934434891,20,20,0,0,1.0,0.0,1.0
FOV_score_top3,0.12200000137090683,20,20,0,0,1.0,0.0,1.0
FOV_score_top3,0.12300000339746475,20,20,0,0,1.0,0.0,1.0
FOV_score_top3,0.12399999797344208,20,20,0,0,1.0,0.0,1.0
FOV_score_top3,0.125,20,20,0,0,1.0,0.0,1.0
FOV_score_top3,0.12600000202655792,20,20,0,0,1.0,0.0,1.0
FOV_score_top3,0.12700000405311584,20,20,0,0,1.0,0.0,1.0
FOV_score_top3,0.12800000607967377,20,20,0,0,1.0,0.0,1.0
FOV_score_top3,0.1289999932050705,20,20,0,0,1.0,0.0,1.0
FOV_score_top3,0.12999999523162842,20,20,0,0,1.0,0.0,1.0
FOV_score_top3,0.13099999725818634,20,20,0,0,1.0,0.0,1.0
FOV_score_top3,0.13199999928474426,20,20,0,0,1.0,0.0,1.0
FOV_score_top3,0.13300000131130219,20,20,0,0,1.0,0.0,1.0
FOV_score_top3,0.1340000033378601,20,20,0,0,1.0,0.0,1.0
FOV_score_top3,0.13500000536441803,20,20,0,0,1.0,0.0,1.0
FOV_score_top3,0.13600000739097595,20,20,0,0,1.0,0.0,1.0
FOV_score_top3,0.13699999451637268,20,20,0,0,1.0,0.0,1.0
FOV_score_top3,0.1379999965429306,20,20,0,0,1.0,0.0,1.0
FOV_score_top3,0.13899999856948853,20,20,0,0,1.0,0.0,1.0
FOV_score_top3,0.14000000059604645,20,20,0,0,1.0,0.0,1.0
FOV_score_top3,0.14100000262260437,20,20,0,0,1.0,0.0,1.0
FOV_score_top3,0.1420000046491623,20,20,0,0,1.0,0.0,1.0
FOV_score_top3,0.14300000667572021,20,20,0,0,1.0,0.0,1.0
FOV_score_top3,0.14399999380111694,20,20,0,0,1.0,0.0,1.0
FOV_score_top3,0.14499999582767487,20,20,0,0,1.0,0.0,1.0
FOV_score_top3,0.1459999978542328,20,20,0,0,1.0,0.0,1.0
FOV_score_top3,0.1469999998807907,20,20,0,0,1.0,0.0,1.0
FOV_score_top3,0.14800000190734863,20,20,0,0,1.0,0.0,1.0
FOV_score_top3,0.14900000393390656,20,20,0,0,1.0,0.0,1.0
FOV_score_top3,0.15000000596046448,20,20,0,0,1.0,0.0,1.0
FOV_score_top3,0.1509999930858612,20,20,0,0,1.0,0.0,1.0
FOV_score_top3,0.15199999511241913,20,20,0,0,1.0,0.0,1.0
FOV_score_top3,0.15299999713897705,20,20,0,0,1.0,0.0,1.0
FOV_score_top3,0.15399999916553497,20,20,0,0,1.0,0.0,1.0
FOV_score_top3,0.1550000011920929,20,20,0,0,1.0,0.0,1.0
FOV_score_top3,0.15600000321865082,20,20,0,0,1.0,0.0,1.0
FOV_score_top3,0.15700000524520874,20,20,0,0,1.0,0.0,1.0
FOV_score_top3,0.15800000727176666,20,20,0,0,1.0,0.0,1.0
FOV_score_top3,0.1589999943971634,20,20,0,0,1.0,0.0,1.0
FOV_score_top3,0.1599999964237213,20,20,0,0,1.0,0.0,1.0
FOV_score_top3,0.16099999845027924,20,20,0,0,1.0,0.0,1.0
FOV_score_top3,0.16200000047683716,20,20,0,0,1.0,0.0,1.0
FOV_score_top3,0.16300000250339508,20,20,0,0,1.0,0.0,1.0
FOV_score_top3,0.164000004529953,20,20,0,0,1.0,0.0,1.0
FOV_score_top3,0.16500000655651093,20,20,0,0,1.0,0.0,1.0
FOV_score_top3,0.16599999368190765,20,20,0,0,1.0,0.0,1.0
FOV_score_top3,0.16699999570846558,20,20,0,0,1.0,0.0,1.0
FOV_score_top3,0.1679999977350235,20,20,0,0,1.0,0.0,1.0
FOV_score_top3,0.16899999976158142,20,20,0,0,1.0,0.0,1.0
FOV_score_top3,0.17000000178813934,20,20,0,0,1.0,0.0,1.0
FOV_score_top3,0.17100000381469727,20,20,0,0,1.0,0.0,1.0
FOV_score_top3,0.1720000058412552,20,20,0,0,1.0,0.0,1.0
FOV_score_top3,0.17299999296665192,20,20,0,0,1.0,0.0,1.0
FOV_score_top3,0.17399999499320984,20,20,0,0,1.0,0.0,1.0
FOV_score_top3,0.17499999701976776,20,20,0,0,1.0,0.0,1.0
FOV_score_top3,0.17599999904632568,20,20,0,0,1.0,0.0,1.0
FOV_score_top3,0.1770000010728836,20,20,0,0,1.0,0.0,1.0
FOV_score_top3,0.17800000309944153,20,20,0,0,1.0,0.0,1.0
FOV_score_top3,0.17900000512599945,20,20,0,0,1.0,0.0,1.0
FOV_score_top3,0.18000000715255737,20,20,0,0,1.0,0.0,1.0
FOV_score_top3,0.1809999942779541,20,20,0,0,1.0,0.0,1.0
FOV_score_top3,0.18199999630451202,20,20,0,0,1.0,0.0,1.0
FOV_score_top3,0.18299999833106995,20,20,0,0,1.0,0.0,1.0
FOV_score_top3,0.18400000035762787,20,20,0,0,1.0,0.0,1.0
FOV_score_top3,0.1850000023841858,20,20,0,0,1.0,0.0,1.0
FOV_score_top3,0.1860000044107437,20,20,0,0,1.0,0.0,1.0
FOV_score_top3,0.18700000643730164,20,20,0,0,1.0,0.0,1.0
FOV_score_top3,0.18799999356269836,20,20,0,0,1.0,0.0,1.0
FOV_score_top3,0.1889999955892563,20,20,0,0,1.0,0.0,1.0
FOV_score_top3,0.1899999976158142,20,20,0,0,1.0,0.0,1.0
FOV_score_top3,0.19099999964237213,20,20,0,0,1.0,0.0,1.0
FOV_score_top3,0.19200000166893005,20,20,0,0,1.0,0.0,1.0
FOV_score_top3,0.19300000369548798,20,20,0,0,1.0,0.0,1.0
FOV_score_top3,0.1940000057220459,20,20,0,0,1.0,0.0,1.0
FOV_score_top3,0.19499999284744263,20,20,0,0,1.0,0.0,1.0
FOV_score_top3,0.19599999487400055,20,20,0,0,1.0,0.0,1.0
FOV_score_top3,0.19699999690055847,20,20,0,0,1.0,0.0,1.0
FOV_score_top3,0.1979999989271164,20,20,0,0,1.0,0.0,1.0
FOV_score_top3,0.19900000095367432,20,20,0,0,1.0,0.0,1.0
FOV_score_top3,0.20000000298023224,20,20,0,0,1.0,0.0,1.0
FOV_score_top3,0.20100000500679016,20,20,0,0,1.0,0.0,1.0
FOV_score_top3,0.20200000703334808,20,20,0,0,1.0,0.0,1.0
FOV_score_top3,0.2029999941587448,20,20,0,0,1.0,0.0,1.0
FOV_score_top3,0.20399999618530273,20,20,0,0,1.0,0.0,1.0
FOV_score_top3,0.20499999821186066,20,20,0,0,1.0,0.0,1.0
FOV_score_top3,0.20600000023841858,20,20,0,0,1.0,0.0,1.0
FOV_score_top3,0.2070000022649765,20,20,0,0,1.0,0.0,1.0
FOV_score_top3,0.20800000429153442,20,20,0,0,1.0,0.0,1.0
FOV_score_top3,0.20900000631809235,20,20,0,0,1.0,0.0,1.0
FOV_score_top3,0.20999999344348907,20,20,0,0,1.0,0.0,1.0
FOV_score_top3,0.210999995470047,20,20,0,0,1.0,0.0,1.0
FOV_score_top3,0.21199999749660492,20,20,0,0,1.0,0.0,1.0
FOV_score_top3,0.21299999952316284,20,20,0,0,1.0,0.0,1.0
FOV_score_top3,0.21400000154972076,20,20,0,0,1.0,0.0,1.0
FOV_score_top3,0.2150000035762787,20,20,0,0,1.0,0.0,1.0
FOV_score_top3,0.2160000056028366,20,20,0,0,1.0,0.0,1.0
FOV_score_top3,0.21699999272823334,20,20,0,0,1.0,0.0,1.0
FOV_score_top3,0.21799999475479126,20,20,0,0,1.0,0.0,1.0
FOV_score_top3,0.21899999678134918,20,20,0,0,1.0,0.0,1.0
FOV_score_top3,0.2199999988079071,20,20,0,0,1.0,0.0,1.0
FOV_score_top3,0.22100000083446503,20,20,0,0,1.0,0.0,1.0
FOV_score_top3,0.22200000286102295,20,20,0,0,1.0,0.0,1.0
FOV_score_top3,0.22300000488758087,20,20,0,0,1.0,0.0,1.0
FOV_score_top3,0.2240000069141388,20,20,0,0,1.0,0.0,1.0
FOV_score_top3,0.22499999403953552,20,20,0,0,1.0,0.0,1.0
FOV_score_top3,0.22599999606609344,20,20,0,0,1.0,0.0,1.0
FOV_score_top3,0.22699999809265137,20,20,0,0,1.0,0.0,1.0
FOV_score_top3,0.2280000001192093,20,20,0,0,1.0,0.0,1.0
FOV_score_top3,0.2290000021457672,20,20,0,0,1.0,0.0,1.0
FOV_score_top3,0.23000000417232513,20,20,0,0,1.0,0.0,1.0
FOV_score_top3,0.23100000619888306,20,20,0,0,1.0,0.0,1.0
FOV_score_top3,0.23199999332427979,20,20,0,0,1.0,0.0,1.0
FOV_score_top3,0.2329999953508377,20,20,0,0,1.0,0.0,1.0
FOV_score_top3,0.23399999737739563,20,20,0,0,1.0,0.0,1.0
FOV_score_top3,0.23499999940395355,20,20,0,0,1.0,0.0,1.0
FOV_score_top3,0.23600000143051147,20,20,0,0,1.0,0.0,1.0
FOV_score_top3,0.2370000034570694,20,20,0,0,1.0,0.0,1.0
FOV_score_top3,0.23800000548362732,20,20,0,0,1.0,0.0,1.0
FOV_score_top3,0.23899999260902405,20,20,0,0,1.0,0.0,1.0
FOV_score_top3,0.23999999463558197,20,20,0,0,1.0,0.0,1.0
FOV_score_top3,0.2409999966621399,20,20,0,0,1.0,0.0,1.0
FOV_score_top3,0.24199999868869781,20,20,0,0,1.0,0.0,1.0
FOV_score_top3,0.24300000071525574,20,20,0,0,1.0,0.0,1.0
FOV_score_top3,0.24400000274181366,20,20,0,0,1.0,0.0,1.0
FOV_score_top3,0.24500000476837158,20,20,0,0,1.0,0.0,1.0
FOV_score_top3,0.2460000067949295,20,20,0,0,1.0,0.0,1.0
FOV_score_top3,0.24699999392032623,20,20,0,0,1.0,0.0,1.0
FOV_score_top3,0.24799999594688416,20,20,0,0,1.0,0.0,1.0
FOV_score_top3,0.24899999797344208,20,20,0,0,1.0,0.0,1.0
FOV_score_top3,0.25,20,20,0,0,1.0,0.0,1.0
FOV_score_top3,0.25099998712539673,20,20,0,0,1.0,0.0,1.0
FOV_score_top3,0.25200000405311584,20,20,0,0,1.0,0.0,1.0
FOV_score_top3,0.2529999911785126,20,20,0,0,1.0,0.0,1.0
FOV_score_top3,0.2540000081062317,20,20,0,0,1.0,0.0,1.0
FOV_score_top3,0.2549999952316284,20,20,0,0,1.0,0.0,1.0
FOV_score_top3,0.25600001215934753,20,20,0,0,1.0,0.0,1.0
FOV_score_top3,0.25699999928474426,20,20,0,0,1.0,0.0,1.0
FOV_score_top3,0.257999986410141,20,20,0,0,1.0,0.0,1.0
FOV_score_top3,0.2590000033378601,20,20,0,0,1.0,0.0,1.0
FOV_score_top3,0.25999999046325684,20,20,0,0,1.0,0.0,1.0
FOV_score_top3,0.26100000739097595,20,20,0,0,1.0,0.0,1.0
FOV_score_top3,0.2619999945163727,20,20,0,0,1.0,0.0,1.0
FOV_score_top3,0.2630000114440918,20,20,0,0,1.0,0.0,1.0
FOV_score_top3,0.2639999985694885,20,20,0,0,1.0,0.0,1.0
FOV_score_top3,0.26499998569488525,20,20,0,0,1.0,0.0,1.0
FOV_score_top3,0.26600000262260437,20,20,0,0,1.0,0.0,1.0
FOV_score_top3,0.2669999897480011,20,20,0,0,1.0,0.0,1.0
FOV_score_top3,0.2680000066757202,20,20,0,0,1.0,0.0,1.0
FOV_score_top3,0.26899999380111694,20,20,0,0,1.0,0.0,1.0
FOV_score_top3,0.27000001072883606,20,20,0,0,1.0,0.0,1.0
FOV_score_top3,0.2709999978542328,20,20,0,0,1.0,0.0,1.0
FOV_score_top3,0.2720000147819519,20,20,0,0,1.0,0.0,1.0
FOV_score_top3,0.27300000190734863,20,20,0,0,1.0,0.0,1.0
FOV_score_top3,0.27399998903274536,20,20,0,0,1.0,0.0,1.0
FOV_score_top3,0.2750000059604645,20,20,0,0,1.0,0.0,1.0
FOV_score_top3,0.2759999930858612,20,20,0,0,1.0,0.0,1.0
FOV_score_top3,0.2770000100135803,20,20,0,0,1.0,0.0,1.0
FOV_score_top3,0.27799999713897705,20,20,0,0,1.0,0.0,1.0
FOV_score_top3,0.27900001406669617,20,20,0,0,1.0,0.0,1.0
FOV_score_top3,0.2800000011920929,20,20,0,0,1.0,0.0,1.0
FOV_score_top3,0.2809999883174896,20,20,0,0,1.0,0.0,1.0
FOV_score_top3,0.28200000524520874,20,20,0,0,1.0,0.0,1.0
FOV_score_top3,0.28299999237060547,20,20,0,0,1.0,0.0,1.0
FOV_score_top3,0.2840000092983246,20,20,0,0,1.0,0.0,1.0
FOV_score_top3,0.2849999964237213,20,20,0,0,1.0,0.0,1.0
FOV_score_top3,0.28600001335144043,20,20,0,0,1.0,0.0,1.0
FOV_score_top3,0.28700000047683716,20,20,0,0,1.0,0.0,1.0
FOV_score_top3,0.2879999876022339,20,20,0,0,1.0,0.0,1.0
FOV_score_top3,0.289000004529953,20,20,0,0,1.0,0.0,1.0
FOV_score_top3,0.28999999165534973,20,20,0,0,1.0,0.0,1.0
FOV_score_top3,0.29100000858306885,20,20,0,0,1.0,0.0,1.0
FOV_score_top3,0.2919999957084656,20,20,0,0,1.0,0.0,1.0
FOV_score_top3,0.2930000126361847,20,20,0,0,1.0,0.0,1.0
FOV_score_top3,0.2939999997615814,20,20,0,0,1.0,0.0,1.0
FOV_score_top3,0.29499998688697815,20,20,0,0,1.0,0.0,1.0
FOV_score_top3,0.29600000381469727,20,20,0,0,1.0,0.0,1.0
FOV_score_top3,0.296999990940094,20,20,0,0,1.0,0.0,1.0
FOV_score_top3,0.2980000078678131,20,20,0,0,1.0,0.0,1.0
FOV_score_top3,0.29899999499320984,20,20,0,0,1.0,0.0,1.0
FOV_score_top3,0.30000001192092896,20,20,0,0,1.0,0.0,1.0
FOV_score_top3,0.3009999990463257,20,20,0,0,1.0,0.0,1.0
FOV_score_top3,0.3019999861717224,20,20,0,0,1.0,0.0,1.0
FOV_score_top3,0.30300000309944153,20,20,0,0,1.0,0.0,1.0
FOV_score_top3,0.30399999022483826,20,20,0,0,1.0,0.0,1.0
FOV_score_top3,0.3050000071525574,20,20,0,0,1.0,0.0,1.0
FOV_score_top3,0.3059999942779541,20,20,0,0,1.0,0.0,1.0
FOV_score_top3,0.3070000112056732,20,20,0,0,1.0,0.0,1.0
FOV_score_top3,0.30799999833106995,20,20,0,0,1.0,0.0,1.0
FOV_score_top3,0.3089999854564667,20,20,0,0,1.0,0.0,1.0
FOV_score_top3,0.3100000023841858,20,20,0,0,1.0,0.0,1.0
FOV_score_top3,0.3109999895095825,20,20,0,0,1.0,0.0,1.0
FOV_score_top3,0.31200000643730164,20,20,0,0,1.0,0.0,1.0
FOV_score_top3,0.31299999356269836,20,20,0,0,1.0,0.0,1.0
FOV_score_top3,0.3140000104904175,20,20,0,0,1.0,0.0,1.0
FOV_score_top3,0.3149999976158142,20,20,0,0,1.0,0.0,1.0
FOV_score_top3,0.3160000145435333,20,20,0,0,1.0,0.0,1.0
FOV_score_top3,0.31700000166893005,20,20,0,0,1.0,0.0,1.0
FOV_score_top3,0.3179999887943268,20,20,0,0,1.0,0.0,1.0
FOV_score_top3,0.3190000057220459,20,20,0,0,1.0,0.0,1.0
FOV_score_top3,0.3199999928474426,20,20,0,0,1.0,0.0,1.0
FOV_score_top3,0.32100000977516174,20,20,0,0,1.0,0.0,1.0
FOV_score_top3,0.32199999690055847,20,20,0,0,1.0,0.0,1.0
FOV_score_top3,0.3230000138282776,20,20,0,0,1.0,0.0,1.0
FOV_score_top3,0.3240000009536743,20,20,0,0,1.0,0.0,1.0
FOV_score_top3,0.32499998807907104,20,20,0,0,1.0,0.0,1.0
FOV_score_top3,0.32600000500679016,20,20,0,0,1.0,0.0,1.0
FOV_score_top3,0.3269999921321869,20,20,0,0,1.0,0.0,1.0
FOV_score_top3,0.328000009059906,20,20,0,0,1.0,0.0,1.0
FOV_score_top3,0.32899999618530273,20,20,0,0,1.0,0.0,1.0
FOV_score_top3,0.33000001311302185,20,20,0,0,1.0,0.0,1.0
FOV_score_top3,0.3310000002384186,20,20,0,0,1.0,0.0,1.0
FOV_score_top3,0.3319999873638153,20,20,0,0,1.0,0.0,1.0
FOV_score_top3,0.3330000042915344,20,20,0,0,1.0,0.0,1.0
FOV_score_top3,0.33399999141693115,20,20,0,0,1.0,0.0,1.0
FOV_score_top3,0.33500000834465027,20,20,0,0,1.0,0.0,1.0
FOV_score_top3,0.335999995470047,20,20,0,0,1.0,0.0,1.0
FOV_score_top3,0.3370000123977661,20,20,0,0,1.0,0.0,1.0
FOV_score_top3,0.33799999952316284,20,20,0,0,1.0,0.0,1.0
FOV_score_top3,0.33899998664855957,20,20,0,0,1.0,0.0,1.0
FOV_score_top3,0.3400000035762787,20,20,0,0,1.0,0.0,1.0
FOV_score_top3,0.3409999907016754,20,20,0,0,1.0,0.0,1.0
FOV_score_top3,0.34200000762939453,20,20,0,0,1.0,0.0,1.0
FOV_score_top3,0.34299999475479126,20,20,0,0,1.0,0.0,1.0
FOV_score_top3,0.3440000116825104,20,20,0,0,1.0,0.0,1.0
FOV_score_top3,0.3449999988079071,20,20,0,0,1.0,0.0,1.0
FOV_score_top3,0.34599998593330383,20,20,0,0,1.0,0.0,1.0
FOV_score_top3,0.34700000286102295,20,20,0,0,1.0,0.0,1.0
FOV_score_top3,0.3479999899864197,20,20,0,0,1.0,0.0,1.0
FOV_score_top3,0.3490000069141388,20,20,0,0,1.0,0.0,1.0
FOV_score_top3,0.3499999940395355,20,20,0,0,1.0,0.0,1.0
FOV_score_top3,0.35100001096725464,20,20,0,0,1.0,0.0,1.0
FOV_score_top3,0.35199999809265137,20,20,0,0,1.0,0.0,1.0
FOV_score_top3,0.3529999852180481,20,20,0,0,1.0,0.0,1.0
FOV_score_top3,0.3540000021457672,20,20,0,0,1.0,0.0,1.0
FOV_score_top3,0.35499998927116394,20,20,0,0,1.0,0.0,1.0
FOV_score_top3,0.35600000619888306,20,20,0,0,1.0,0.0,1.0
FOV_score_top3,0.3569999933242798,20,20,0,0,1.0,0.0,1.0
FOV_score_top3,0.3580000102519989,20,20,0,0,1.0,0.0,1.0
FOV_score_top3,0.35899999737739563,20,20,0,0,1.0,0.0,1.0
FOV_score_top3,0.36000001430511475,20,20,0,0,1.0,0.0,1.0
FOV_score_top3,0.3610000014305115,20,20,0,0,1.0,0.0,1.0
FOV_score_top3,0.3619999885559082,20,20,0,0,1.0,0.0,1.0
FOV_score_top3,0.3630000054836273,20,20,0,0,1.0,0.0,1.0
FOV_score_top3,0.36399999260902405,20,20,0,0,1.0,0.0,1.0
FOV_score_top3,0.36500000953674316,20,20,0,0,1.0,0.0,1.0
FOV_score_top3,0.3659999966621399,20,20,0,0,1.0,0.0,1.0
FOV_score_top3,0.367000013589859,20,20,0,0,1.0,0.0,1.0
FOV_score_top3,0.36800000071525574,20,20,0,0,1.0,0.0,1.0
FOV_score_top3,0.36899998784065247,20,20,0,0,1.0,0.0,1.0
FOV_score_top3,0.3700000047683716,20,20,0,0,1.0,0.0,1.0
FOV_score_top3,0.3709999918937683,20,20,0,0,1.0,0.0,1.0
FOV_score_top3,0.3720000088214874,20,20,0,0,1.0,0.0,1.0
FOV_score_top3,0.37299999594688416,20,20,0,0,1.0,0.0,1.0
FOV_score_top3,0.37400001287460327,20,20,0,0,1.0,0.0,1.0
FOV_score_top3,0.375,20,20,0,0,1.0,0.0,1.0
FOV_score_top3,0.37599998712539673,20,20,0,0,1.0,0.0,1.0
FOV_score_top3,0.37700000405311584,20,20,0,0,1.0,0.0,1.0
FOV_score_top3,0.3779999911785126,20,20,0,0,1.0,0.0,1.0
FOV_score_top3,0.3790000081062317,20,20,0,0,1.0,0.0,1.0
FOV_score_top3,0.3799999952316284,20,20,0,0,1.0,0.0,1.0
FOV_score_top3,0.38100001215934753,20,20,0,0,1.0,0.0,1.0
FOV_score_top3,0.38199999928474426,20,20,0,0,1.0,0.0,1.0
FOV_score_top3,0.382999986410141,20,20,0,0,1.0,0.0,1.0
FOV_score_top3,0.3840000033378601,20,20,0,0,1.0,0.0,1.0
FOV_score_top3,0.38499999046325684,20,20,0,0,1.0,0.0,1.0
FOV_score_top3,0.38600000739097595,20,20,0,0,1.0,0.0,1.0
FOV_score_top3,0.3869999945163727,20,20,0,0,1.0,0.0,1.0
FOV_score_top3,0.3880000114440918,20,20,0,0,1.0,0.0,1.0
FOV_score_top3,0.3889999985694885,20,20,0,0,1.0,0.0,1.0
FOV_score_top3,0.38999998569488525,20,20,0,0,1.0,0.0,1.0
FOV_score_top3,0.39100000262260437,20,20,0,0,1.0,0.0,1.0
FOV_score_top3,0.3919999897480011,20,20,0,0,1.0,0.0,1.0
FOV_score_top3,0.3930000066757202,20,20,0,0,1.0,0.0,1.0
FOV_score_top3,0.39399999380111694,20,20,0,0,1.0,0.0,1.0
FOV_score_top3,0.39500001072883606,20,20,0,0,1.0,0.0,1.0
FOV_score_top3,0.3959999978542328,20,20,0,0,1.0,0.0,1.0
FOV_score_top3,0.3970000147819519,20,20,0,0,1.0,0.0,1.0
FOV_score_top3,0.39800000190734863,20,20,0,0,1.0,0.0,1.0
FOV_score_top3,0.39899998903274536,20,20,0,0,1.0,0.0,1.0
FOV_score_top3,0.4000000059604645,20,20,0,0,1.0,0.0,1.0
FOV_score_top3,0.4009999930858612,20,20,0,0,1.0,0.0,1.0
FOV_score_top3,0.4020000100135803,20,20,0,0,1.0,0.0,1.0
FOV_score_top3,0.40299999713897705,20,20,0,0,1.0,0.0,1.0
FOV_score_top3,0.40400001406669617,20,20,0,0,1.0,0.0,1.0
FOV_score_top3,0.4050000011920929,20,20,0,0,1.0,0.0,1.0
FOV_score_top3,0.4059999883174896,20,20,0,0,1.0,0.0,1.0
FOV_score_top3,0.40700000524520874,20,20,0,0,1.0,0.0,1.0
FOV_score_top3,0.40799999237060547,20,20,0,0,1.0,0.0,1.0
FOV_score_top3,0.4090000092983246,20,20,0,0,1.0,0.0,1.0
FOV_score_top3,0.4099999964237213,20,20,0,0,1.0,0.0,1.0
FOV_score_top3,0.41100001335144043,20,20,0,0,1.0,0.0,1.0
FOV_score_top3,0.41200000047683716,20,20,0,0,1.0,0.0,1.0
FOV_score_top3,0.4129999876022339,20,20,0,0,1.0,0.0,1.0
FOV_score_top3,0.414000004529953,20,20,0,0,1.0,0.0,1.0
FOV_score_top3,0.41499999165534973,20,20,0,0,1.0,0.0,1.0
FOV_score_top3,0.41600000858306885,20,20,0,0,1.0,0.0,1.0
FOV_score_top3,0.4169999957084656,20,20,0,0,1.0,0.0,1.0
FOV_score_top3,0.4180000126361847,20,20,0,0,1.0,0.0,1.0
FOV_score_top3,0.4189999997615814,20,20,0,0,1.0,0.0,1.0
FOV_score_top3,0.41999998688697815,20,20,0,0,1.0,0.0,1.0
FOV_score_top3,0.42100000381469727,20,20,0,0,1.0,0.0,1.0
FOV_score_top3,0.421999990940094,20,20,0,0,1.0,0.0,1.0
FOV_score_top3,0.4230000078678131,20,20,0,0,1.0,0.0,1.0
FOV_score_top3,0.42399999499320984,20,20,0,0,1.0,0.0,1.0
FOV_score_top3,0.42500001192092896,20,20,0,0,1.0,0.0,1.0
FOV_score_top3,0.4259999990463257,20,20,0,0,1.0,0.0,1.0
FOV_score_top3,0.4269999861717224,20,20,0,0,1.0,0.0,1.0
FOV_score_top3,0.42800000309944153,20,20,0,0,1.0,0.0,1.0
FOV_score_top3,0.42899999022483826,20,20,0,0,1.0,0.0,1.0
FOV_score_top3,0.4300000071525574,20,20,0,0,1.0,0.0,1.0
FOV_score_top3,0.4309999942779541,20,20,0,0,1.0,0.0,1.0
FOV_score_top3,0.4320000112056732,20,20,0,0,1.0,0.0,1.0
FOV_score_top3,0.43299999833106995,20,20,0,0,1.0,0.0,1.0
FOV_score_top3,0.4339999854564667,20,20,0,0,1.0,0.0,1.0
FOV_score_top3,0.4350000023841858,20,20,0,0,1.0,0.0,1.0
FOV_score_top3,0.4359999895095825,20,20,0,0,1.0,0.0,1.0
FOV_score_top3,0.43700000643730164,20,20,0,0,1.0,0.0,1.0
FOV_score_top3,0.43799999356269836,20,20,0,0,1.0,0.0,1.0
FOV_score_top3,0.4390000104904175,20,20,0,0,1.0,0.0,1.0
FOV_score_top3,0.4399999976158142,20,20,0,0,1.0,0.0,1.0
FOV_score_top3,0.4410000145435333,20,20,0,0,1.0,0.0,1.0
FOV_score_top3,0.44200000166893005,20,20,0,0,1.0,0.0,1.0
FOV_score_top3,0.4429999887943268,20,20,0,0,1.0,0.0,1.0
FOV_score_top3,0.4440000057220459,20,20,0,0,1.0,0.0,1.0
FOV_score_top3,0.4449999928474426,20,20,0,0,1.0,0.0,1.0
FOV_score_top3,0.44600000977516174,20,20,0,0,1.0,0.0,1.0
FOV_score_top3,0.44699999690055847,20,20,0,0,1.0,0.0,1.0
FOV_score_top3,0.4480000138282776,20,20,0,0,1.0,0.0,1.0
FOV_score_top3,0.4490000009536743,20,20,0,0,1.0,0.0,1.0
FOV_score_top3,0.44999998807907104,20,20,0,0,1.0,0.0,1.0
FOV_score_top3,0.45100000500679016,20,20,0,0,1.0,0.0,1.0
FOV_score_top3,0.4519999921321869,20,20,0,0,1.0,0.0,1.0
FOV_score_top3,0.453000009059906,20,20,0,0,1.0,0.0,1.0
FOV_score_top3,0.45399999618530273,20,20,0,0,1.0,0.0,1.0
FOV_score_top3,0.45500001311302185,20,20,0,0,1.0,0.0,1.0
FOV_score_top3,0.4560000002384186,20,20,0,0,1.0,0.0,1.0
FOV_score_top3,0.4569999873638153,20,20,0,0,1.0,0.0,1.0
FOV_score_top3,0.4580000042915344,20,20,0,0,1.0,0.0,1.0
FOV_score_top3,0.45899999141693115,20,20,0,0,1.0,0.0,1.0
FOV_score_top3,0.46000000834465027,20,20,0,0,1.0,0.0,1.0
FOV_score_top3,0.460999995470047,20,20,0,0,1.0,0.0,1.0
FOV_score_top3,0.4620000123977661,20,20,0,0,1.0,0.0,1.0
FOV_score_top3,0.46299999952316284,20,20,0,0,1.0,0.0,1.0
FOV_score_top3,0.46399998664855957,20,20,0,0,1.0,0.0,1.0
FOV_score_top3,0.4650000035762787,20,20,0,0,1.0,0.0,1.0
FOV_score_top3,0.4659999907016754,20,20,0,0,1.0,0.0,1.0
FOV_score_top3,0.46700000762939453,20,20,0,0,1.0,0.0,1.0
FOV_score_top3,0.46799999475479126,20,20,0,0,1.0,0.0,1.0
FOV_score_top3,0.4690000116825104,20,20,0,0,1.0,0.0,1.0
FOV_score_top3,0.4699999988079071,20,20,0,0,1.0,0.0,1.0
FOV_score_top3,0.47099998593330383,20,20,0,0,1.0,0.0,1.0
FOV_score_top3,0.47200000286102295,20,20,0,0,1.0,0.0,1.0
FOV_score_top3,0.4729999899864197,20,20,0,0,1.0,0.0,1.0
FOV_score_top3,0.4740000069141388,20,20,0,0,1.0,0.0,1.0
FOV_score_top3,0.4749999940395355,20,20,0,0,1.0,0.0,1.0
FOV_score_top3,0.47600001096725464,20,20,0,0,1.0,0.0,1.0
FOV_score_top3,0.47699999809265137,20,20,0,0,1.0,0.0,1.0
FOV_score_top3,0.4779999852180481,20,20,0,0,1.0,0.0,1.0
FOV_score_top3,0.4790000021457672,20,20,0,0,1.0,0.0,1.0
FOV_score_top3,0.47999998927116394,20,20,0,0,1.0,0.0,1.0
FOV_score_top3,0.48100000619888306,20,20,0,0,1.0,0.0,1.0
FOV_score_top3,0.4819999933242798,20,20,0,0,1.0,0.0,1.0
FOV_score_top3,0.4830000102519989,20,20,0,0,1.0,0.0,1.0
FOV_score_top3,0.48399999737739563,20,20,0,0,1.0,0.0,1.0
FOV_score_top3,0.48500001430511475,20,20,0,0,1.0,0.0,1.0
FOV_score_top3,0.4860000014305115,20,20,0,0,1.0,0.0,1.0
FOV_score_top3,0.4869999885559082,20,20,0,0,1.0,0.0,1.0
FOV_score_top3,0.4880000054836273,20,20,0,0,1.0,0.0,1.0
FOV_score_top3,0.48899999260902405,20,20,0,0,1.0,0.0,1.0
FOV_score_top3,0.49000000953674316,20,20,0,0,1.0,0.0,1.0
FOV_score_top3,0.4909999966621399,20,20,0,0,1.0,0.0,1.0
FOV_score_top3,0.492000013589859,20,20,0,0,1.0,0.0,1.0
FOV_score_top3,0.49300000071525574,20,20,0,0,1.0,0.0,1.0
FOV_score_top3,0.49399998784065247,20,20,0,0,1.0,0.0,1.0
FOV_score_top3,0.4950000047683716,20,20,0,0,1.0,0.0,1.0
FOV_score_top3,0.4959999918937683,20,20,0,0,1.0,0.0,1.0
FOV_score_top3,0.4970000088214874,20,20,0,0,1.0,0.0,1.0
FOV_score_top3,0.49799999594688416,20,20,0,0,1.0,0.0,1.0
FOV_score_top3,0.49900001287460327,20,20,0,0,1.0,0.0,1.0
FOV_score_top3,0.5,20,20,0,0,1.0,0.0,1.0
FOV_score_top3,0.5009999871253967,20,20,0,0,1.0,0.0,1.0
FOV_score_top3,0.5019999742507935,20,20,0,0,1.0,0.0,1.0
FOV_score_top3,0.503000020980835,20,20,0,0,1.0,0.0,1.0
FOV_score_top3,0.5040000081062317,20,20,0,0,1.0,0.0,1.0
FOV_score_top3,0.5049999952316284,20,20,0,0,1.0,0.0,1.0
FOV_score_top3,0.5059999823570251,20,20,0,0,1.0,0.0,1.0
FOV_score_top3,0.5070000290870667,20,20,0,0,1.0,0.0,1.0
FOV_score_top3,0.5080000162124634,20,20,0,0,1.0,0.0,1.0
FOV_score_top3,0.5090000033378601,20,20,0,0,1.0,0.0,1.0
FOV_score_top3,0.5099999904632568,20,20,0,0,1.0,0.0,1.0
FOV_score_top3,0.5109999775886536,20,20,0,0,1.0,0.0,1.0
FOV_score_top3,0.5120000243186951,20,20,0,0,1.0,0.0,1.0
FOV_score_top3,0.5130000114440918,20,20,0,0,1.0,0.0,1.0
FOV_score_top3,0.5139999985694885,20,20,0,0,1.0,0.0,1.0
FOV_score_top3,0.5149999856948853,20,20,0,0,1.0,0.0,1.0
FOV_score_top3,0.515999972820282,20,20,0,0,1.0,0.0,1.0
FOV_score_top3,0.5170000195503235,20,20,0,0,1.0,0.0,1.0
FOV_score_top3,0.5180000066757202,20,20,0,0,1.0,0.0,1.0
FOV_score_top3,0.5189999938011169,20,20,0,0,1.0,0.0,1.0
FOV_score_top3,0.5199999809265137,20,20,0,0,1.0,0.0,1.0
FOV_score_top3,0.5210000276565552,20,20,0,0,1.0,0.0,1.0
FOV_score_top3,0.5220000147819519,20,20,0,0,1.0,0.0,1.0
FOV_score_top3,0.5230000019073486,20,20,0,0,1.0,0.0,1.0
FOV_score_top3,0.5239999890327454,20,20,0,0,1.0,0.0,1.0
FOV_score_top3,0.5249999761581421,20,20,0,0,1.0,0.0,1.0
FOV_score_top3,0.5260000228881836,20,20,0,0,1.0,0.0,1.0
FOV_score_top3,0.5270000100135803,20,20,0,0,1.0,0.0,1.0
FOV_score_top3,0.527999997138977,20,20,0,0,1.0,0.0,1.0
FOV_score_top3,0.5289999842643738,20,20,0,0,1.0,0.0,1.0
FOV_score_top3,0.5299999713897705,20,20,0,0,1.0,0.0,1.0
FOV_score_top3,0.531000018119812,20,20,0,0,1.0,0.0,1.0
FOV_score_top3,0.5320000052452087,20,20,0,0,1.0,0.0,1.0
FOV_score_top3,0.5329999923706055,20,20,0,0,1.0,0.0,1.0
FOV_score_top3,0.5339999794960022,20,20,0,0,1.0,0.0,1.0
FOV_score_top3,0.5350000262260437,20,20,0,0,1.0,0.0,1.0
FOV_score_top3,0.5360000133514404,20,20,0,0,1.0,0.0,1.0
FOV_score_top3,0.5370000004768372,20,20,0,0,1.0,0.0,1.0
FOV_score_top3,0.5379999876022339,20,20,0,0,1.0,0.0,1.0
FOV_score_top3,0.5389999747276306,20,20,0,0,1.0,0.0,1.0
FOV_score_top3,0.5400000214576721,20,20,0,0,1.0,0.0,1.0
FOV_score_top3,0.5410000085830688,20,20,0,0,1.0,0.0,1.0
FOV_score_top3,0.5419999957084656,20,20,0,0,1.0,0.0,1.0
FOV_score_top3,0.5429999828338623,20,20,0,0,1.0,0.0,1.0
FOV_score_top3,0.5440000295639038,20,20,0,0,1.0,0.0,1.0
FOV_score_top3,0.5450000166893005,20,20,0,0,1.0,0.0,1.0
FOV_score_top3,0.5460000038146973,20,20,0,0,1.0,0.0,1.0
FOV_score_top3,0.546999990940094,20,20,0,0,1.0,0.0,1.0
FOV_score_top3,0.5479999780654907,20,20,0,0,1.0,0.0,1.0
FOV_score_top3,0.5490000247955322,20,20,0,0,1.0,0.0,1.0
FOV_score_top3,0.550000011920929,20,20,0,0,1.0,0.0,1.0
FOV_score_top3,0.5509999990463257,20,20,0,0,1.0,0.0,1.0
FOV_score_top3,0.5519999861717224,20,20,0,0,1.0,0.0,1.0
FOV_score_top3,0.5529999732971191,20,20,0,0,1.0,0.0,1.0
FOV_score_top3,0.5540000200271606,20,20,0,0,1.0,0.0,1.0
FOV_score_top3,0.5550000071525574,20,20,0,0,1.0,0.0,1.0
FOV_score_top3,0.5559999942779541,20,20,0,0,1.0,0.0,1.0
FOV_score_top3,0.5569999814033508,20,20,0,0,1.0,0.0,1.0
FOV_score_top3,0.5580000281333923,20,20,0,0,1.0,0.0,1.0
FOV_score_top3,0.5590000152587891,20,20,0,0,1.0,0.0,1.0
FOV_score_top3,0.5600000023841858,20,20,0,0,1.0,0.0,1.0
FOV_score_top3,0.5609999895095825,20,20,0,0,1.0,0.0,1.0
FOV_score_top3,0.5619999766349792,20,20,0,0,1.0,0.0,1.0
FOV_score_top3,0.5630000233650208,20,20,0,0,1.0,0.0,1.0
FOV_score_top3,0.5640000104904175,20,20,0,0,1.0,0.0,1.0
FOV_score_top3,0.5649999976158142,20,20,0,0,1.0,0.0,1.0
FOV_score_top3,0.5659999847412109,20,20,0,0,1.0,0.0,1.0
FOV_score_top3,0.5669999718666077,20,20,0,0,1.0,0.0,1.0
FOV_score_top3,0.5680000185966492,20,20,0,0,1.0,0.0,1.0
FOV_score_top3,0.5690000057220459,20,20,0,0,1.0,0.0,1.0
FOV_score_top3,0.5699999928474426,20,20,0,0,1.0,0.0,1.0
FOV_score_top3,0.5709999799728394,20,20,0,0,1.0,0.0,1.0
FOV_score_top3,0.5720000267028809,20,20,0,0,1.0,0.0,1.0
FOV_score_top3,0.5730000138282776,20,20,0,0,1.0,0.0,1.0
FOV_score_top3,0.5740000009536743,20,20,0,0,1.0,0.0,1.0
FOV_score_top3,0.574999988079071,20,20,0,0,1.0,0.0,1.0
FOV_score_top3,0.5759999752044678,20,20,0,0,1.0,0.0,1.0
FOV_score_top3,0.5770000219345093,20,20,0,0,1.0,0.0,1.0
FOV_score_top3,0.578000009059906,20,20,0,0,1.0,0.0,1.0
FOV_score_top3,0.5789999961853027,20,20,0,0,1.0,0.0,1.0
FOV_score_top3,0.5799999833106995,20,20,0,0,1.0,0.0,1.0
FOV_score_top3,0.5809999704360962,20,20,0,0,1.0,0.0,1.0
FOV_score_top3,0.5820000171661377,20,20,0,0,1.0,0.0,1.0
FOV_score_top3,0.5830000042915344,20,20,0,0,1.0,0.0,1.0
FOV_score_top3,0.5839999914169312,20,20,0,0,1.0,0.0,1.0
FOV_score_top3,0.5849999785423279,20,20,0,0,1.0,0.0,1.0
FOV_score_top3,0.5860000252723694,20,20,0,0,1.0,0.0,1.0
FOV_score_top3,0.5870000123977661,20,20,0,0,1.0,0.0,1.0
FOV_score_top3,0.5879999995231628,20,20,0,0,1.0,0.0,1.0
FOV_score_top3,0.5889999866485596,20,20,0,0,1.0,0.0,1.0
FOV_score_top3,0.5899999737739563,20,20,0,0,1.0,0.0,1.0
FOV_score_top3,0.5910000205039978,20,20,0,0,1.0,0.0,1.0
FOV_score_top3,0.5920000076293945,20,20,0,0,1.0,0.0,1.0
FOV_score_top3,0.5929999947547913,20,20,0,0,1.0,0.0,1.0
FOV_score_top3,0.593999981880188,20,20,0,0,1.0,0.0,1.0
FOV_score_top3,0.5950000286102295,20,20,0,0,1.0,0.0,1.0
FOV_score_top3,0.5960000157356262,20,20,0,0,1.0,0.0,1.0
FOV_score_top3,0.597000002861023,20,20,0,0,1.0,0.0,1.0
FOV_score_top3,0.5979999899864197,20,20,0,0,1.0,0.0,1.0
FOV_score_top3,0.5989999771118164,20,20,0,0,1.0,0.0,1.0
FOV_score_top3,0.6000000238418579,20,20,0,0,1.0,0.0,1.0
FOV_score_top3,0.6010000109672546,20,20,0,0,1.0,0.0,1.0
FOV_score_top3,0.6019999980926514,20,20,0,0,1.0,0.0,1.0
FOV_score_top3,0.6029999852180481,20,20,0,0,1.0,0.0,1.0
FOV_score_top3,0.6039999723434448,20,20,0,0,1.0,0.0,1.0
FOV_score_top3,0.6050000190734863,20,20,0,0,1.0,0.0,1.0
FOV_score_top3,0.6060000061988831,20,20,0,0,1.0,0.0,1.0
FOV_score_top3,0.6069999933242798,20,20,0,0,1.0,0.0,1.0
FOV_score_top3,0.6079999804496765,20,20,0,0,1.0,0.0,1.0
FOV_score_top3,0.609000027179718,20,20,0,0,1.0,0.0,1.0
FOV_score_top3,0.6100000143051147,20,20,0,0,1.0,0.0,1.0
FOV_score_top3,0.6110000014305115,20,20,0,0,1.0,0.0,1.0
FOV_score_top3,0.6119999885559082,20,20,0,0,1.0,0.0,1.0
FOV_score_top3,0.6129999756813049,20,20,0,0,1.0,0.0,1.0
FOV_score_top3,0.6140000224113464,20,20,0,0,1.0,0.0,1.0
FOV_score_top3,0.6150000095367432,20,20,0,0,1.0,0.0,1.0
FOV_score_top3,0.6159999966621399,20,20,0,0,1.0,0.0,1.0
FOV_score_top3,0.6169999837875366,20,20,0,0,1.0,0.0,1.0
FOV_score_top3,0.6179999709129333,20,20,0,0,1.0,0.0,1.0
FOV_score_top3,0.6190000176429749,20,20,0,0,1.0,0.0,1.0
FOV_score_top3,0.6200000047683716,20,20,0,0,1.0,0.0,1.0
FOV_score_top3,0.6209999918937683,20,20,0,0,1.0,0.0,1.0
FOV_score_top3,0.621999979019165,20,20,0,0,1.0,0.0,1.0
FOV_score_top3,0.6230000257492065,20,20,0,0,1.0,0.0,1.0
FOV_score_top3,0.6240000128746033,20,20,0,0,1.0,0.0,1.0
FOV_score_top3,0.625,20,20,0,0,1.0,0.0,1.0
FOV_score_top3,0.6259999871253967,20,20,0,0,1.0,0.0,1.0
FOV_score_top3,0.6269999742507935,20,20,0,0,1.0,0.0,1.0
FOV_score_top3,0.628000020980835,20,20,0,0,1.0,0.0,1.0
FOV_score_top3,0.6290000081062317,20,20,0,0,1.0,0.0,1.0
FOV_score_top3,0.6299999952316284,20,20,0,0,1.0,0.0,1.0
FOV_score_top3,0.6309999823570251,20,20,0,0,1.0,0.0,1.0
FOV_score_top3,0.6320000290870667,20,20,0,0,1.0,0.0,1.0
FOV_score_top3,0.6330000162124634,20,20,0,0,1.0,0.0,1.0
FOV_score_top3,0.6340000033378601,20,20,0,0,1.0,0.0,1.0
FOV_score_top3,0.6349999904632568,20,20,0,0,1.0,0.0,1.0
FOV_score_top3,0.6359999775886536,20,20,0,0,1.0,0.0,1.0
FOV_score_top3,0.6370000243186951,20,20,0,0,1.0,0.0,1.0
FOV_score_top3,0.6380000114440918,20,19,1,0,1.0,0.05,0.95
FOV_score_top3,0.6389999985694885,20,19,1,0,1.0,0.05,0.95
FOV_score_top3,0.6399999856948853,20,19,1,0,1.0,0.05,0.95
FOV_score_top3,0.640999972820282,20,19,1,0,1.0,0.05,0.95
FOV_score_top3,0.6420000195503235,20,19,1,0,1.0,0.05,0.95
FOV_score_top3,0.6430000066757202,20,19,1,0,1.0,0.05,0.95
FOV_score_top3,0.6439999938011169,20,19,1,0,1.0,0.05,0.95
FOV_score_top3,0.6449999809265137,20,19,1,0,1.0,0.05,0.95
FOV_score_top3,0.6460000276565552,20,19,1,0,1.0,0.05,0.95
FOV_score_top3,0.6470000147819519,20,19,1,0,1.0,0.05,0.95
FOV_score_top3,0.6480000019073486,20,19,1,0,1.0,0.05,0.95
FOV_score_top3,0.6489999890327454,20,19,1,0,1.0,0.05,0.95
FOV_score_top3,0.6499999761581421,20,19,1,0,1.0,0.05,0.95
FOV_score_top3,0.6510000228881836,20,19,1,0,1.0,0.05,0.95
FOV_score_top3,0.6520000100135803,20,19,1,0,1.0,0.05,0.95
FOV_score_top3,0.652999997138977,20,19,1,0,1.0,0.05,0.95
FOV_score_top3,0.6539999842643738,20,19,1,0,1.0,0.05,0.95
FOV_score_top3,0.6549999713897705,20,19,1,0,1.0,0.05,0.95
FOV_score_top3,0.656000018119812,20,19,1,0,1.0,0.05,0.95
FOV_score_top3,0.6570000052452087,20,19,1,0,1.0,0.05,0.95
FOV_score_top3,0.6579999923706055,20,19,1,0,1.0,0.05,0.95
FOV_score_top3,0.6589999794960022,20,19,1,0,1.0,0.05,0.95
FOV_score_top3,0.6600000262260437,20,19,1,0,1.0,0.05,0.95
FOV_score_top3,0.6610000133514404,20,19,1,0,1.0,0.05,0.95
FOV_score_top3,0.6620000004768372,20,19,1,0,1.0,0.05,0.95
FOV_score_top3,0.6629999876022339,20,19,1,0,1.0,0.05,0.95
FOV_score_top3,0.6639999747276306,20,19,1,0,1.0,0.05,0.95
FOV_score_top3,0.6650000214576721,20,19,1,0,1.0,0.05,0.95
FOV_score_top3,0.6660000085830688,20,19,1,0,1.0,0.05,0.95
FOV_score_top3,0.6669999957084656,20,19,1,0,1.0,0.05,0.95
FOV_score_top3,0.6679999828338623,20,19,1,0,1.0,0.05,0.95
FOV_score_top3,0.6690000295639038,20,19,1,0,1.0,0.05,0.95
FOV_score_top3,0.6700000166893005,20,19,1,0,1.0,0.05,0.95
FOV_score_top3,0.6710000038146973,20,19,1,0,1.0,0.05,0.95
FOV_score_top3,0.671999990940094,20,19,1,0,1.0,0.05,0.95
FOV_score_top3,0.6729999780654907,20,19,1,0,1.0,0.05,0.95
FOV_score_top3,0.6740000247955322,20,19,1,0,1.0,0.05,0.95
FOV_score_top3,0.675000011920929,20,19,1,0,1.0,0.05,0.95
FOV_score_top3,0.6759999990463257,20,19,1,0,1.0,0.05,0.95
FOV_score_top3,0.6769999861717224,20,19,1,0,1.0,0.05,0.95
FOV_score_top3,0.6779999732971191,20,19,1,0,1.0,0.05,0.95
FOV_score_top3,0.6790000200271606,20,19,1,0,1.0,0.05,0.95
FOV_score_top3,0.6800000071525574,20,19,1,0,1.0,0.05,0.95
FOV_score_top3,0.6809999942779541,20,19,1,0,1.0,0.05,0.95
FOV_score_top3,0.6819999814033508,20,19,1,0,1.0,0.05,0.95
FOV_score_top3,0.6830000281333923,20,19,1,0,1.0,0.05,0.95
FOV_score_top3,0.6840000152587891,20,19,1,0,1.0,0.05,0.95
FOV_score_top3,0.6850000023841858,20,19,1,0,1.0,0.05,0.95
FOV_score_top3,0.6859999895095825,20,19,1,0,1.0,0.05,0.95
FOV_score_top3,0.6869999766349792,20,19,1,0,1.0,0.05,0.95
FOV_score_top3,0.6880000233650208,20,19,1,0,1.0,0.05,0.95
FOV_score_top3,0.6890000104904175,20,19,1,0,1.0,0.05,0.95
FOV_score_top3,0.6899999976158142,20,18,2,0,1.0,0.1,0.9
FOV_score_top3,0.6909999847412109,20,18,2,0,1.0,0.1,0.9
FOV_score_top3,0.6919999718666077,20,18,2,0,1.0,0.1,0.9
FOV_score_top3,0.6930000185966492,20,18,2,0,1.0,0.1,0.9
FOV_score_top3,0.6940000057220459,20,18,2,0,1.0,0.1,0.9
FOV_score_top3,0.6949999928474426,20,18,2,0,1.0,0.1,0.9
FOV_score_top3,0.6959999799728394,20,18,2,0,1.0,0.1,0.9
FOV_score_top3,0.6970000267028809,20,18,2,0,1.0,0.1,0.9
FOV_score_top3,0.6980000138282776,20,18,2,0,1.0,0.1,0.9
FOV_score_top3,0.6990000009536743,20,18,2,0,1.0,0.1,0.9
FOV_score_top3,0.699999988079071,20,18,2,0,1.0,0.1,0.9
FOV_score_top3,0.7009999752044678,20,18,2,0,1.0,0.1,0.9
FOV_score_top3,0.7020000219345093,20,18,2,0,1.0,0.1,0.9
FOV_score_top3,0.703000009059906,20,18,2,0,1.0,0.1,0.9
FOV_score_top3,0.7039999961853027,20,18,2,0,1.0,0.1,0.9
FOV_score_top3,0.7049999833106995,20,18,2,0,1.0,0.1,0.9
FOV_score_top3,0.7059999704360962,20,18,2,0,1.0,0.1,0.9
FOV_score_top3,0.7070000171661377,20,18,2,0,1.0,0.1,0.9
FOV_score_top3,0.7080000042915344,20,18,2,0,1.0,0.1,0.9
FOV_score_top3,0.7089999914169312,20,18,2,0,1.0,0.1,0.9
FOV_score_top3,0.7099999785423279,20,18,2,0,1.0,0.1,0.9
FOV_score_top3,0.7110000252723694,20,18,2,0,1.0,0.1,0.9
FOV_score_top3,0.7120000123977661,20,18,2,0,1.0,0.1,0.9
FOV_score_top3,0.7129999995231628,20,18,2,0,1.0,0.1,0.9
FOV_score_top3,0.7139999866485596,20,18,2,0,1.0,0.1,0.9
FOV_score_top3,0.7149999737739563,20,18,2,0,1.0,0.1,0.9
FOV_score_top3,0.7160000205039978,20,18,2,0,1.0,0.1,0.9
FOV_score_top3,0.7170000076293945,20,18,2,0,1.0,0.1,0.9
FOV_score_top3,0.7179999947547913,20,18,2,0,1.0,0.1,0.9
FOV_score_top3,0.718999981880188,20,18,2,0,1.0,0.1,0.9
FOV_score_top3,0.7200000286102295,20,18,2,0,1.0,0.1,0.9
FOV_score_top3,0.7210000157356262,20,18,2,0,1.0,0.1,0.9
FOV_score_top3,0.722000002861023,20,18,2,0,1.0,0.1,0.9
FOV_score_top3,0.7229999899864197,20,18,2,0,1.0,0.1,0.9
FOV_score_top3,0.7239999771118164,20,18,2,0,1.0,0.1,0.9
FOV_score_top3,0.7250000238418579,20,18,2,0,1.0,0.1,0.9
FOV_score_top3,0.7260000109672546,20,18,2,0,1.0,0.1,0.9
FOV_score_top3,0.7269999980926514,20,18,2,0,1.0,0.1,0.9
FOV_score_top3,0.7279999852180481,20,18,2,0,1.0,0.1,0.9
FOV_score_top3,0.7289999723434448,20,18,2,0,1.0,0.1,0.9
FOV_score_top3,0.7300000190734863,20,18,2,0,1.0,0.1,0.9
FOV_score_top3,0.7310000061988831,20,18,2,0,1.0,0.1,0.9
FOV_score_top3,0.7319999933242798,20,18,2,0,1.0,0.1,0.9
FOV_score_top3,0.7329999804496765,20,18,2,0,1.0,0.1,0.9
FOV_score_top3,0.734000027179718,20,18,2,0,1.0,0.1,0.9
FOV_score_top3,0.7350000143051147,20,18,2,0,1.0,0.1,0.9
FOV_score_top3,0.7360000014305115,20,18,2,0,1.0,0.1,0.9
FOV_score_top3,0.7369999885559082,20,18,2,0,1.0,0.1,0.9
FOV_score_top3,0.7379999756813049,20,18,2,0,1.0,0.1,0.9
FOV_score_top3,0.7390000224113464,20,18,2,0,1.0,0.1,0.9
FOV_score_top3,0.7400000095367432,20,18,2,0,1.0,0.1,0.9
FOV_score_top3,0.7409999966621399,20,18,2,0,1.0,0.1,0.9
FOV_score_top3,0.7419999837875366,20,18,2,0,1.0,0.1,0.9
FOV_score_top3,0.7429999709129333,20,18,2,0,1.0,0.1,0.9
FOV_score_top3,0.7440000176429749,20,18,2,0,1.0,0.1,0.9
FOV_score_top3,0.7450000047683716,20,18,2,0,1.0,0.1,0.9
FOV_score_top3,0.7459999918937683,20,18,2,0,1.0,0.1,0.9
FOV_score_top3,0.746999979019165,20,18,2,0,1.0,0.1,0.9
FOV_score_top3,0.7480000257492065,20,18,2,0,1.0,0.1,0.9
FOV_score_top3,0.7490000128746033,20,18,2,0,1.0,0.1,0.9
FOV_score_top3,0.75,20,18,2,0,1.0,0.1,0.9
FOV_score_top3,0.7509999871253967,20,18,2,0,1.0,0.1,0.9
FOV_score_top3,0.7519999742507935,20,18,2,0,1.0,0.1,0.9
FOV_score_top3,0.753000020980835,20,18,2,0,1.0,0.1,0.9
FOV_score_top3,0.7540000081062317,20,18,2,0,1.0,0.1,0.9
FOV_score_top3,0.7549999952316284,20,18,2,0,1.0,0.1,0.9
FOV_score_top3,0.7559999823570251,20,18,2,0,1.0,0.1,0.9
FOV_score_top3,0.7570000290870667,20,18,2,0,1.0,0.1,0.9
FOV_score_top3,0.7580000162124634,20,18,2,0,1.0,0.1,0.9
FOV_score_top3,0.7590000033378601,20,18,2,0,1.0,0.1,0.9
FOV_score_top3,0.7599999904632568,20,18,2,0,1.0,0.1,0.9
FOV_score_top3,0.7609999775886536,20,18,2,0,1.0,0.1,0.9
FOV_score_top3,0.7620000243186951,20,18,2,0,1.0,0.1,0.9
FOV_score_top3,0.7630000114440918,20,18,2,0,1.0,0.1,0.9
FOV_score_top3,0.7639999985694885,20,18,2,0,1.0,0.1,0.9
FOV_score_top3,0.7649999856948853,20,18,2,0,1.0,0.1,0.9
FOV_score_top3,0.765999972820282,20,18,2,0,1.0,0.1,0.9
FOV_score_top3,0.7670000195503235,20,18,2,0,1.0,0.1,0.9
FOV_score_top3,0.7680000066757202,20,18,2,0,1.0,0.1,0.9
FOV_score_top3,0.7689999938011169,20,18,2,0,1.0,0.1,0.9
FOV_score_top3,0.7699999809265137,20,17,3,0,1.0,0.15,0.85
FOV_score_top3,0.7710000276565552,20,17,3,0,1.0,0.15,0.85
FOV_score_top3,0.7720000147819519,20,17,3,0,1.0,0.15,0.85
FOV_score_top3,0.7730000019073486,20,17,3,0,1.0,0.15,0.85
FOV_score_top3,0.7739999890327454,20,16,4,0,1.0,0.2,0.8
FOV_score_top3,0.7749999761581421,20,16,4,0,1.0,0.2,0.8
FOV_score_top3,0.7760000228881836,20,16,4,0,1.0,0.2,0.8
FOV_score_top3,0.7770000100135803,20,16,4,0,1.0,0.2,0.8
FOV_score_top3,0.777999997138977,20,16,4,0,1.0,0.2,0.8
FOV_score_top3,0.7789999842643738,20,16,4,0,1.0,0.2,0.8
FOV_score_top3,0.7799999713897705,20,16,4,0,1.0,0.2,0.8
FOV_score_top3,0.781000018119812,20,16,4,0,1.0,0.2,0.8
FOV_score_top3,0.7820000052452087,20,15,5,0,1.0,0.25,0.75
FOV_score_top3,0.7829999923706055,20,15,5,0,1.0,0.25,0.75
FOV_score_top3,0.7839999794960022,20,15,5,0,1.0,0.25,0.75
FOV_score_top3,0.7850000262260437,20,14,6,0,1.0,0.3,0.7
FOV_score_top3,0.7860000133514404,20,14,6,0,1.0,0.3,0.7
FOV_score_top3,0.7870000004768372,20,14,6,0,1.0,0.3,0.7
FOV_score_top3,0.7879999876022339,20,14,6,0,1.0,0.3,0.7
FOV_score_top3,0.7889999747276306,20,14,6,0,1.0,0.3,0.7
FOV_score_top3,0.7900000214576721,20,14,6,0,1.0,0.3,0.7
FOV_score_top3,0.7910000085830688,20,14,6,0,1.0,0.3,0.7
FOV_score_top3,0.7919999957084656,20,14,6,0,1.0,0.3,0.7
FOV_score_top3,0.7929999828338623,20,14,6,0,1.0,0.3,0.7
FOV_score_top3,0.7940000295639038,20,14,6,0,1.0,0.3,0.7
FOV_score_top3,0.7950000166893005,20,14,6,0,1.0,0.3,0.7
FOV_score_top3,0.7960000038146973,20,14,6,0,1.0,0.3,0.7
FOV_score_top3,0.796999990940094,20,14,6,0,1.0,0.3,0.7
FOV_score_top3,0.7979999780654907,20,14,6,0,1.0,0.3,0.7
FOV_score_top3,0.7990000247955322,20,14,6,0,1.0,0.3,0.7
FOV_score_top3,0.800000011920929,20,14,6,0,1.0,0.3,0.7
FOV_score_top3,0.8009999990463257,20,14,6,0,1.0,0.3,0.7
FOV_score_top3,0.8019999861717224,20,14,6,0,1.0,0.3,0.7
FOV_score_top3,0.8029999732971191,20,13,7,0,1.0,0.35,0.65
FOV_score_top3,0.8040000200271606,20,13,7,0,1.0,0.35,0.65
FOV_score_top3,0.8050000071525574,20,13,7,0,1.0,0.35,0.65
FOV_score_top3,0.8059999942779541,19,13,7,1,0.95,0.35,0.65
FOV_score_top3,0.8069999814033508,19,13,7,1,0.95,0.35,0.65
FOV_score_top3,0.8080000281333923,19,13,7,1,0.95,0.35,0.65
FOV_score_top3,0.8090000152587891,19,13,7,1,0.95,0.35,0.65
FOV_score_top3,0.8100000023841858,19,13,7,1,0.95,0.35,0.65
FOV_score_top3,0.8109999895095825,19,13,7,1,0.95,0.35,0.65
FOV_score_top3,0.8119999766349792,19,13,7,1,0.95,0.35,0.65
FOV_score_top3,0.8130000233650208,19,13,7,1,0.95,0.35,0.65
FOV_score_top3,0.8140000104904175,19,13,7,1,0.95,0.35,0.65
FOV_score_top3,0.8149999976158142,19,13,7,1,0.95,0.35,0.65
FOV_score_top3,0.8159999847412109,19,13,7,1,0.95,0.35,0.65
FOV_score_top3,0.8169999718666077,19,13,7,1,0.95,0.35,0.65
FOV_score_top3,0.8180000185966492,19,13,7,1,0.95,0.35,0.65
FOV_score_top3,0.8190000057220459,19,13,7,1,0.95,0.35,0.65
FOV_score_top3,0.8199999928474426,19,13,7,1,0.95,0.35,0.65
FOV_score_top3,0.8209999799728394,19,13,7,1,0.95,0.35,0.65
FOV_score_top3,0.8220000267028809,19,13,7,1,0.95,0.35,0.65
FOV_score_top3,0.8230000138282776,19,13,7,1,0.95,0.35,0.65
FOV_score_top3,0.8240000009536743,19,13,7,1,0.95,0.35,0.65
FOV_score_top3,0.824999988079071,19,13,7,1,0.95,0.35,0.65
FOV_score_top3,0.8259999752044678,19,13,7,1,0.95,0.35,0.65
FOV_score_top3,0.8270000219345093,19,13,7,1,0.95,0.35,0.65
FOV_score_top3,0.828000009059906,19,13,7,1,0.95,0.35,0.65
FOV_score_top3,0.8289999961853027,19,13,7,1,0.95,0.35,0.65
FOV_score_top3,0.8299999833106995,19,13,7,1,0.95,0.35,0.65
FOV_score_top3,0.8309999704360962,19,13,7,1,0.95,0.35,0.65
FOV_score_top3,0.8320000171661377,19,13,7,1,0.95,0.35,0.65
FOV_score_top3,0.8330000042915344,19,13,7,1,0.95,0.35,0.65
FOV_score_top3,0.8339999914169312,19,12,8,1,0.95,0.4,0.6
FOV_score_top3,0.8349999785423279,19,12,8,1,0.95,0.4,0.6
FOV_score_top3,0.8360000252723694,19,12,8,1,0.95,0.4,0.6
FOV_score_top3,0.8370000123977661,19,12,8,1,0.95,0.4,0.6
FOV_score_top3,0.8379999995231628,19,12,8,1,0.95,0.4,0.6
FOV_score_top3,0.8389999866485596,19,12,8,1,0.95,0.4,0.6
FOV_score_top3,0.8399999737739563,19,12,8,1,0.95,0.4,0.6
FOV_score_top3,0.8410000205039978,19,12,8,1,0.95,0.4,0.6
FOV_score_top3,0.8420000076293945,19,12,8,1,0.95,0.4,0.6
FOV_score_top3,0.8429999947547913,19,12,8,1,0.95,0.4,0.6
FOV_score_top3,0.843999981880188,19,12,8,1,0.95,0.4,0.6
FOV_score_top3,0.8450000286102295,19,12,8,1,0.95,0.4,0.6
FOV_score_top3,0.8460000157356262,19,12,8,1,0.95,0.4,0.6
FOV_score_top3,0.847000002861023,19,12,8,1,0.95,0.4,0.6
FOV_score_top3,0.8479999899864197,19,12,8,1,0.95,0.4,0.6
FOV_score_top3,0.8489999771118164,19,12,8,1,0.95,0.4,0.6
FOV_score_top3,0.8500000238418579,19,12,8,1,0.95,0.4,0.6
FOV_score_top3,0.8510000109672546,19,12,8,1,0.95,0.4,0.6
FOV_score_top3,0.8519999980926514,19,12,8,1,0.95,0.4,0.6
FOV_score_top3,0.8529999852180481,18,12,8,2,0.9,0.4,0.6
FOV_score_top3,0.8539999723434448,18,12,8,2,0.9,0.4,0.6
FOV_score_top3,0.8550000190734863,18,12,8,2,0.9,0.4,0.6
FOV_score_top3,0.8560000061988831,18,12,8,2,0.9,0.4,0.6
FOV_score_top3,0.8569999933242798,17,12,8,3,0.85,0.4,0.6
FOV_score_top3,0.8579999804496765,17,12,8,3,0.85,0.4,0.6
FOV_score_top3,0.859000027179718,17,12,8,3,0.85,0.4,0.6
FOV_score_top3,0.8600000143051147,17,12,8,3,0.85,0.4,0.6
FOV_score_top3,0.8610000014305115,17,12,8,3,0.85,0.4,0.6
FOV_score_top3,0.8619999885559082,17,11,9,3,0.85,0.45,0.55
FOV_score_top3,0.8629999756813049,17,11,9,3,0.85,0.45,0.55
FOV_score_top3,0.8640000224113464,17,10,10,3,0.85,0.5,0.5
FOV_score_top3,0.8650000095367432,17,10,10,3,0.85,0.5,0.5
FOV_score_top3,0.8659999966621399,17,10,10,3,0.85,0.5,0.5
FOV_score_top3,0.8669999837875366,17,10,10,3,0.85,0.5,0.5
FOV_score_top3,0.8679999709129333,17,10,10,3,0.85,0.5,0.5
FOV_score_top3,0.8690000176429749,17,10,10,3,0.85,0.5,0.5
FOV_score_top3,0.8700000047683716,17,10,10,3,0.85,0.5,0.5
FOV_score_top3,0.8709999918937683,17,10,10,3,0.85,0.5,0.5
FOV_score_top3,0.871999979019165,17,10,10,3,0.85,0.5,0.5
FOV_score_top3,0.8730000257492065,17,10,10,3,0.85,0.5,0.5
FOV_score_top3,0.8740000128746033,17,10,10,3,0.85,0.5,0.5
FOV_score_top3,0.875,17,10,10,3,0.85,0.5,0.5
FOV_score_top3,0.8759999871253967,17,10,10,3,0.85,0.5,0.5
FOV_score_top3,0.8769999742507935,17,10,10,3,0.85,0.5,0.5
FOV_score_top3,0.878000020980835,17,10,10,3,0.85,0.5,0.5
FOV_score_top3,0.8790000081062317,17,10,10,3,0.85,0.5,0.5
FOV_score_top3,0.8799999952316284,17,10,10,3,0.85,0.5,0.5
FOV_score_top3,0.8809999823570251,17,10,10,3,0.85,0.5,0.5
FOV_score_top3,0.8820000290870667,17,10,10,3,0.85,0.5,0.5
FOV_score_top3,0.8830000162124634,17,10,10,3,0.85,0.5,0.5
FOV_score_top3,0.8840000033378601,17,10,10,3,0.85,0.5,0.5
FOV_score_top3,0.8849999904632568,17,10,10,3,0.85,0.5,0.5
FOV_score_top3,0.8859999775886536,17,10,10,3,0.85,0.5,0.5
FOV_score_top3,0.8870000243186951,17,10,10,3,0.85,0.5,0.5
FOV_score_top3,0.8880000114440918,17,9,11,3,0.85,0.55,0.45
FOV_score_top3,0.8889999985694885,17,9,11,3,0.85,0.55,0.45
FOV_score_top3,0.8899999856948853,17,9,11,3,0.85,0.55,0.45
FOV_score_top3,0.890999972820282,17,9,11,3,0.85,0.55,0.45
FOV_score_top3,0.8920000195503235,16,9,11,4,0.8,0.55,0.45
FOV_score_top3,0.8930000066757202,16,7,13,4,0.8,0.65,0.35
FOV_score_top3,0.8939999938011169,16,7,13,4,0.8,0.65,0.35
FOV_score_top3,0.8949999809265137,16,7,13,4,0.8,0.65,0.35
FOV_score_top3,0.8960000276565552,16,7,13,4,0.8,0.65,0.35
FOV_score_top3,0.8970000147819519,16,7,13,4,0.8,0.65,0.35
FOV_score_top3,0.8980000019073486,16,7,13,4,0.8,0.65,0.35
FOV_score_top3,0.8989999890327454,16,7,13,4,0.8,0.65,0.35
FOV_score_top3,0.8999999761581421,16,7,13,4,0.8,0.65,0.35
FOV_score_top3,0.9010000228881836,16,7,13,4,0.8,0.65,0.35
FOV_score_top3,0.9020000100135803,16,7,13,4,0.8,0.65,0.35
FOV_score_top3,0.902999997138977,16,7,13,4,0.8,0.65,0.35
FOV_score_top3,0.9039999842643738,16,6,14,4,0.8,0.7,0.3
FOV_score_top3,0.9049999713897705,16,6,14,4,0.8,0.7,0.3
FOV_score_top3,0.906000018119812,15,6,14,5,0.75,0.7,0.3
FOV_score_top3,0.9070000052452087,15,6,14,5,0.75,0.7,0.3
FOV_score_top3,0.9079999923706055,15,6,14,5,0.75,0.7,0.3
FOV_score_top3,0.9089999794960022,15,5,15,5,0.75,0.75,0.25
FOV_score_top3,0.9100000262260437,15,5,15,5,0.75,0.75,0.25
FOV_score_top3,0.9110000133514404,15,5,15,5,0.75,0.75,0.25
FOV_score_top3,0.9120000004768372,15,5,15,5,0.75,0.75,0.25
FOV_score_top3,0.9129999876022339,15,5,15,5,0.75,0.75,0.25
FOV_score_top3,0.9139999747276306,15,5,15,5,0.75,0.75,0.25
FOV_score_top3,0.9150000214576721,14,5,15,6,0.7,0.75,0.25
FOV_score_top3,0.9160000085830688,14,5,15,6,0.7,0.75,0.25
FOV_score_top3,0.9169999957084656,14,5,15,6,0.7,0.75,0.25
FOV_score_top3,0.9179999828338623,13,5,15,7,0.65,0.75,0.25
FOV_score_top3,0.9190000295639038,13,5,15,7,0.65,0.75,0.25
FOV_score_top3,0.9200000166893005,13,5,15,7,0.65,0.75,0.25
FOV_score_top3,0.9210000038146973,13,5,15,7,0.65,0.75,0.25
FOV_score_top3,0.921999990940094,13,5,15,7,0.65,0.75,0.25
FOV_score_top3,0.9229999780654907,13,5,15,7,0.65,0.75,0.25
FOV_score_top3,0.9240000247955322,13,5,15,7,0.65,0.75,0.25
FOV_score_top3,0.925000011920929,13,5,15,7,0.65,0.75,0.25
FOV_score_top3,0.9259999990463257,13,5,15,7,0.65,0.75,0.25
FOV_score_top3,0.9269999861717224,13,5,15,7,0.65,0.75,0.25
FOV_score_top3,0.9279999732971191,13,5,15,7,0.65,0.75,0.25
FOV_score_top3,0.9290000200271606,13,5,15,7,0.65,0.75,0.25
FOV_score_top3,0.9300000071525574,13,5,15,7,0.65,0.75,0.25
FOV_score_top3,0.9309999942779541,13,5,15,7,0.65,0.75,0.25
FOV_score_top3,0.9319999814033508,13,5,15,7,0.65,0.75,0.25
FOV_score_top3,0.9330000281333923,13,5,15,7,0.65,0.75,0.25
FOV_score_top3,0.9340000152587891,13,5,15,7,0.65,0.75,0.25
FOV_score_top3,0.9350000023841858,12,5,15,8,0.6,0.75,0.25
FOV_score_top3,0.9359999895095825,12,5,15,8,0.6,0.75,0.25
FOV_score_top3,0.9369999766349792,12,5,15,8,0.6,0.75,0.25
FOV_score_top3,0.9380000233650208,11,5,15,9,0.55,0.75,0.25
FOV_score_top3,0.9390000104904175,11,5,15,9,0.55,0.75,0.25
FOV_score_top3,0.9399999976158142,11,5,15,9,0.55,0.75,0.25
FOV_score_top3,0.9409999847412109,11,5,15,9,0.55,0.75,0.25
FOV_score_top3,0.9419999718666077,11,5,15,9,0.55,0.75,0.25
FOV_score_top3,0.9430000185966492,11,5,15,9,0.55,0.75,0.25
FOV_score_top3,0.9440000057220459,11,5,15,9,0.55,0.75,0.25
FOV_score_top3,0.9449999928474426,10,5,15,10,0.5,0.75,0.25
FOV_score_top3,0.9459999799728394,10,5,15,10,0.5,0.75,0.25
FOV_score_top3,0.9470000267028809,10,5,15,10,0.5,0.75,0.25
FOV_score_top3,0.9480000138282776,10,5,15,10,0.5,0.75,0.25
FOV_score_top3,0.9490000009536743,10,4,16,10,0.5,0.8,0.2
FOV_score_top3,0.949999988079071,10,3,17,10,0.5,0.85,0.15
FOV_score_top3,0.9509999752044678,10,3,17,10,0.5,0.85,0.15
FOV_score_top3,0.9520000219345093,10,3,17,10,0.5,0.85,0.15
FOV_score_top3,0.953000009059906,10,3,17,10,0.5,0.85,0.15
FOV_score_top3,0.9539999961853027,10,3,17,10,0.5,0.85,0.15
FOV_score_top3,0.9549999833106995,10,3,17,10,0.5,0.85,0.15
FOV_score_top3,0.9559999704360962,10,3,17,10,0.5,0.85,0.15
FOV_score_top3,0.9570000171661377,10,3,17,10,0.5,0.85,0.15
FOV_score_top3,0.9580000042915344,10,3,17,10,0.5,0.85,0.15
FOV_score_top3,0.9589999914169312,10,3,17,10,0.5,0.85,0.15
FOV_score_top3,0.9599999785423279,10,3,17,10,0.5,0.85,0.15
FOV_score_top3,0.9610000252723694,10,3,17,10,0.5,0.85,0.15
FOV_score_top3,0.9620000123977661,10,3,17,10,0.5,0.85,0.15
FOV_score_top3,0.9629999995231628,10,3,17,10,0.5,0.85,0.15
FOV_score_top3,0.9639999866485596,10,3,17,10,0.5,0.85,0.15
FOV_score_top3,0.9649999737739563,10,3,17,10,0.5,0.85,0.15
FOV_score_top3,0.9660000205039978,10,3,17,10,0.5,0.85,0.15
FOV_score_top3,0.9670000076293945,10,3,17,10,0.5,0.85,0.15
FOV_score_top3,0.9679999947547913,10,3,17,10,0.5,0.85,0.15
FOV_score_top3,0.968999981880188,10,2,18,10,0.5,0.9,0.1
FOV_score_top3,0.9700000286102295,10,2,18,10,0.5,0.9,0.1
FOV_score_top3,0.9710000157356262,9,2,18,11,0.45,0.9,0.1
FOV_score_top3,0.972000002861023,8,2,18,12,0.4,0.9,0.1
FOV_score_top3,0.9729999899864197,8,2,18,12,0.4,0.9,0.1
FOV_score_top3,0.9739999771118164,8,2,18,12,0.4,0.9,0.1
FOV_score_top3,0.9750000238418579,8,1,19,12,0.4,0.95,0.05
FOV_score_top3,0.9760000109672546,7,1,19,13,0.35,0.95,0.05
FOV_score_top3,0.9769999980926514,7,1,19,13,0.35,0.95,0.05
FOV_score_top3,0.9779999852180481,7,0,20,13,0.35,1.0,0.0
FOV_score_top3,0.9789999723434448,6,0,20,14,0.3,1.0,0.0
FOV_score_top3,0.9800000190734863,6,0,20,14,0.3,1.0,0.0
FOV_score_top3,0.9810000061988831,5,0,20,15,0.25,1.0,0.0
FOV_score_top3,0.9819999933242798,4,0,20,16,0.2,1.0,0.0
FOV_score_top3,0.9829999804496765,4,0,20,16,0.2,1.0,0.0
FOV_score_top3,0.984000027179718,3,0,20,17,0.15,1.0,0.0
FOV_score_top3,0.9850000143051147,3,0,20,17,0.15,1.0,0.0
FOV_score_top3,0.9860000014305115,3,0,20,17,0.15,1.0,0.0
FOV_score_top3,0.9869999885559082,3,0,20,17,0.15,1.0,0.0
FOV_score_top3,0.9879999756813049,3,0,20,17,0.15,1.0,0.0
FOV_score_top3,0.9890000224113464,3,0,20,17,0.15,1.0,0.0
FOV_score_top3,0.9900000095367432,3,0,20,17,0.15,1.0,0.0
FOV_score_top3,0.9909999966621399,3,0,20,17,0.15,1.0,0.0
FOV_score_top3,0.9919999837875366,3,0,20,17,0.15,1.0,0.0
FOV_score_top3,0.9929999709129333,2,0,20,18,0.1,1.0,0.0
FOV_score_top3,0.9940000176429749,2,0,20,18,0.1,1.0,0.0
FOV_score_top3,0.9950000047683716,2,0,20,18,0.1,1.0,0.0
FOV_score_top3,0.9959999918937683,2,0,20,18,0.1,1.0,0.0
FOV_score_top3,0.996999979019165,1,0,20,19,0.05,1.0,0.0
FOV_score_top3,0.9980000257492065,0,0,20,20,0.0,1.0,0.0
FOV_score_top3,0.9990000128746033,0,0,20,20,0.0,1.0,0.0
FOV_score_top3,1.0,0,0,20,20,0.0,1.0,0.0
FOV_score_top5,0.0,20,20,0,0,1.0,0.0,1.0
FOV_score_top5,0.0010000000474974513,20,20,0,0,1.0,0.0,1.0
FOV_score_top5,0.0020000000949949026,20,20,0,0,1.0,0.0,1.0
FOV_score_top5,0.003000000026077032,20,20,0,0,1.0,0.0,1.0
FOV_score_top5,0.004000000189989805,20,20,0,0,1.0,0.0,1.0
FOV_score_top5,0.004999999888241291,20,20,0,0,1.0,0.0,1.0
FOV_score_top5,0.006000000052154064,20,20,0,0,1.0,0.0,1.0
FOV_score_top5,0.007000000216066837,20,20,0,0,1.0,0.0,1.0
FOV_score_top5,0.00800000037997961,20,20,0,0,1.0,0.0,1.0
FOV_score_top5,0.008999999612569809,20,20,0,0,1.0,0.0,1.0
FOV_score_top5,0.009999999776482582,20,20,0,0,1.0,0.0,1.0
FOV_score_top5,0.010999999940395355,20,20,0,0,1.0,0.0,1.0
FOV_score_top5,0.012000000104308128,20,20,0,0,1.0,0.0,1.0
FOV_score_top5,0.013000000268220901,20,20,0,0,1.0,0.0,1.0
FOV_score_top5,0.014000000432133675,20,20,0,0,1.0,0.0,1.0
FOV_score_top5,0.014999999664723873,20,20,0,0,1.0,0.0,1.0
FOV_score_top5,0.01600000075995922,20,20,0,0,1.0,0.0,1.0
FOV_score_top5,0.017000000923871994,20,20,0,0,1.0,0.0,1.0
FOV_score_top5,0.017999999225139618,20,20,0,0,1.0,0.0,1.0
FOV_score_top5,0.01899999938905239,20,20,0,0,1.0,0.0,1.0
FOV_score_top5,0.019999999552965164,20,20,0,0,1.0,0.0,1.0
FOV_score_top5,0.020999999716877937,20,20,0,0,1.0,0.0,1.0
FOV_score_top5,0.02199999988079071,20,20,0,0,1.0,0.0,1.0
FOV_score_top5,0.023000000044703484,20,20,0,0,1.0,0.0,1.0
FOV_score_top5,0.024000000208616257,20,20,0,0,1.0,0.0,1.0
FOV_score_top5,0.02500000037252903,20,20,0,0,1.0,0.0,1.0
FOV_score_top5,0.026000000536441803,20,20,0,0,1.0,0.0,1.0
FOV_score_top5,0.027000000700354576,20,20,0,0,1.0,0.0,1.0
FOV_score_top5,0.02800000086426735,20,20,0,0,1.0,0.0,1.0
FOV_score_top5,0.028999999165534973,20,20,0,0,1.0,0.0,1.0
FOV_score_top5,0.029999999329447746,20,20,0,0,1.0,0.0,1.0
FOV_score_top5,0.03099999949336052,20,20,0,0,1.0,0.0,1.0
FOV_score_top5,0.03200000151991844,20,20,0,0,1.0,0.0,1.0
FOV_score_top5,0.032999999821186066,20,20,0,0,1.0,0.0,1.0
FOV_score_top5,0.03400000184774399,20,20,0,0,1.0,0.0,1.0
FOV_score_top5,0.03500000014901161,20,20,0,0,1.0,0.0,1.0
FOV_score_top5,0.035999998450279236,20,20,0,0,1.0,0.0,1.0
FOV_score_top5,0.03700000047683716,20,20,0,0,1.0,0.0,1.0
FOV_score_top5,0.03799999877810478,20,20,0,0,1.0,0.0,1.0
FOV_score_top5,0.039000000804662704,20,20,0,0,1.0,0.0,1.0
FOV_score_top5,0.03999999910593033,20,20,0,0,1.0,0.0,1.0
FOV_score_top5,0.04100000113248825,20,20,0,0,1.0,0.0,1.0
FOV_score_top5,0.041999999433755875,20,20,0,0,1.0,0.0,1.0
FOV_score_top5,0.0430000014603138,20,20,0,0,1.0,0.0,1.0
FOV_score_top5,0.04399999976158142,20,20,0,0,1.0,0.0,1.0
FOV_score_top5,0.04500000178813934,20,20,0,0,1.0,0.0,1.0
FOV_score_top5,0.04600000008940697,20,20,0,0,1.0,0.0,1.0
FOV_score_top5,0.04699999839067459,20,20,0,0,1.0,0.0,1.0
FOV_score_top5,0.04800000041723251,20,20,0,0,1.0,0.0,1.0
FOV_score_top5,0.04899999871850014,20,20,0,0,1.0,0.0,1.0
FOV_score_top5,0.05000000074505806,20,20,0,0,1.0,0.0,1.0
FOV_score_top5,0.050999999046325684,20,20,0,0,1.0,0.0,1.0
FOV_score_top5,0.052000001072883606,20,20,0,0,1.0,0.0,1.0
FOV_score_top5,0.05299999937415123,20,20,0,0,1.0,0.0,1.0
FOV_score_top5,0.05400000140070915,20,20,0,0,1.0,0.0,1.0
FOV_score_top5,0.054999999701976776,20,20,0,0,1.0,0.0,1.0
FOV_score_top5,0.0560000017285347,20,20,0,0,1.0,0.0,1.0
FOV_score_top5,0.05700000002980232,20,20,0,0,1.0,0.0,1.0
FOV_score_top5,0.057999998331069946,20,20,0,0,1.0,0.0,1.0
FOV_score_top5,0.05900000035762787,20,20,0,0,1.0,0.0,1.0
FOV_score_top5,0.05999999865889549,20,20,0,0,1.0,0.0,1.0
FOV_score_top5,0.061000000685453415,20,20,0,0,1.0,0.0,1.0
FOV_score_top5,0.06199999898672104,20,20,0,0,1.0,0.0,1.0
FOV_score_top5,0.06300000101327896,20,20,0,0,1.0,0.0,1.0
FOV_score_top5,0.06400000303983688,20,20,0,0,1.0,0.0,1.0
FOV_score_top5,0.06499999761581421,20,20,0,0,1.0,0.0,1.0
FOV_score_top5,0.06599999964237213,20,20,0,0,1.0,0.0,1.0
FOV_score_top5,0.06700000166893005,20,20,0,0,1.0,0.0,1.0
FOV_score_top5,0.06800000369548798,20,20,0,0,1.0,0.0,1.0
FOV_score_top5,0.0689999982714653,20,20,0,0,1.0,0.0,1.0
FOV_score_top5,0.07000000029802322,20,20,0,0,1.0,0.0,1.0
FOV_score_top5,0.07100000232458115,20,20,0,0,1.0,0.0,1.0
FOV_score_top5,0.07199999690055847,20,20,0,0,1.0,0.0,1.0
FOV_score_top5,0.0729999989271164,20,20,0,0,1.0,0.0,1.0
FOV_score_top5,0.07400000095367432,20,20,0,0,1.0,0.0,1.0
FOV_score_top5,0.07500000298023224,20,20,0,0,1.0,0.0,1.0
FOV_score_top5,0.07599999755620956,20,20,0,0,1.0,0.0,1.0
FOV_score_top5,0.07699999958276749,20,20,0,0,1.0,0.0,1.0
FOV_score_top5,0.07800000160932541,20,20,0,0,1.0,0.0,1.0
FOV_score_top5,0.07900000363588333,20,20,0,0,1.0,0.0,1.0
FOV_score_top5,0.07999999821186066,20,20,0,0,1.0,0.0,1.0
FOV_score_top5,0.08100000023841858,20,20,0,0,1.0,0.0,1.0
FOV_score_top5,0.0820000022649765,20,20,0,0,1.0,0.0,1.0
FOV_score_top5,0.08299999684095383,20,20,0,0,1.0,0.0,1.0
FOV_score_top5,0.08399999886751175,20,20,0,0,1.0,0.0,1.0
FOV_score_top5,0.08500000089406967,20,20,0,0,1.0,0.0,1.0
FOV_score_top5,0.0860000029206276,20,20,0,0,1.0,0.0,1.0
FOV_score_top5,0.08699999749660492,20,20,0,0,1.0,0.0,1.0
FOV_score_top5,0.08799999952316284,20,20,0,0,1.0,0.0,1.0
FOV_score_top5,0.08900000154972076,20,20,0,0,1.0,0.0,1.0
FOV_score_top5,0.09000000357627869,20,20,0,0,1.0,0.0,1.0
FOV_score_top5,0.09099999815225601,20,20,0,0,1.0,0.0,1.0
FOV_score_top5,0.09200000017881393,20,20,0,0,1.0,0.0,1.0
FOV_score_top5,0.09300000220537186,20,20,0,0,1.0,0.0,1.0
FOV_score_top5,0.09399999678134918,20,20,0,0,1.0,0.0,1.0
FOV_score_top5,0.0949999988079071,20,20,0,0,1.0,0.0,1.0
FOV_score_top5,0.09600000083446503,20,20,0,0,1.0,0.0,1.0
FOV_score_top5,0.09700000286102295,20,20,0,0,1.0,0.0,1.0
FOV_score_top5,0.09799999743700027,20,20,0,0,1.0,0.0,1.0
FOV_score_top5,0.0989999994635582,20,20,0,0,1.0,0.0,1.0
FOV_score_top5,0.10000000149011612,20,20,0,0,1.0,0.0,1.0
FOV_score_top5,0.10100000351667404,20,20,0,0,1.0,0.0,1.0
FOV_score_top5,0.10199999809265137,20,20,0,0,1.0,0.0,1.0
FOV_score_top5,0.10300000011920929,20,20,0,0,1.0,0.0,1.0
FOV_score_top5,0.10400000214576721,20,20,0,0,1.0,0.0,1.0
FOV_score_top5,0.10499999672174454,20,20,0,0,1.0,0.0,1.0
FOV_score_top5,0.10599999874830246,20,20,0,0,1.0,0.0,1.0
FOV_score_top5,0.10700000077486038,20,20,0,0,1.0,0.0,1.0
FOV_score_top5,0.1080000028014183,20,20,0,0,1.0,0.0,1.0
FOV_score_top5,0.10899999737739563,20,20,0,0,1.0,0.0,1.0
FOV_score_top5,0.10999999940395355,20,20,0,0,1.0,0.0,1.0
FOV_score_top5,0.11100000143051147,20,20,0,0,1.0,0.0,1.0
FOV_score_top5,0.1120000034570694,20,20,0,0,1.0,0.0,1.0
FOV_score_top5,0.11299999803304672,20,20,0,0,1.0,0.0,1.0
FOV_score_top5,0.11400000005960464,20,20,0,0,1.0,0.0,1.0
FOV_score_top5,0.11500000208616257,20,20,0,0,1.0,0.0,1.0
FOV_score_top5,0.11599999666213989,20,20,0,0,1.0,0.0,1.0
FOV_score_top5,0.11699999868869781,20,20,0,0,1.0,0.0,1.0
FOV_score_top5,0.11800000071525574,20,20,0,0,1.0,0.0,1.0
FOV_score_top5,0.11900000274181366,20,20,0,0,1.0,0.0,1.0
FOV_score_top5,0.11999999731779099,20,20,0,0,1.0,0.0,1.0
FOV_score_top5,0.12099999934434891,20,20,0,0,1.0,0.0,1.0
FOV_score_top5,0.12200000137090683,20,20,0,0,1.0,0.0,1.0
FOV_score_top5,0.12300000339746475,20,20,0,0,1.0,0.0,1.0
FOV_score_top5,0.12399999797344208,20,20,0,0,1.0,0.0,1.0
FOV_score_top5,0.125,20,20,0,0,1.0,0.0,1.0
FOV_score_top5,0.12600000202655792,20,20,0,0,1.0,0.0,1.0
FOV_score_top5,0.12700000405311584,20,20,0,0,1.0,0.0,1.0
FOV_score_top5,0.12800000607967377,20,20,0,0,1.0,0.0,1.0
FOV_score_top5,0.1289999932050705,20,20,0,0,1.0,0.0,1.0
FOV_score_top5,0.12999999523162842,20,20,0,0,1.0,0.0,1.0
FOV_score_top5,0.13099999725818634,20,20,0,0,1.0,0.0,1.0
FOV_score_top5,0.13199999928474426,20,20,0,0,1.0,0.0,1.0
FOV_score_top5,0.13300000131130219,20,20,0,0,1.0,0.0,1.0
FOV_score_top5,0.1340000033378601,20,20,0,0,1.0,0.0,1.0
FOV_score_top5,0.13500000536441803,20,20,0,0,1.0,0.0,1.0
FOV_score_top5,0.13600000739097595,20,20,0,0,1.0,0.0,1.0
FOV_score_top5,0.13699999451637268,20,20,0,0,1.0,0.0,1.0
FOV_score_top5,0.1379999965429306,20,20,0,0,1.0,0.0,1.0
FOV_score_top5,0.13899999856948853,20,20,0,0,1.0,0.0,1.0
FOV_score_top5,0.14000000059604645,20,20,0,0,1.0,0.0,1.0
FOV_score_top5,0.14100000262260437,20,20,0,0,1.0,0.0,1.0
FOV_score_top5,0.1420000046491623,20,20,0,0,1.0,0.0,1.0
FOV_score_top5,0.14300000667572021,20,20,0,0,1.0,0.0,1.0
FOV_score_top5,0.14399999380111694,20,20,0,0,1.0,0.0,1.0
FOV_score_top5,0.14499999582767487,20,20,0,0,1.0,0.0,1.0
FOV_score_top5,0.1459999978542328,20,20,0,0,1.0,0.0,1.0
FOV_score_top5,0.1469999998807907,20,20,0,0,1.0,0.0,1.0
FOV_score_top5,0.14800000190734863,20,20,0,0,1.0,0.0,1.0
FOV_score_top5,0.14900000393390656,20,20,0,0,1.0,0.0,1.0
FOV_score_top5,0.15000000596046448,20,20,0,0,1.0,0.0,1.0
FOV_score_top5,0.1509999930858612,20,20,0,0,1.0,0.0,1.0
FOV_score_top5,0.15199999511241913,20,20,0,0,1.0,0.0,1.0
FOV_score_top5,0.15299999713897705,20,20,0,0,1.0,0.0,1.0
FOV_score_top5,0.15399999916553497,20,20,0,0,1.0,0.0,1.0
FOV_score_top5,0.1550000011920929,20,20,0,0,1.0,0.0,1.0
FOV_score_top5,0.15600000321865082,20,20,0,0,1.0,0.0,1.0
FOV_score_top5,0.15700000524520874,20,20,0,0,1.0,0.0,1.0
FOV_score_top5,0.15800000727176666,20,20,0,0,1.0,0.0,1.0
FOV_score_top5,0.1589999943971634,20,20,0,0,1.0,0.0,1.0
FOV_score_top5,0.1599999964237213,20,20,0,0,1.0,0.0,1.0
FOV_score_top5,0.16099999845027924,20,20,0,0,1.0,0.0,1.0
FOV_score_top5,0.16200000047683716,20,20,0,0,1.0,0.0,1.0
FOV_score_top5,0.16300000250339508,20,20,0,0,1.0,0.0,1.0
FOV_score_top5,0.164000004529953,20,20,0,0,1.0,0.0,1.0
FOV_score_top5,0.16500000655651093,20,20,0,0,1.0,0.0,1.0
FOV_score_top5,0.16599999368190765,20,20,0,0,1.0,0.0,1.0
FOV_score_top5,0.16699999570846558,20,20,0,0,1.0,0.0,1.0
FOV_score_top5,0.1679999977350235,20,20,0,0,1.0,0.0,1.0
FOV_score_top5,0.16899999976158142,20,20,0,0,1.0,0.0,1.0
FOV_score_top5,0.17000000178813934,20,20,0,0,1.0,0.0,1.0
FOV_score_top5,0.17100000381469727,20,20,0,0,1.0,0.0,1.0
FOV_score_top5,0.1720000058412552,20,20,0,0,1.0,0.0,1.0
FOV_score_top5,0.17299999296665192,20,20,0,0,1.0,0.0,1.0
FOV_score_top5,0.17399999499320984,20,20,0,0,1.0,0.0,1.0
FOV_score_top5,0.17499999701976776,20,20,0,0,1.0,0.0,1.0
FOV_score_top5,0.17599999904632568,20,20,0,0,1.0,0.0,1.0
FOV_score_top5,0.1770000010728836,20,20,0,0,1.0,0.0,1.0
FOV_score_top5,0.17800000309944153,20,20,0,0,1.0,0.0,1.0
FOV_score_top5,0.17900000512599945,20,20,0,0,1.0,0.0,1.0
FOV_score_top5,0.18000000715255737,20,20,0,0,1.0,0.0,1.0
FOV_score_top5,0.1809999942779541,20,20,0,0,1.0,0.0,1.0
FOV_score_top5,0.18199999630451202,20,20,0,0,1.0,0.0,1.0
FOV_score_top5,0.18299999833106995,20,20,0,0,1.0,0.0,1.0
FOV_score_top5,0.18400000035762787,20,20,0,0,1.0,0.0,1.0
FOV_score_top5,0.1850000023841858,20,20,0,0,1.0,0.0,1.0
FOV_score_top5,0.1860000044107437,20,20,0,0,1.0,0.0,1.0
FOV_score_top5,0.18700000643730164,20,20,0,0,1.0,0.0,1.0
FOV_score_top5,0.18799999356269836,20,20,0,0,1.0,0.0,1.0
FOV_score_top5,0.1889999955892563,20,20,0,0,1.0,0.0,1.0
FOV_score_top5,0.1899999976158142,20,20,0,0,1.0,0.0,1.0
FOV_score_top5,0.19099999964237213,20,20,0,0,1.0,0.0,1.0
FOV_score_top5,0.19200000166893005,20,20,0,0,1.0,0.0,1.0
FOV_score_top5,0.19300000369548798,20,20,0,0,1.0,0.0,1.0
FOV_score_top5,0.1940000057220459,20,20,0,0,1.0,0.0,1.0
FOV_score_top5,0.19499999284744263,20,20,0,0,1.0,0.0,1.0
FOV_score_top5,0.19599999487400055,20,20,0,0,1.0,0.0,1.0
FOV_score_top5,0.19699999690055847,20,20,0,0,1.0,0.0,1.0
FOV_score_top5,0.1979999989271164,20,20,0,0,1.0,0.0,1.0
FOV_score_top5,0.19900000095367432,20,20,0,0,1.0,0.0,1.0
FOV_score_top5,0.20000000298023224,20,20,0,0,1.0,0.0,1.0
FOV_score_top5,0.20100000500679016,20,20,0,0,1.0,0.0,1.0
FOV_score_top5,0.20200000703334808,20,20,0,0,1.0,0.0,1.0
FOV_score_top5,0.2029999941587448,20,20,0,0,1.0,0.0,1.0
FOV_score_top5,0.20399999618530273,20,20,0,0,1.0,0.0,1.0
FOV_score_top5,0.20499999821186066,20,20,0,0,1.0,0.0,1.0
FOV_score_top5,0.20600000023841858,20,20,0,0,1.0,0.0,1.0
FOV_score_top5,0.2070000022649765,20,20,0,0,1.0,0.0,1.0
FOV_score_top5,0.20800000429153442,20,20,0,0,1.0,0.0,1.0
FOV_score_top5,0.20900000631809235,20,20,0,0,1.0,0.0,1.0
FOV_score_top5,0.20999999344348907,20,20,0,0,1.0,0.0,1.0
FOV_score_top5,0.210999995470047,20,20,0,0,1.0,0.0,1.0
FOV_score_top5,0.21199999749660492,20,20,0,0,1.0,0.0,1.0
FOV_score_top5,0.21299999952316284,20,20,0,0,1.0,0.0,1.0
FOV_score_top5,0.21400000154972076,20,20,0,0,1.0,0.0,1.0
FOV_score_top5,0.2150000035762787,20,20,0,0,1.0,0.0,1.0
FOV_score_top5,0.2160000056028366,20,20,0,0,1.0,0.0,1.0
FOV_score_top5,0.21699999272823334,20,20,0,0,1.0,0.0,1.0
FOV_score_top5,0.21799999475479126,20,20,0,0,1.0,0.0,1.0
FOV_score_top5,0.21899999678134918,20,20,0,0,1.0,0.0,1.0
FOV_score_top5,0.2199999988079071,20,20,0,0,1.0,0.0,1.0
FOV_score_top5,0.22100000083446503,20,20,0,0,1.0,0.0,1.0
FOV_score_top5,0.22200000286102295,20,20,0,0,1.0,0.0,1.0
FOV_score_top5,0.22300000488758087,20,20,0,0,1.0,0.0,1.0
FOV_score_top5,0.2240000069141388,20,20,0,0,1.0,0.0,1.0
FOV_score_top5,0.22499999403953552,20,20,0,0,1.0,0.0,1.0
FOV_score_top5,0.22599999606609344,20,20,0,0,1.0,0.0,1.0
FOV_score_top5,0.22699999809265137,20,20,0,0,1.0,0.0,1.0
FOV_score_top5,0.2280000001192093,20,20,0,0,1.0,0.0,1.0
FOV_score_top5,0.2290000021457672,20,20,0,0,1.0,0.0,1.0
FOV_score_top5,0.23000000417232513,20,20,0,0,1.0,0.0,1.0
FOV_score_top5,0.23100000619888306,20,20,0,0,1.0,0.0,1.0
FOV_score_top5,0.23199999332427979,20,20,0,0,1.0,0.0,1.0
FOV_score_top5,0.2329999953508377,20,20,0,0,1.0,0.0,1.0
FOV_score_top5,0.23399999737739563,20,20,0,0,1.0,0.0,1.0
FOV_score_top5,0.23499999940395355,20,20,0,0,1.0,0.0,1.0
FOV_score_top5,0.23600000143051147,20,20,0,0,1.0,0.0,1.0
FOV_score_top5,0.2370000034570694,20,20,0,0,1.0,0.0,1.0
FOV_score_top5,0.23800000548362732,20,20,0,0,1.0,0.0,1.0
FOV_score_top5,0.23899999260902405,20,20,0,0,1.0,0.0,1.0
FOV_score_top5,0.23999999463558197,20,20,0,0,1.0,0.0,1.0
FOV_score_top5,0.2409999966621399,20,20,0,0,1.0,0.0,1.0
FOV_score_top5,0.24199999868869781,20,20,0,0,1.0,0.0,1.0
FOV_score_top5,0.24300000071525574,20,20,0,0,1.0,0.0,1.0
FOV_score_top5,0.24400000274181366,20,20,0,0,1.0,0.0,1.0
FOV_score_top5,0.24500000476837158,20,20,0,0,1.0,0.0,1.0
FOV_score_top5,0.2460000067949295,20,20,0,0,1.0,0.0,1.0
FOV_score_top5,0.24699999392032623,20,20,0,0,1.0,0.0,1.0
FOV_score_top5,0.24799999594688416,20,20,0,0,1.0,0.0,1.0
FOV_score_top5,0.24899999797344208,20,20,0,0,1.0,0.0,1.0
FOV_score_top5,0.25,20,20,0,0,1.0,0.0,1.0
FOV_score_top5,0.25099998712539673,20,20,0,0,1.0,0.0,1.0
FOV_score_top5,0.25200000405311584,20,20,0,0,1.0,0.0,1.0
FOV_score_top5,0.2529999911785126,20,20,0,0,1.0,0.0,1.0
FOV_score_top5,0.2540000081062317,20,20,0,0,1.0,0.0,1.0
FOV_score_top5,0.2549999952316284,20,20,0,0,1.0,0.0,1.0
FOV_score_top5,0.25600001215934753,20,20,0,0,1.0,0.0,1.0
FOV_score_top5,0.25699999928474426,20,20,0,0,1.0,0.0,1.0
FOV_score_top5,0.257999986410141,20,20,0,0,1.0,0.0,1.0
FOV_score_top5,0.2590000033378601,20,20,0,0,1.0,0.0,1.0
FOV_score_top5,0.25999999046325684,20,20,0,0,1.0,0.0,1.0
FOV_score_top5,0.26100000739097595,20,20,0,0,1.0,0.0,1.0
FOV_score_top5,0.2619999945163727,20,20,0,0,1.0,0.0,1.0
FOV_score_top5,0.2630000114440918,20,20,0,0,1.0,0.0,1.0
FOV_score_top5,0.2639999985694885,20,20,0,0,1.0,0.0,1.0
FOV_score_top5,0.26499998569488525,20,20,0,0,1.0,0.0,1.0
FOV_score_top5,0.26600000262260437,20,20,0,0,1.0,0.0,1.0
FOV_score_top5,0.2669999897480011,20,20,0,0,1.0,0.0,1.0
FOV_score_top5,0.2680000066757202,20,20,0,0,1.0,0.0,1.0
FOV_score_top5,0.26899999380111694,20,20,0,0,1.0,0.0,1.0
FOV_score_top5,0.27000001072883606,20,20,0,0,1.0,0.0,1.0
FOV_score_top5,0.2709999978542328,20,20,0,0,1.0,0.0,1.0
FOV_score_top5,0.2720000147819519,20,20,0,0,1.0,0.0,1.0
FOV_score_top5,0.27300000190734863,20,20,0,0,1.0,0.0,1.0
FOV_score_top5,0.27399998903274536,20,20,0,0,1.0,0.0,1.0
FOV_score_top5,0.2750000059604645,20,20,0,0,1.0,0.0,1.0
FOV_score_top5,0.2759999930858612,20,20,0,0,1.0,0.0,1.0
FOV_score_top5,0.2770000100135803,20,20,0,0,1.0,0.0,1.0
FOV_score_top5,0.27799999713897705,20,20,0,0,1.0,0.0,1.0
FOV_score_top5,0.27900001406669617,20,20,0,0,1.0,0.0,1.0
FOV_score_top5,0.2800000011920929,20,20,0,0,1.0,0.0,1.0
FOV_score_top5,0.2809999883174896,20,20,0,0,1.0,0.0,1.0
FOV_score_top5,0.28200000524520874,20,20,0,0,1.0,0.0,1.0
FOV_score_top5,0.28299999237060547,20,20,0,0,1.0,0.0,1.0
FOV_score_top5,0.2840000092983246,20,20,0,0,1.0,0.0,1.0
FOV_score_top5,0.2849999964237213,20,20,0,0,1.0,0.0,1.0
FOV_score_top5,0.28600001335144043,20,20,0,0,1.0,0.0,1.0
FOV_score_top5,0.28700000047683716,20,20,0,0,1.0,0.0,1.0
FOV_score_top5,0.2879999876022339,20,20,0,0,1.0,0.0,1.0
FOV_score_top5,0.289000004529953,20,20,0,0,1.0,0.0,1.0
FOV_score_top5,0.28999999165534973,20,20,0,0,1.0,0.0,1.0
FOV_score_top5,0.29100000858306885,20,20,0,0,1.0,0.0,1.0
FOV_score_top5,0.2919999957084656,20,20,0,0,1.0,0.0,1.0
FOV_score_top5,0.2930000126361847,20,20,0,0,1.0,0.0,1.0
FOV_score_top5,0.2939999997615814,20,20,0,0,1.0,0.0,1.0
FOV_score_top5,0.29499998688697815,20,20,0,0,1.0,0.0,1.0
FOV_score_top5,0.29600000381469727,20,20,0,0,1.0,0.0,1.0
FOV_score_top5,0.296999990940094,20,20,0,0,1.0,0.0,1.0
FOV_score_top5,0.2980000078678131,20,20,0,0,1.0,0.0,1.0
FOV_score_top5,0.29899999499320984,20,20,0,0,1.0,0.0,1.0
FOV_score_top5,0.30000001192092896,20,20,0,0,1.0,0.0,1.0
FOV_score_top5,0.3009999990463257,20,20,0,0,1.0,0.0,1.0
FOV_score_top5,0.3019999861717224,20,20,0,0,1.0,0.0,1.0
FOV_score_top5,0.30300000309944153,20,20,0,0,1.0,0.0,1.0
FOV_score_top5,0.30399999022483826,20,20,0,0,1.0,0.0,1.0
FOV_score_top5,0.3050000071525574,20,20,0,0,1.0,0.0,1.0
FOV_score_top5,0.3059999942779541,20,20,0,0,1.0,0.0,1.0
FOV_score_top5,0.3070000112056732,20,20,0,0,1.0,0.0,1.0
FOV_score_top5,0.30799999833106995,20,20,0,0,1.0,0.0,1.0
FOV_score_top5,0.3089999854564667,20,20,0,0,1.0,0.0,1.0
FOV_score_top5,0.3100000023841858,20,20,0,0,1.0,0.0,1.0
FOV_score_top5,0.3109999895095825,20,20,0,0,1.0,0.0,1.0
FOV_score_top5,0.31200000643730164,20,20,0,0,1.0,0.0,1.0
FOV_score_top5,0.31299999356269836,20,20,0,0,1.0,0.0,1.0
FOV_score_top5,0.3140000104904175,20,20,0,0,1.0,0.0,1.0
FOV_score_top5,0.3149999976158142,20,20,0,0,1.0,0.0,1.0
FOV_score_top5,0.3160000145435333,20,20,0,0,1.0,0.0,1.0
FOV_score_top5,0.31700000166893005,20,20,0,0,1.0,0.0,1.0
FOV_score_top5,0.3179999887943268,20,20,0,0,1.0,0.0,1.0
FOV_score_top5,0.3190000057220459,20,20,0,0,1.0,0.0,1.0
FOV_score_top5,0.3199999928474426,20,20,0,0,1.0,0.0,1.0
FOV_score_top5,0.32100000977516174,20,20,0,0,1.0,0.0,1.0
FOV_score_top5,0.32199999690055847,20,20,0,0,1.0,0.0,1.0
FOV_score_top5,0.3230000138282776,20,20,0,0,1.0,0.0,1.0
FOV_score_top5,0.3240000009536743,20,20,0,0,1.0,0.0,1.0
FOV_score_top5,0.32499998807907104,20,20,0,0,1.0,0.0,1.0
FOV_score_top5,0.32600000500679016,20,20,0,0,1.0,0.0,1.0
FOV_score_top5,0.3269999921321869,20,20,0,0,1.0,0.0,1.0
FOV_score_top5,0.328000009059906,20,20,0,0,1.0,0.0,1.0
FOV_score_top5,0.32899999618530273,20,20,0,0,1.0,0.0,1.0
FOV_score_top5,0.33000001311302185,20,20,0,0,1.0,0.0,1.0
FOV_score_top5,0.3310000002384186,20,20,0,0,1.0,0.0,1.0
FOV_score_top5,0.3319999873638153,20,20,0,0,1.0,0.0,1.0
FOV_score_top5,0.3330000042915344,20,20,0,0,1.0,0.0,1.0
FOV_score_top5,0.33399999141693115,20,20,0,0,1.0,0.0,1.0
FOV_score_top5,0.33500000834465027,20,20,0,0,1.0,0.0,1.0
FOV_score_top5,0.335999995470047,20,20,0,0,1.0,0.0,1.0
FOV_score_top5,0.3370000123977661,20,20,0,0,1.0,0.0,1.0
FOV_score_top5,0.33799999952316284,20,20,0,0,1.0,0.0,1.0
FOV_score_top5,0.33899998664855957,20,20,0,0,1.0,0.0,1.0
FOV_score_top5,0.3400000035762787,20,20,0,0,1.0,0.0,1.0
FOV_score_top5,0.3409999907016754,20,20,0,0,1.0,0.0,1.0
FOV_score_top5,0.34200000762939453,20,20,0,0,1.0,0.0,1.0
FOV_score_top5,0.34299999475479126,20,20,0,0,1.0,0.0,1.0
FOV_score_top5,0.3440000116825104,20,20,0,0,1.0,0.0,1.0
FOV_score_top5,0.3449999988079071,20,20,0,0,1.0,0.0,1.0
FOV_score_top5,0.34599998593330383,20,20,0,0,1.0,0.0,1.0
FOV_score_top5,0.34700000286102295,20,20,0,0,1.0,0.0,1.0
FOV_score_top5,0.3479999899864197,20,20,0,0,1.0,0.0,1.0
FOV_score_top5,0.3490000069141388,20,20,0,0,1.0,0.0,1.0
FOV_score_top5,0.3499999940395355,20,20,0,0,1.0,0.0,1.0
FOV_score_top5,0.35100001096725464,20,20,0,0,1.0,0.0,1.0
FOV_score_top5,0.35199999809265137,20,20,0,0,1.0,0.0,1.0
FOV_score_top5,0.3529999852180481,20,20,0,0,1.0,0.0,1.0
FOV_score_top5,0.3540000021457672,20,20,0,0,1.0,0.0,1.0
FOV_score_top5,0.35499998927116394,20,20,0,0,1.0,0.0,1.0
FOV_score_top5,0.35600000619888306,20,20,0,0,1.0,0.0,1.0
FOV_score_top5,0.3569999933242798,20,20,0,0,1.0,0.0,1.0
FOV_score_top5,0.3580000102519989,20,20,0,0,1.0,0.0,1.0
FOV_score_top5,0.35899999737739563,20,20,0,0,1.0,0.0,1.0
FOV_score_top5,0.36000001430511475,20,20,0,0,1.0,0.0,1.0
FOV_score_top5,0.3610000014305115,20,20,0,0,1.0,0.0,1.0
FOV_score_top5,0.3619999885559082,20,20,0,0,1.0,0.0,1.0
FOV_score_top5,0.3630000054836273,20,20,0,0,1.0,0.0,1.0
FOV_score_top5,0.36399999260902405,20,20,0,0,1.0,0.0,1.0
FOV_score_top5,0.36500000953674316,20,20,0,0,1.0,0.0,1.0
FOV_score_top5,0.3659999966621399,20,20,0,0,1.0,0.0,1.0
FOV_score_top5,0.367000013589859,20,20,0,0,1.0,0.0,1.0
FOV_score_top5,0.36800000071525574,20,20,0,0,1.0,0.0,1.0
FOV_score_top5,0.36899998784065247,20,20,0,0,1.0,0.0,1.0
FOV_score_top5,0.3700000047683716,20,20,0,0,1.0,0.0,1.0
FOV_score_top5,0.3709999918937683,20,20,0,0,1.0,0.0,1.0
FOV_score_top5,0.3720000088214874,20,20,0,0,1.0,0.0,1.0
FOV_score_top5,0.37299999594688416,20,20,0,0,1.0,0.0,1.0
FOV_score_top5,0.37400001287460327,20,20,0,0,1.0,0.0,1.0
FOV_score_top5,0.375,20,20,0,0,1.0,0.0,1.0
FOV_score_top5,0.37599998712539673,20,20,0,0,1.0,0.0,1.0
FOV_score_top5,0.37700000405311584,20,20,0,0,1.0,0.0,1.0
FOV_score_top5,0.3779999911785126,20,20,0,0,1.0,0.0,1.0
FOV_score_top5,0.3790000081062317,20,20,0,0,1.0,0.0,1.0
FOV_score_top5,0.3799999952316284,20,20,0,0,1.0,0.0,1.0
FOV_score_top5,0.38100001215934753,20,20,0,0,1.0,0.0,1.0
FOV_score_top5,0.38199999928474426,20,20,0,0,1.0,0.0,1.0
FOV_score_top5,0.382999986410141,20,20,0,0,1.0,0.0,1.0
FOV_score_top5,0.3840000033378601,20,20,0,0,1.0,0.0,1.0
FOV_score_top5,0.38499999046325684,20,20,0,0,1.0,0.0,1.0
FOV_score_top5,0.38600000739097595,20,20,0,0,1.0,0.0,1.0
FOV_score_top5,0.3869999945163727,20,20,0,0,1.0,0.0,1.0
FOV_score_top5,0.3880000114440918,20,20,0,0,1.0,0.0,1.0
FOV_score_top5,0.3889999985694885,20,20,0,0,1.0,0.0,1.0
FOV_score_top5,0.38999998569488525,20,20,0,0,1.0,0.0,1.0
FOV_score_top5,0.39100000262260437,20,20,0,0,1.0,0.0,1.0
FOV_score_top5,0.3919999897480011,20,20,0,0,1.0,0.0,1.0
FOV_score_top5,0.3930000066757202,20,20,0,0,1.0,0.0,1.0
FOV_score_top5,0.39399999380111694,20,20,0,0,1.0,0.0,1.0
FOV_score_top5,0.39500001072883606,20,20,0,0,1.0,0.0,1.0
FOV_score_top5,0.3959999978542328,20,20,0,0,1.0,0.0,1.0
FOV_score_top5,0.3970000147819519,20,20,0,0,1.0,0.0,1.0
FOV_score_top5,0.39800000190734863,20,20,0,0,1.0,0.0,1.0
FOV_score_top5,0.39899998903274536,20,20,0,0,1.0,0.0,1.0
FOV_score_top5,0.4000000059604645,20,20,0,0,1.0,0.0,1.0
FOV_score_top5,0.4009999930858612,20,20,0,0,1.0,0.0,1.0
FOV_score_top5,0.4020000100135803,20,20,0,0,1.0,0.0,1.0
FOV_score_top5,0.40299999713897705,20,20,0,0,1.0,0.0,1.0
FOV_score_top5,0.40400001406669617,20,20,0,0,1.0,0.0,1.0
FOV_score_top5,0.4050000011920929,20,20,0,0,1.0,0.0,1.0
FOV_score_top5,0.4059999883174896,20,20,0,0,1.0,0.0,1.0
FOV_score_top5,0.40700000524520874,20,20,0,0,1.0,0.0,1.0
FOV_score_top5,0.40799999237060547,20,20,0,0,1.0,0.0,1.0
FOV_score_top5,0.4090000092983246,20,20,0,0,1.0,0.0,1.0
FOV_score_top5,0.4099999964237213,20,20,0,0,1.0,0.0,1.0
FOV_score_top5,0.41100001335144043,20,20,0,0,1.0,0.0,1.0
FOV_score_top5,0.41200000047683716,20,20,0,0,1.0,0.0,1.0
FOV_score_top5,0.4129999876022339,20,20,0,0,1.0,0.0,1.0
FOV_score_top5,0.414000004529953,20,20,0,0,1.0,0.0,1.0
FOV_score_top5,0.41499999165534973,20,20,0,0,1.0,0.0,1.0
FOV_score_top5,0.41600000858306885,20,20,0,0,1.0,0.0,1.0
FOV_score_top5,0.4169999957084656,20,20,0,0,1.0,0.0,1.0
FOV_score_top5,0.4180000126361847,20,20,0,0,1.0,0.0,1.0
FOV_score_top5,0.4189999997615814,20,20,0,0,1.0,0.0,1.0
FOV_score_top5,0.41999998688697815,20,20,0,0,1.0,0.0,1.0
FOV_score_top5,0.42100000381469727,20,20,0,0,1.0,0.0,1.0
FOV_score_top5,0.421999990940094,20,20,0,0,1.0,0.0,1.0
FOV_score_top5,0.4230000078678131,20,20,0,0,1.0,0.0,1.0
FOV_score_top5,0.42399999499320984,20,20,0,0,1.0,0.0,1.0
FOV_score_top5,0.42500001192092896,20,20,0,0,1.0,0.0,1.0
FOV_score_top5,0.4259999990463257,20,20,0,0,1.0,0.0,1.0
FOV_score_top5,0.4269999861717224,20,20,0,0,1.0,0.0,1.0
FOV_score_top5,0.42800000309944153,20,20,0,0,1.0,0.0,1.0
FOV_score_top5,0.42899999022483826,20,20,0,0,1.0,0.0,1.0
FOV_score_top5,0.4300000071525574,20,20,0,0,1.0,0.0,1.0
FOV_score_top5,0.4309999942779541,20,20,0,0,1.0,0.0,1.0
FOV_score_top5,0.4320000112056732,20,20,0,0,1.0,0.0,1.0
FOV_score_top5,0.43299999833106995,20,20,0,0,1.0,0.0,1.0
FOV_score_top5,0.4339999854564667,20,20,0,0,1.0,0.0,1.0
FOV_score_top5,0.4350000023841858,20,20,0,0,1.0,0.0,1.0
FOV_score_top5,0.4359999895095825,20,20,0,0,1.0,0.0,1.0
FOV_score_top5,0.43700000643730164,20,20,0,0,1.0,0.0,1.0
FOV_score_top5,0.43799999356269836,20,20,0,0,1.0,0.0,1.0
FOV_score_top5,0.4390000104904175,20,20,0,0,1.0,0.0,1.0
FOV_score_top5,0.4399999976158142,20,20,0,0,1.0,0.0,1.0
FOV_score_top5,0.4410000145435333,20,20,0,0,1.0,0.0,1.0
FOV_score_top5,0.44200000166893005,20,20,0,0,1.0,0.0,1.0
FOV_score_top5,0.4429999887943268,20,20,0,0,1.0,0.0,1.0
FOV_score_top5,0.4440000057220459,20,20,0,0,1.0,0.0,1.0
FOV_score_top5,0.4449999928474426,20,20,0,0,1.0,0.0,1.0
FOV_score_top5,0.44600000977516174,20,20,0,0,1.0,0.0,1.0
FOV_score_top5,0.44699999690055847,20,20,0,0,1.0,0.0,1.0
FOV_score_top5,0.4480000138282776,20,20,0,0,1.0,0.0,1.0
FOV_score_top5,0.4490000009536743,20,20,0,0,1.0,0.0,1.0
FOV_score_top5,0.44999998807907104,20,20,0,0,1.0,0.0,1.0
FOV_score_top5,0.45100000500679016,20,20,0,0,1.0,0.0,1.0
FOV_score_top5,0.4519999921321869,20,20,0,0,1.0,0.0,1.0
FOV_score_top5,0.453000009059906,20,20,0,0,1.0,0.0,1.0
FOV_score_top5,0.45399999618530273,20,20,0,0,1.0,0.0,1.0
FOV_score_top5,0.45500001311302185,20,20,0,0,1.0,0.0,1.0
FOV_score_top5,0.4560000002384186,20,20,0,0,1.0,0.0,1.0
FOV_score_top5,0.4569999873638153,20,20,0,0,1.0,0.0,1.0
FOV_score_top5,0.4580000042915344,20,20,0,0,1.0,0.0,1.0
FOV_score_top5,0.45899999141693115,20,20,0,0,1.0,0.0,1.0
FOV_score_top5,0.46000000834465027,20,20,0,0,1.0,0.0,1.0
FOV_score_top5,0.460999995470047,20,20,0,0,1.0,0.0,1.0
FOV_score_top5,0.4620000123977661,20,20,0,0,1.0,0.0,1.0
FOV_score_top5,0.46299999952316284,20,20,0,0,1.0,0.0,1.0
FOV_score_top5,0.46399998664855957,20,20,0,0,1.0,0.0,1.0
FOV_score_top5,0.4650000035762787,20,20,0,0,1.0,0.0,1.0
FOV_score_top5,0.4659999907016754,20,20,0,0,1.0,0.0,1.0
FOV_score_top5,0.46700000762939453,20,20,0,0,1.0,0.0,1.0
FOV_score_top5,0.46799999475479126,20,20,0,0,1.0,0.0,1.0
FOV_score_top5,0.4690000116825104,20,20,0,0,1.0,0.0,1.0
FOV_score_top5,0.4699999988079071,20,20,0,0,1.0,0.0,1.0
FOV_score_top5,0.47099998593330383,20,20,0,0,1.0,0.0,1.0
FOV_score_top5,0.47200000286102295,20,20,0,0,1.0,0.0,1.0
FOV_score_top5,0.4729999899864197,20,20,0,0,1.0,0.0,1.0
FOV_score_top5,0.4740000069141388,20,20,0,0,1.0,0.0,1.0
FOV_score_top5,0.4749999940395355,20,20,0,0,1.0,0.0,1.0
FOV_score_top5,0.47600001096725464,20,20,0,0,1.0,0.0,1.0
FOV_score_top5,0.47699999809265137,20,20,0,0,1.0,0.0,1.0
FOV_score_top5,0.4779999852180481,20,20,0,0,1.0,0.0,1.0
FOV_score_top5,0.4790000021457672,20,20,0,0,1.0,0.0,1.0
FOV_score_top5,0.47999998927116394,20,20,0,0,1.0,0.0,1.0
FOV_score_top5,0.48100000619888306,20,20,0,0,1.0,0.0,1.0
FOV_score_top5,0.4819999933242798,20,20,0,0,1.0,0.0,1.0
FOV_score_top5,0.4830000102519989,20,20,0,0,1.0,0.0,1.0
FOV_score_top5,0.48399999737739563,20,20,0,0,1.0,0.0,1.0
FOV_score_top5,0.48500001430511475,20,20,0,0,1.0,0.0,1.0
FOV_score_top5,0.4860000014305115,20,20,0,0,1.0,0.0,1.0
FOV_score_top5,0.4869999885559082,20,20,0,0,1.0,0.0,1.0
FOV_score_top5,0.4880000054836273,20,20,0,0,1.0,0.0,1.0
FOV_score_top5,0.48899999260902405,20,20,0,0,1.0,0.0,1.0
FOV_score_top5,0.49000000953674316,20,20,0,0,1.0,0.0,1.0
FOV_score_top5,0.4909999966621399,20,20,0,0,1.0,0.0,1.0
FOV_score_top5,0.492000013589859,20,20,0,0,1.0,0.0,1.0
FOV_score_top5,0.49300000071525574,20,20,0,0,1.0,0.0,1.0
FOV_score_top5,0.49399998784065247,20,20,0,0,1.0,0.0,1.0
FOV_score_top5,0.4950000047683716,20,20,0,0,1.0,0.0,1.0
FOV_score_top5,0.4959999918937683,20,20,0,0,1.0,0.0,1.0
FOV_score_top5,0.4970000088214874,20,20,0,0,1.0,0.0,1.0
FOV_score_top5,0.49799999594688416,20,20,0,0,1.0,0.0,1.0
FOV_score_top5,0.49900001287460327,20,20,0,0,1.0,0.0,1.0
FOV_score_top5,0.5,20,20,0,0,1.0,0.0,1.0
FOV_score_top5,0.5009999871253967,20,20,0,0,1.0,0.0,1.0
FOV_score_top5,0.5019999742507935,20,20,0,0,1.0,0.0,1.0
FOV_score_top5,0.503000020980835,20,20,0,0,1.0,0.0,1.0
FOV_score_top5,0.5040000081062317,20,20,0,0,1.0,0.0,1.0
FOV_score_top5,0.5049999952316284,20,20,0,0,1.0,0.0,1.0
FOV_score_top5,0.5059999823570251,20,20,0,0,1.0,0.0,1.0
FOV_score_top5,0.5070000290870667,20,20,0,0,1.0,0.0,1.0
FOV_score_top5,0.5080000162124634,20,20,0,0,1.0,0.0,1.0
FOV_score_top5,0.5090000033378601,20,20,0,0,1.0,0.0,1.0
FOV_score_top5,0.5099999904632568,20,20,0,0,1.0,0.0,1.0
FOV_score_top5,0.5109999775886536,20,20,0,0,1.0,0.0,1.0
FOV_score_top5,0.5120000243186951,20,20,0,0,1.0,0.0,1.0
FOV_score_top5,0.5130000114440918,20,20,0,0,1.0,0.0,1.0
FOV_score_top5,0.5139999985694885,20,20,0,0,1.0,0.0,1.0
FOV_score_top5,0.5149999856948853,20,20,0,0,1.0,0.0,1.0
FOV_score_top5,0.515999972820282,20,20,0,0,1.0,0.0,1.0
FOV_score_top5,0.5170000195503235,20,20,0,0,1.0,0.0,1.0
FOV_score_top5,0.5180000066757202,20,20,0,0,1.0,0.0,1.0
FOV_score_top5,0.5189999938011169,20,20,0,0,1.0,0.0,1.0
FOV_score_top5,0.5199999809265137,20,20,0,0,1.0,0.0,1.0
FOV_score_top5,0.5210000276565552,20,20,0,0,1.0,0.0,1.0
FOV_score_top5,0.5220000147819519,20,20,0,0,1.0,0.0,1.0
FOV_score_top5,0.5230000019073486,20,20,0,0,1.0,0.0,1.0
FOV_score_top5,0.5239999890327454,20,20,0,0,1.0,0.0,1.0
FOV_score_top5,0.5249999761581421,20,20,0,0,1.0,0.0,1.0
FOV_score_top5,0.5260000228881836,20,20,0,0,1.0,0.0,1.0
FOV_score_top5,0.5270000100135803,20,20,0,0,1.0,0.0,1.0
FOV_score_top5,0.527999997138977,20,20,0,0,1.0,0.0,1.0
FOV_score_top5,0.5289999842643738,20,20,0,0,1.0,0.0,1.0
FOV_score_top5,0.5299999713897705,20,20,0,0,1.0,0.0,1.0
FOV_score_top5,0.531000018119812,20,20,0,0,1.0,0.0,1.0
FOV_score_top5,0.5320000052452087,20,20,0,0,1.0,0.0,1.0
FOV_score_top5,0.5329999923706055,20,20,0,0,1.0,0.0,1.0
FOV_score_top5,0.5339999794960022,20,20,0,0,1.0,0.0,1.0
FOV_score_top5,0.5350000262260437,20,20,0,0,1.0,0.0,1.0
FOV_score_top5,0.5360000133514404,20,20,0,0,1.0,0.0,1.0
FOV_score_top5,0.5370000004768372,20,20,0,0,1.0,0.0,1.0
FOV_score_top5,0.5379999876022339,20,20,0,0,1.0,0.0,1.0
FOV_score_top5,0.5389999747276306,20,20,0,0,1.0,0.0,1.0
FOV_score_top5,0.5400000214576721,20,20,0,0,1.0,0.0,1.0
FOV_score_top5,0.5410000085830688,20,20,0,0,1.0,0.0,1.0
FOV_score_top5,0.5419999957084656,20,20,0,0,1.0,0.0,1.0
FOV_score_top5,0.5429999828338623,20,20,0,0,1.0,0.0,1.0
FOV_score_top5,0.5440000295639038,20,20,0,0,1.0,0.0,1.0
FOV_score_top5,0.5450000166893005,20,20,0,0,1.0,0.0,1.0
FOV_score_top5,0.5460000038146973,20,20,0,0,1.0,0.0,1.0
FOV_score_top5,0.546999990940094,20,20,0,0,1.0,0.0,1.0
FOV_score_top5,0.5479999780654907,20,20,0,0,1.0,0.0,1.0
FOV_score_top5,0.5490000247955322,20,20,0,0,1.0,0.0,1.0
FOV_score_top5,0.550000011920929,20,20,0,0,1.0,0.0,1.0
FOV_score_top5,0.5509999990463257,20,20,0,0,1.0,0.0,1.0
FOV_score_top5,0.5519999861717224,20,20,0,0,1.0,0.0,1.0
FOV_score_top5,0.5529999732971191,20,20,0,0,1.0,0.0,1.0
FOV_score_top5,0.5540000200271606,20,20,0,0,1.0,0.0,1.0
FOV_score_top5,0.5550000071525574,20,20,0,0,1.0,0.0,1.0
FOV_score_top5,0.5559999942779541,20,20,0,0,1.0,0.0,1.0
FOV_score_top5,0.5569999814033508,20,20,0,0,1.0,0.0,1.0
FOV_score_top5,0.5580000281333923,20,20,0,0,1.0,0.0,1.0
FOV_score_top5,0.5590000152587891,20,20,0,0,1.0,0.0,1.0
FOV_score_top5,0.5600000023841858,20,20,0,0,1.0,0.0,1.0
FOV_score_top5,0.5609999895095825,20,20,0,0,1.0,0.0,1.0
FOV_score_top5,0.5619999766349792,20,20,0,0,1.0,0.0,1.0
FOV_score_top5,0.5630000233650208,20,20,0,0,1.0,0.0,1.0
FOV_score_top5,0.5640000104904175,20,20,0,0,1.0,0.0,1.0
FOV_score_top5,0.5649999976158142,20,20,0,0,1.0,0.0,1.0
FOV_score_top5,0.5659999847412109,20,20,0,0,1.0,0.0,1.0
FOV_score_top5,0.5669999718666077,20,20,0,0,1.0,0.0,1.0
FOV_score_top5,0.5680000185966492,20,20,0,0,1.0,0.0,1.0
FOV_score_top5,0.5690000057220459,20,20,0,0,1.0,0.0,1.0
FOV_score_top5,0.5699999928474426,20,20,0,0,1.0,0.0,1.0
FOV_score_top5,0.5709999799728394,20,20,0,0,1.0,0.0,1.0
FOV_score_top5,0.5720000267028809,20,20,0,0,1.0,0.0,1.0
FOV_score_top5,0.5730000138282776,20,20,0,0,1.0,0.0,1.0
FOV_score_top5,0.5740000009536743,20,20,0,0,1.0,0.0,1.0
FOV_score_top5,0.574999988079071,20,20,0,0,1.0,0.0,1.0
FOV_score_top5,0.5759999752044678,20,20,0,0,1.0,0.0,1.0
FOV_score_top5,0.5770000219345093,20,20,0,0,1.0,0.0,1.0
FOV_score_top5,0.578000009059906,20,20,0,0,1.0,0.0,1.0
FOV_score_top5,0.5789999961853027,20,20,0,0,1.0,0.0,1.0
FOV_score_top5,0.5799999833106995,20,20,0,0,1.0,0.0,1.0
FOV_score_top5,0.5809999704360962,20,20,0,0,1.0,0.0,1.0
FOV_score_top5,0.5820000171661377,20,20,0,0,1.0,0.0,1.0
FOV_score_top5,0.5830000042915344,20,20,0,0,1.0,0.0,1.0
FOV_score_top5,0.5839999914169312,20,20,0,0,1.0,0.0,1.0
FOV_score_top5,0.5849999785423279,20,20,0,0,1.0,0.0,1.0
FOV_score_top5,0.5860000252723694,20,20,0,0,1.0,0.0,1.0
FOV_score_top5,0.5870000123977661,20,20,0,0,1.0,0.0,1.0
FOV_score_top5,0.5879999995231628,20,20,0,0,1.0,0.0,1.0
FOV_score_top5,0.5889999866485596,20,20,0,0,1.0,0.0,1.0
FOV_score_top5,0.5899999737739563,20,20,0,0,1.0,0.0,1.0
FOV_score_top5,0.5910000205039978,20,20,0,0,1.0,0.0,1.0
FOV_score_top5,0.5920000076293945,20,20,0,0,1.0,0.0,1.0
FOV_score_top5,0.5929999947547913,20,20,0,0,1.0,0.0,1.0
FOV_score_top5,0.593999981880188,20,20,0,0,1.0,0.0,1.0
FOV_score_top5,0.5950000286102295,20,20,0,0,1.0,0.0,1.0
FOV_score_top5,0.5960000157356262,20,20,0,0,1.0,0.0,1.0
FOV_score_top5,0.597000002861023,20,20,0,0,1.0,0.0,1.0
FOV_score_top5,0.5979999899864197,20,20,0,0,1.0,0.0,1.0
FOV_score_top5,0.5989999771118164,20,19,1,0,1.0,0.05,0.95
FOV_score_top5,0.6000000238418579,20,19,1,0,1.0,0.05,0.95
FOV_score_top5,0.6010000109672546,20,19,1,0,1.0,0.05,0.95
FOV_score_top5,0.6019999980926514,20,19,1,0,1.0,0.05,0.95
FOV_score_top5,0.6029999852180481,20,19,1,0,1.0,0.05,0.95
FOV_score_top5,0.6039999723434448,20,19,1,0,1.0,0.05,0.95
FOV_score_top5,0.6050000190734863,20,19,1,0,1.0,0.05,0.95
FOV_score_top5,0.6060000061988831,20,19,1,0,1.0,0.05,0.95
FOV_score_top5,0.6069999933242798,20,19,1,0,1.0,0.05,0.95
FOV_score_top5,0.6079999804496765,20,19,1,0,1.0,0.05,0.95
FOV_score_top5,0.609000027179718,20,19,1,0,1.0,0.05,0.95
FOV_score_top5,0.6100000143051147,20,19,1,0,1.0,0.05,0.95
FOV_score_top5,0.6110000014305115,20,19,1,0,1.0,0.05,0.95
FOV_score_top5,0.6119999885559082,20,19,1,0,1.0,0.05,0.95
FOV_score_top5,0.6129999756813049,20,19,1,0,1.0,0.05,0.95
FOV_score_top5,0.6140000224113464,20,19,1,0,1.0,0.05,0.95
FOV_score_top5,0.6150000095367432,20,19,1,0,1.0,0.05,0.95
FOV_score_top5,0.6159999966621399,20,19,1,0,1.0,0.05,0.95
FOV_score_top5,0.6169999837875366,20,19,1,0,1.0,0.05,0.95
FOV_score_top5,0.6179999709129333,20,19,1,0,1.0,0.05,0.95
FOV_score_top5,0.6190000176429749,20,19,1,0,1.0,0.05,0.95
FOV_score_top5,0.6200000047683716,20,19,1,0,1.0,0.05,0.95
FOV_score_top5,0.6209999918937683,20,19,1,0,1.0,0.05,0.95
FOV_score_top5,0.621999979019165,20,19,1,0,1.0,0.05,0.95
FOV_score_top5,0.6230000257492065,20,19,1,0,1.0,0.05,0.95
FOV_score_top5,0.6240000128746033,20,19,1,0,1.0,0.05,0.95
FOV_score_top5,0.625,20,19,1,0,1.0,0.05,0.95
FOV_score_top5,0.6259999871253967,20,19,1,0,1.0,0.05,0.95
FOV_score_top5,0.6269999742507935,20,19,1,0,1.0,0.05,0.95
FOV_score_top5,0.628000020980835,20,19,1,0,1.0,0.05,0.95
FOV_score_top5,0.6290000081062317,20,19,1,0,1.0,0.05,0.95
FOV_score_top5,0.6299999952316284,20,19,1,0,1.0,0.05,0.95
FOV_score_top5,0.6309999823570251,20,19,1,0,1.0,0.05,0.95
FOV_score_top5,0.6320000290870667,20,19,1,0,1.0,0.05,0.95
FOV_score_top5,0.6330000162124634,20,19,1,0,1.0,0.05,0.95
FOV_score_top5,0.6340000033378601,20,19,1,0,1.0,0.05,0.95
FOV_score_top5,0.6349999904632568,20,19,1,0,1.0,0.05,0.95
FOV_score_top5,0.6359999775886536,20,19,1,0,1.0,0.05,0.95
FOV_score_top5,0.6370000243186951,20,19,1,0,1.0,0.05,0.95
FOV_score_top5,0.6380000114440918,20,19,1,0,1.0,0.05,0.95
FOV_score_top5,0.6389999985694885,20,19,1,0,1.0,0.05,0.95
FOV_score_top5,0.6399999856948853,20,19,1,0,1.0,0.05,0.95
FOV_score_top5,0.640999972820282,20,19,1,0,1.0,0.05,0.95
FOV_score_top5,0.6420000195503235,20,19,1,0,1.0,0.05,0.95
FOV_score_top5,0.6430000066757202,20,19,1,0,1.0,0.05,0.95
FOV_score_top5,0.6439999938011169,20,19,1,0,1.0,0.05,0.95
FOV_score_top5,0.6449999809265137,20,19,1,0,1.0,0.05,0.95
FOV_score_top5,0.6460000276565552,20,19,1,0,1.0,0.05,0.95
FOV_score_top5,0.6470000147819519,20,19,1,0,1.0,0.05,0.95
FOV_score_top5,0.6480000019073486,20,19,1,0,1.0,0.05,0.95
FOV_score_top5,0.6489999890327454,20,19,1,0,1.0,0.05,0.95
FOV_score_top5,0.6499999761581421,20,19,1,0,1.0,0.05,0.95
FOV_score_top5,0.6510000228881836,20,18,2,0,1.0,0.1,0.9
FOV_score_top5,0.6520000100135803,20,18,2,0,1.0,0.1,0.9
FOV_score_top5,0.652999997138977,20,18,2,0,1.0,0.1,0.9
FOV_score_top5,0.6539999842643738,20,18,2,0,1.0,0.1,0.9
FOV_score_top5,0.6549999713897705,20,18,2,0,1.0,0.1,0.9
FOV_score_top5,0.656000018119812,20,18,2,0,1.0,0.1,0.9
FOV_score_top5,0.6570000052452087,20,18,2,0,1.0,0.1,0.9
FOV_score_top5,0.6579999923706055,20,18,2,0,1.0,0.1,0.9
FOV_score_top5,0.6589999794960022,20,18,2,0,1.0,0.1,0.9
FOV_score_top5,0.6600000262260437,20,18,2,0,1.0,0.1,0.9
FOV_score_top5,0.6610000133514404,20,18,2,0,1.0,0.1,0.9
FOV_score_top5,0.6620000004768372,20,18,2,0,1.0,0.1,0.9
FOV_score_top5,0.6629999876022339,20,18,2,0,1.0,0.1,0.9
FOV_score_top5,0.6639999747276306,20,18,2,0,1.0,0.1,0.9
FOV_score_top5,0.6650000214576721,20,18,2,0,1.0,0.1,0.9
FOV_score_top5,0.6660000085830688,20,18,2,0,1.0,0.1,0.9
FOV_score_top5,0.6669999957084656,20,18,2,0,1.0,0.1,0.9
FOV_score_top5,0.6679999828338623,20,18,2,0,1.0,0.1,0.9
FOV_score_top5,0.6690000295639038,20,18,2,0,1.0,0.1,0.9
FOV_score_top5,0.6700000166893005,20,18,2,0,1.0,0.1,0.9
FOV_score_top5,0.6710000038146973,20,18,2,0,1.0,0.1,0.9
FOV_score_top5,0.671999990940094,20,18,2,0,1.0,0.1,0.9
FOV_score_top5,0.6729999780654907,20,18,2,0,1.0,0.1,0.9
FOV_score_top5,0.6740000247955322,20,18,2,0,1.0,0.1,0.9
FOV_score_top5,0.675000011920929,20,18,2,0,1.0,0.1,0.9
FOV_score_top5,0.6759999990463257,20,18,2,0,1.0,0.1,0.9
FOV_score_top5,0.6769999861717224,20,18,2,0,1.0,0.1,0.9
FOV_score_top5,0.6779999732971191,20,18,2,0,1.0,0.1,0.9
FOV_score_top5,0.6790000200271606,20,18,2,0,1.0,0.1,0.9
FOV_score_top5,0.6800000071525574,20,18,2,0,1.0,0.1,0.9
FOV_score_top5,0.6809999942779541,20,18,2,0,1.0,0.1,0.9
FOV_score_top5,0.6819999814033508,20,18,2,0,1.0,0.1,0.9
FOV_score_top5,0.6830000281333923,20,18,2,0,1.0,0.1,0.9
FOV_score_top5,0.6840000152587891,20,18,2,0,1.0,0.1,0.9
FOV_score_top5,0.6850000023841858,20,18,2,0,1.0,0.1,0.9
FOV_score_top5,0.6859999895095825,20,18,2,0,1.0,0.1,0.9
FOV_score_top5,0.6869999766349792,20,18,2,0,1.0,0.1,0.9
FOV_score_top5,0.6880000233650208,20,18,2,0,1.0,0.1,0.9
FOV_score_top5,0.6890000104904175,20,18,2,0,1.0,0.1,0.9
FOV_score_top5,0.6899999976158142,20,18,2,0,1.0,0.1,0.9
FOV_score_top5,0.6909999847412109,20,18,2,0,1.0,0.1,0.9
FOV_score_top5,0.6919999718666077,20,18,2,0,1.0,0.1,0.9
FOV_score_top5,0.6930000185966492,20,18,2,0,1.0,0.1,0.9
FOV_score_top5,0.6940000057220459,20,18,2,0,1.0,0.1,0.9
FOV_score_top5,0.6949999928474426,20,18,2,0,1.0,0.1,0.9
FOV_score_top5,0.6959999799728394,20,18,2,0,1.0,0.1,0.9
FOV_score_top5,0.6970000267028809,20,18,2,0,1.0,0.1,0.9
FOV_score_top5,0.6980000138282776,20,18,2,0,1.0,0.1,0.9
FOV_score_top5,0.6990000009536743,20,18,2,0,1.0,0.1,0.9
FOV_score_top5,0.699999988079071,20,18,2,0,1.0,0.1,0.9
FOV_score_top5,0.7009999752044678,20,18,2,0,1.0,0.1,0.9
FOV_score_top5,0.7020000219345093,20,18,2,0,1.0,0.1,0.9
FOV_score_top5,0.703000009059906,20,18,2,0,1.0,0.1,0.9
FOV_score_top5,0.7039999961853027,20,18,2,0,1.0,0.1,0.9
FOV_score_top5,0.7049999833106995,20,18,2,0,1.0,0.1,0.9
FOV_score_top5,0.7059999704360962,20,18,2,0,1.0,0.1,0.9
FOV_score_top5,0.7070000171661377,20,18,2,0,1.0,0.1,0.9
FOV_score_top5,0.7080000042915344,20,18,2,0,1.0,0.1,0.9
FOV_score_top5,0.7089999914169312,20,18,2,0,1.0,0.1,0.9
FOV_score_top5,0.7099999785423279,20,18,2,0,1.0,0.1,0.9
FOV_score_top5,0.7110000252723694,20,18,2,0,1.0,0.1,0.9
FOV_score_top5,0.7120000123977661,20,18,2,0,1.0,0.1,0.9
FOV_score_top5,0.7129999995231628,20,18,2,0,1.0,0.1,0.9
FOV_score_top5,0.7139999866485596,20,18,2,0,1.0,0.1,0.9
FOV_score_top5,0.7149999737739563,20,18,2,0,1.0,0.1,0.9
FOV_score_top5,0.7160000205039978,20,18,2,0,1.0,0.1,0.9
FOV_score_top5,0.7170000076293945,20,18,2,0,1.0,0.1,0.9
FOV_score_top5,0.7179999947547913,20,18,2,0,1.0,0.1,0.9
FOV_score_top5,0.718999981880188,20,18,2,0,1.0,0.1,0.9
FOV_score_top5,0.7200000286102295,20,18,2,0,1.0,0.1,0.9
FOV_score_top5,0.7210000157356262,20,18,2,0,1.0,0.1,0.9
FOV_score_top5,0.722000002861023,20,18,2,0,1.0,0.1,0.9
FOV_score_top5,0.7229999899864197,20,18,2,0,1.0,0.1,0.9
FOV_score_top5,0.7239999771118164,20,18,2,0,1.0,0.1,0.9
FOV_score_top5,0.7250000238418579,20,18,2,0,1.0,0.1,0.9
FOV_score_top5,0.7260000109672546,20,18,2,0,1.0,0.1,0.9
FOV_score_top5,0.7269999980926514,20,18,2,0,1.0,0.1,0.9
FOV_score_top5,0.7279999852180481,20,18,2,0,1.0,0.1,0.9
FOV_score_top5,0.7289999723434448,20,18,2,0,1.0,0.1,0.9
FOV_score_top5,0.7300000190734863,20,18,2,0,1.0,0.1,0.9
FOV_score_top5,0.7310000061988831,20,18,2,0,1.0,0.1,0.9
FOV_score_top5,0.7319999933242798,20,18,2,0,1.0,0.1,0.9
FOV_score_top5,0.7329999804496765,20,18,2,0,1.0,0.1,0.9
FOV_score_top5,0.734000027179718,20,18,2,0,1.0,0.1,0.9
FOV_score_top5,0.7350000143051147,20,18,2,0,1.0,0.1,0.9
FOV_score_top5,0.7360000014305115,20,18,2,0,1.0,0.1,0.9
FOV_score_top5,0.7369999885559082,20,17,3,0,1.0,0.15,0.85
FOV_score_top5,0.7379999756813049,20,17,3,0,1.0,0.15,0.85
FOV_score_top5,0.7390000224113464,20,17,3,0,1.0,0.15,0.85
FOV_score_top5,0.7400000095367432,20,17,3,0,1.0,0.15,0.85
FOV_score_top5,0.7409999966621399,20,17,3,0,1.0,0.15,0.85
FOV_score_top5,0.7419999837875366,20,17,3,0,1.0,0.15,0.85
FOV_score_top5,0.7429999709129333,20,17,3,0,1.0,0.15,0.85
FOV_score_top5,0.7440000176429749,20,17,3,0,1.0,0.15,0.85
FOV_score_top5,0.7450000047683716,20,17,3,0,1.0,0.15,0.85
FOV_score_top5,0.7459999918937683,20,17,3,0,1.0,0.15,0.85
FOV_score_top5,0.746999979019165,20,17,3,0,1.0,0.15,0.85
FOV_score_top5,0.7480000257492065,20,17,3,0,1.0,0.15,0.85
FOV_score_top5,0.7490000128746033,20,17,3,0,1.0,0.15,0.85
FOV_score_top5,0.75,20,17,3,0,1.0,0.15,0.85
FOV_score_top5,0.7509999871253967,20,17,3,0,1.0,0.15,0.85
FOV_score_top5,0.7519999742507935,20,17,3,0,1.0,0.15,0.85
FOV_score_top5,0.753000020980835,20,16,4,0,1.0,0.2,0.8
FOV_score_top5,0.7540000081062317,20,16,4,0,1.0,0.2,0.8
FOV_score_top5,0.7549999952316284,20,15,5,0,1.0,0.25,0.75
FOV_score_top5,0.7559999823570251,20,15,5,0,1.0,0.25,0.75
FOV_score_top5,0.7570000290870667,20,15,5,0,1.0,0.25,0.75
FOV_score_top5,0.7580000162124634,20,15,5,0,1.0,0.25,0.75
FOV_score_top5,0.7590000033378601,20,15,5,0,1.0,0.25,0.75
FOV_score_top5,0.7599999904632568,20,15,5,0,1.0,0.25,0.75
FOV_score_top5,0.7609999775886536,20,15,5,0,1.0,0.25,0.75
FOV_score_top5,0.7620000243186951,20,15,5,0,1.0,0.25,0.75
FOV_score_top5,0.7630000114440918,19,14,6,1,0.95,0.3,0.7
FOV_score_top5,0.7639999985694885,19,14,6,1,0.95,0.3,0.7
FOV_score_top5,0.7649999856948853,19,14,6,1,0.95,0.3,0.7
FOV_score_top5,0.765999972820282,19,14,6,1,0.95,0.3,0.7
FOV_score_top5,0.7670000195503235,19,14,6,1,0.95,0.3,0.7
FOV_score_top5,0.7680000066757202,19,14,6,1,0.95,0.3,0.7
FOV_score_top5,0.7689999938011169,19,14,6,1,0.95,0.3,0.7
FOV_score_top5,0.7699999809265137,19,14,6,1,0.95,0.3,0.7
FOV_score_top5,0.7710000276565552,19,14,6,1,0.95,0.3,0.7
FOV_score_top5,0.7720000147819519,19,14,6,1,0.95,0.3,0.7
FOV_score_top5,0.7730000019073486,19,14,6,1,0.95,0.3,0.7
FOV_score_top5,0.7739999890327454,19,14,6,1,0.95,0.3,0.7
FOV_score_top5,0.7749999761581421,19,14,6,1,0.95,0.3,0.7
FOV_score_top5,0.7760000228881836,19,14,6,1,0.95,0.3,0.7
FOV_score_top5,0.7770000100135803,19,13,7,1,0.95,0.35,0.65
FOV_score_top5,0.777999997138977,19,13,7,1,0.95,0.35,0.65
FOV_score_top5,0.7789999842643738,19,13,7,1,0.95,0.35,0.65
FOV_score_top5,0.7799999713897705,19,13,7,1,0.95,0.35,0.65
FOV_score_top5,0.781000018119812,19,13,7,1,0.95,0.35,0.65
FOV_score_top5,0.7820000052452087,19,13,7,1,0.95,0.35,0.65
FOV_score_top5,0.7829999923706055,19,13,7,1,0.95,0.35,0.65
FOV_score_top5,0.7839999794960022,19,12,8,1,0.95,0.4,0.6
FOV_score_top5,0.7850000262260437,19,12,8,1,0.95,0.4,0.6
FOV_score_top5,0.7860000133514404,19,12,8,1,0.95,0.4,0.6
FOV_score_top5,0.7870000004768372,19,12,8,1,0.95,0.4,0.6
FOV_score_top5,0.7879999876022339,19,12,8,1,0.95,0.4,0.6
FOV_score_top5,0.7889999747276306,19,12,8,1,0.95,0.4,0.6
FOV_score_top5,0.7900000214576721,19,12,8,1,0.95,0.4,0.6
FOV_score_top5,0.7910000085830688,19,12,8,1,0.95,0.4,0.6
FOV_score_top5,0.7919999957084656,19,12,8,1,0.95,0.4,0.6
FOV_score_top5,0.7929999828338623,19,12,8,1,0.95,0.4,0.6
FOV_score_top5,0.7940000295639038,19,12,8,1,0.95,0.4,0.6
FOV_score_top5,0.7950000166893005,19,12,8,1,0.95,0.4,0.6
FOV_score_top5,0.7960000038146973,19,12,8,1,0.95,0.4,0.6
FOV_score_top5,0.796999990940094,19,12,8,1,0.95,0.4,0.6
FOV_score_top5,0.7979999780654907,19,12,8,1,0.95,0.4,0.6
FOV_score_top5,0.7990000247955322,19,12,8,1,0.95,0.4,0.6
FOV_score_top5,0.800000011920929,19,12,8,1,0.95,0.4,0.6
FOV_score_top5,0.8009999990463257,19,12,8,1,0.95,0.4,0.6
FOV_score_top5,0.8019999861717224,19,12,8,1,0.95,0.4,0.6
FOV_score_top5,0.8029999732971191,19,12,8,1,0.95,0.4,0.6
FOV_score_top5,0.8040000200271606,19,12,8,1,0.95,0.4,0.6
FOV_score_top5,0.8050000071525574,19,12,8,1,0.95,0.4,0.6
FOV_score_top5,0.8059999942779541,19,12,8,1,0.95,0.4,0.6
FOV_score_top5,0.8069999814033508,19,12,8,1,0.95,0.4,0.6
FOV_score_top5,0.8080000281333923,19,12,8,1,0.95,0.4,0.6
FOV_score_top5,0.8090000152587891,19,12,8,1,0.95,0.4,0.6
FOV_score_top5,0.8100000023841858,19,12,8,1,0.95,0.4,0.6
FOV_score_top5,0.8109999895095825,19,12,8,1,0.95,0.4,0.6
FOV_score_top5,0.8119999766349792,19,12,8,1,0.95,0.4,0.6
FOV_score_top5,0.8130000233650208,19,12,8,1,0.95,0.4,0.6
FOV_score_top5,0.8140000104904175,19,12,8,1,0.95,0.4,0.6
FOV_score_top5,0.8149999976158142,19,12,8,1,0.95,0.4,0.6
FOV_score_top5,0.8159999847412109,19,12,8,1,0.95,0.4,0.6
FOV_score_top5,0.8169999718666077,19,12,8,1,0.95,0.4,0.6
FOV_score_top5,0.8180000185966492,19,12,8,1,0.95,0.4,0.6
FOV_score_top5,0.8190000057220459,19,12,8,1,0.95,0.4,0.6
FOV_score_top5,0.8199999928474426,19,12,8,1,0.95,0.4,0.6
FOV_score_top5,0.8209999799728394,19,11,9,1,0.95,0.45,0.55
FOV_score_top5,0.8220000267028809,19,11,9,1,0.95,0.45,0.55
FOV_score_top5,0.8230000138282776,19,11,9,1,0.95,0.45,0.55
FOV_score_top5,0.8240000009536743,19,10,10,1,0.95,0.5,0.5
FOV_score_top5,0.824999988079071,19,10,10,1,0.95,0.5,0.5
FOV_score_top5,0.8259999752044678,19,10,10,1,0.95,0.5,0.5
FOV_score_top5,0.8270000219345093,19,10,10,1,0.95,0.5,0.5
FOV_score_top5,0.828000009059906,19,10,10,1,0.95,0.5,0.5
FOV_score_top5,0.8289999961853027,19,10,10,1,0.95,0.5,0.5
FOV_score_top5,0.8299999833106995,19,10,10,1,0.95,0.5,0.5
FOV_score_top5,0.8309999704360962,19,10,10,1,0.95,0.5,0.5
FOV_score_top5,0.8320000171661377,19,10,10,1,0.95,0.5,0.5
FOV_score_top5,0.8330000042915344,19,10,10,1,0.95,0.5,0.5
FOV_score_top5,0.8339999914169312,19,10,10,1,0.95,0.5,0.5
FOV_score_top5,0.8349999785423279,19,10,10,1,0.95,0.5,0.5
FOV_score_top5,0.8360000252723694,18,10,10,2,0.9,0.5,0.5
FOV_score_top5,0.8370000123977661,18,10,10,2,0.9,0.5,0.5
FOV_score_top5,0.8379999995231628,17,10,10,3,0.85,0.5,0.5
FOV_score_top5,0.8389999866485596,17,10,10,3,0.85,0.5,0.5
FOV_score_top5,0.8399999737739563,17,10,10,3,0.85,0.5,0.5
FOV_score_top5,0.8410000205039978,17,10,10,3,0.85,0.5,0.5
FOV_score_top5,0.8420000076293945,17,10,10,3,0.85,0.5,0.5
FOV_score_top5,0.8429999947547913,17,10,10,3,0.85,0.5,0.5
FOV_score_top5,0.843999981880188,17,10,10,3,0.85,0.5,0.5
FOV_score_top5,0.8450000286102295,17,10,10,3,0.85,0.5,0.5
FOV_score_top5,0.8460000157356262,17,10,10,3,0.85,0.5,0.5
FOV_score_top5,0.847000002861023,17,10,10,3,0.85,0.5,0.5
FOV_score_top5,0.8479999899864197,17,10,10,3,0.85,0.5,0.5
FOV_score_top5,0.8489999771118164,17,10,10,3,0.85,0.5,0.5
FOV_score_top5,0.8500000238418579,17,10,10,3,0.85,0.5,0.5
FOV_score_top5,0.8510000109672546,17,10,10,3,0.85,0.5,0.5
FOV_score_top5,0.8519999980926514,17,10,10,3,0.85,0.5,0.5
FOV_score_top5,0.8529999852180481,17,10,10,3,0.85,0.5,0.5
FOV_score_top5,0.8539999723434448,17,10,10,3,0.85,0.5,0.5
FOV_score_top5,0.8550000190734863,17,9,11,3,0.85,0.55,0.45
FOV_score_top5,0.8560000061988831,17,9,11,3,0.85,0.55,0.45
FOV_score_top5,0.8569999933242798,17,9,11,3,0.85,0.55,0.45
FOV_score_top5,0.8579999804496765,17,9,11,3,0.85,0.55,0.45
FOV_score_top5,0.859000027179718,17,9,11,3,0.85,0.55,0.45
FOV_score_top5,0.8600000143051147,17,9,11,3,0.85,0.55,0.45
FOV_score_top5,0.8610000014305115,17,9,11,3,0.85,0.55,0.45
FOV_score_top5,0.8619999885559082,17,9,11,3,0.85,0.55,0.45
FOV_score_top5,0.8629999756813049,17,9,11,3,0.85,0.55,0.45
FOV_score_top5,0.8640000224113464,17,9,11,3,0.85,0.55,0.45
FOV_score_top5,0.8650000095367432,17,9,11,3,0.85,0.55,0.45
FOV_score_top5,0.8659999966621399,17,9,11,3,0.85,0.55,0.45
FOV_score_top5,0.8669999837875366,17,9,11,3,0.85,0.55,0.45
FOV_score_top5,0.8679999709129333,17,9,11,3,0.85,0.55,0.45
FOV_score_top5,0.8690000176429749,17,8,12,3,0.85,0.6,0.4
FOV_score_top5,0.8700000047683716,17,8,12,3,0.85,0.6,0.4
FOV_score_top5,0.8709999918937683,17,8,12,3,0.85,0.6,0.4
FOV_score_top5,0.871999979019165,17,8,12,3,0.85,0.6,0.4
FOV_score_top5,0.8730000257492065,17,8,12,3,0.85,0.6,0.4
FOV_score_top5,0.8740000128746033,17,8,12,3,0.85,0.6,0.4
FOV_score_top5,0.875,17,7,13,3,0.85,0.65,0.35
FOV_score_top5,0.8759999871253967,16,7,13,4,0.8,0.65,0.35
FOV_score_top5,0.8769999742507935,16,7,13,4,0.8,0.65,0.35
FOV_score_top5,0.878000020980835,16,7,13,4,0.8,0.65,0.35
FOV_score_top5,0.8790000081062317,16,7,13,4,0.8,0.65,0.35
FOV_score_top5,0.8799999952316284,16,7,13,4,0.8,0.65,0.35
FOV_score_top5,0.8809999823570251,16,7,13,4,0.8,0.65,0.35
FOV_score_top5,0.8820000290870667,16,7,13,4,0.8,0.65,0.35
FOV_score_top5,0.8830000162124634,16,7,13,4,0.8,0.65,0.35
FOV_score_top5,0.8840000033378601,16,6,14,4,0.8,0.7,0.3
FOV_score_top5,0.8849999904632568,16,5,15,4,0.8,0.75,0.25
FOV_score_top5,0.8859999775886536,16,5,15,4,0.8,0.75,0.25
FOV_score_top5,0.8870000243186951,16,5,15,4,0.8,0.75,0.25
FOV_score_top5,0.8880000114440918,16,5,15,4,0.8,0.75,0.25
FOV_score_top5,0.8889999985694885,16,5,15,4,0.8,0.75,0.25
FOV_score_top5,0.8899999856948853,16,5,15,4,0.8,0.75,0.25
FOV_score_top5,0.890999972820282,16,5,15,4,0.8,0.75,0.25
FOV_score_top5,0.8920000195503235,16,5,15,4,0.8,0.75,0.25
FOV_score_top5,0.8930000066757202,16,5,15,4,0.8,0.75,0.25
FOV_score_top5,0.8939999938011169,16,5,15,4,0.8,0.75,0.25
FOV_score_top5,0.8949999809265137,16,5,15,4,0.8,0.75,0.25
FOV_score_top5,0.8960000276565552,16,5,15,4,0.8,0.75,0.25
FOV_score_top5,0.8970000147819519,15,5,15,5,0.75,0.75,0.25
FOV_score_top5,0.8980000019073486,15,5,15,5,0.75,0.75,0.25
FOV_score_top5,0.8989999890327454,15,5,15,5,0.75,0.75,0.25
FOV_score_top5,0.8999999761581421,14,5,15,6,0.7,0.75,0.25
FOV_score_top5,0.9010000228881836,13,5,15,7,0.65,0.75,0.25
FOV_score_top5,0.9020000100135803,13,5,15,7,0.65,0.75,0.25
FOV_score_top5,0.902999997138977,13,5,15,7,0.65,0.75,0.25
FOV_score_top5,0.9039999842643738,13,5,15,7,0.65,0.75,0.25
FOV_score_top5,0.9049999713897705,13,5,15,7,0.65,0.75,0.25
FOV_score_top5,0.906000018119812,12,5,15,8,0.6,0.75,0.25
FOV_score_top5,0.9070000052452087,12,5,15,8,0.6,0.75,0.25
FOV_score_top5,0.9079999923706055,12,5,15,8,0.6,0.75,0.25
FOV_score_top5,0.9089999794960022,12,5,15,8,0.6,0.75,0.25
FOV_score_top5,0.9100000262260437,12,5,15,8,0.6,0.75,0.25
FOV_score_top5,0.9110000133514404,12,5,15,8,0.6,0.75,0.25
FOV_score_top5,0.9120000004768372,12,5,15,8,0.6,0.75,0.25
FOV_score_top5,0.9129999876022339,12,5,15,8,0.6,0.75,0.25
FOV_score_top5,0.9139999747276306,11,5,15,9,0.55,0.75,0.25
FOV_score_top5,0.9150000214576721,11,5,15,9,0.55,0.75,0.25
FOV_score_top5,0.9160000085830688,11,5,15,9,0.55,0.75,0.25
FOV_score_top5,0.9169999957084656,11,5,15,9,0.55,0.75,0.25
FOV_score_top5,0.9179999828338623,11,5,15,9,0.55,0.75,0.25
FOV_score_top5,0.9190000295639038,11,5,15,9,0.55,0.75,0.25
FOV_score_top5,0.9200000166893005,11,5,15,9,0.55,0.75,0.25
FOV_score_top5,0.9210000038146973,11,5,15,9,0.55,0.75,0.25
FOV_score_top5,0.921999990940094,11,5,15,9,0.55,0.75,0.25
FOV_score_top5,0.9229999780654907,11,5,15,9,0.55,0.75,0.25
FOV_score_top5,0.9240000247955322,11,5,15,9,0.55,0.75,0.25
FOV_score_top5,0.925000011920929,11,5,15,9,0.55,0.75,0.25
FOV_score_top5,0.9259999990463257,11,5,15,9,0.55,0.75,0.25
FOV_score_top5,0.9269999861717224,11,5,15,9,0.55,0.75,0.25
FOV_score_top5,0.9279999732971191,10,5,15,10,0.5,0.75,0.25
FOV_score_top5,0.9290000200271606,10,5,15,10,0.5,0.75,0.25
FOV_score_top5,0.9300000071525574,10,5,15,10,0.5,0.75,0.25
FOV_score_top5,0.9309999942779541,10,5,15,10,0.5,0.75,0.25
FOV_score_top5,0.9319999814033508,10,5,15,10,0.5,0.75,0.25
FOV_score_top5,0.9330000281333923,10,5,15,10,0.5,0.75,0.25
FOV_score_top5,0.9340000152587891,10,5,15,10,0.5,0.75,0.25
FOV_score_top5,0.9350000023841858,10,5,15,10,0.5,0.75,0.25
FOV_score_top5,0.9359999895095825,10,5,15,10,0.5,0.75,0.25
FOV_score_top5,0.9369999766349792,10,5,15,10,0.5,0.75,0.25
FOV_score_top5,0.9380000233650208,10,5,15,10,0.5,0.75,0.25
FOV_score_top5,0.9390000104904175,10,4,16,10,0.5,0.8,0.2
FOV_score_top5,0.9399999976158142,10,4,16,10,0.5,0.8,0.2
FOV_score_top5,0.9409999847412109,10,4,16,10,0.5,0.8,0.2
FOV_score_top5,0.9419999718666077,10,4,16,10,0.5,0.8,0.2
FOV_score_top5,0.9430000185966492,10,4,16,10,0.5,0.8,0.2
FOV_score_top5,0.9440000057220459,10,4,16,10,0.5,0.8,0.2
FOV_score_top5,0.9449999928474426,10,4,16,10,0.5,0.8,0.2
FOV_score_top5,0.9459999799728394,9,4,16,11,0.45,0.8,0.2
FOV_score_top5,0.9470000267028809,9,3,17,11,0.45,0.85,0.15
FOV_score_top5,0.9480000138282776,9,3,17,11,0.45,0.85,0.15
FOV_score_top5,0.9490000009536743,9,3,17,11,0.45,0.85,0.15
FOV_score_top5,0.949999988079071,9,3,17,11,0.45,0.85,0.15
FOV_score_top5,0.9509999752044678,9,3,17,11,0.45,0.85,0.15
FOV_score_top5,0.9520000219345093,9,2,18,11,0.45,0.9,0.1
FOV_score_top5,0.953000009059906,9,2,18,11,0.45,0.9,0.1
FOV_score_top5,0.9539999961853027,9,2,18,11,0.45,0.9,0.1
FOV_score_top5,0.9549999833106995,9,2,18,11,0.45,0.9,0.1
FOV_score_top5,0.9559999704360962,9,2,18,11,0.45,0.9,0.1
FOV_score_top5,0.9570000171661377,9,2,18,11,0.45,0.9,0.1
FOV_score_top5,0.9580000042915344,9,2,18,11,0.45,0.9,0.1
FOV_score_top5,0.9589999914169312,9,2,18,11,0.45,0.9,0.1
FOV_score_top5,0.9599999785423279,9,2,18,11,0.45,0.9,0.1
FOV_score_top5,0.9610000252723694,9,2,18,11,0.45,0.9,0.1
FOV_score_top5,0.9620000123977661,9,2,18,11,0.45,0.9,0.1
FOV_score_top5,0.9629999995231628,9,2,18,11,0.45,0.9,0.1
FOV_score_top5,0.9639999866485596,9,2,18,11,0.45,0.9,0.1
FOV_score_top5,0.9649999737739563,8,2,18,12,0.4,0.9,0.1
FOV_score_top5,0.9660000205039978,8,1,19,12,0.4,0.95,0.05
FOV_score_top5,0.9670000076293945,8,1,19,12,0.4,0.95,0.05
FOV_score_top5,0.9679999947547913,7,1,19,13,0.35,0.95,0.05
FOV_score_top5,0.968999981880188,6,1,19,14,0.3,0.95,0.05
FOV_score_top5,0.9700000286102295,6,1,19,14,0.3,0.95,0.05
FOV_score_top5,0.9710000157356262,6,1,19,14,0.3,0.95,0.05
FOV_score_top5,0.972000002861023,5,1,19,15,0.25,0.95,0.05
FOV_score_top5,0.9729999899864197,4,0,20,16,0.2,1.0,0.0
FOV_score_top5,0.9739999771118164,4,0,20,16,0.2,1.0,0.0
FOV_score_top5,0.9750000238418579,4,0,20,16,0.2,1.0,0.0
FOV_score_top5,0.9760000109672546,4,0,20,16,0.2,1.0,0.0
FOV_score_top5,0.9769999980926514,4,0,20,16,0.2,1.0,0.0
FOV_score_top5,0.9779999852180481,3,0,20,17,0.15,1.0,0.0
FOV_score_top5,0.9789999723434448,2,0,20,18,0.1,1.0,0.0
FOV_score_top5,0.9800000190734863,2,0,20,18,0.1,1.0,0.0
FOV_score_top5,0.9810000061988831,2,0,20,18,0.1,1.0,0.0
FOV_score_top5,0.9819999933242798,2,0,20,18,0.1,1.0,0.0
FOV_score_top5,0.9829999804496765,2,0,20,18,0.1,1.0,0.0
FOV_score_top5,0.984000027179718,2,0,20,18,0.1,1.0,0.0
FOV_score_top5,0.9850000143051147,2,0,20,18,0.1,1.0,0.0
FOV_score_top5,0.9860000014305115,2,0,20,18,0.1,1.0,0.0
FOV_score_top5,0.9869999885559082,2,0,20,18,0.1,1.0,0.0
FOV_score_top5,0.9879999756813049,2,0,20,18,0.1,1.0,0.0
FOV_score_top5,0.9890000224113464,2,0,20,18,0.1,1.0,0.0
FOV_score_top5,0.9900000095367432,2,0,20,18,0.1,1.0,0.0
FOV_score_top5,0.9909999966621399,2,0,20,18,0.1,1.0,0.0
FOV_score_top5,0.9919999837875366,2,0,20,18,0.1,1.0,0.0
FOV_score_top5,0.9929999709129333,2,0,20,18,0.1,1.0,0.0
FOV_score_top5,0.9940000176429749,2,0,20,18,0.1,1.0,0.0
FOV_score_top5,0.9950000047683716,2,0,20,18,0.1,1.0,0.0
FOV_score_top5,0.9959999918937683,0,0,20,20,0.0,1.0,0.0
FOV_score_top5,0.996999979019165,0,0,20,20,0.0,1.0,0.0
FOV_score_top5,0.9980000257492065,0,0,20,20,0.0,1.0,0.0
FOV_score_top5,0.9990000128746033,0,0,20,20,0.0,1.0,0.0
FOV_score_top5,1.0,0,0,20,20,0.0,1.0,0.0
MULTI_HIT_N1,0.0,20,20,0,0,1.0,0.0,1.0
MULTI_HIT_N1,0.0010000000474974513,20,20,0,0,1.0,0.0,1.0
MULTI_HIT_N1,0.0020000000949949026,20,20,0,0,1.0,0.0,1.0
MULTI_HIT_N1,0.003000000026077032,20,20,0,0,1.0,0.0,1.0
MULTI_HIT_N1,0.004000000189989805,20,20,0,0,1.0,0.0,1.0
MULTI_HIT_N1,0.004999999888241291,20,20,0,0,1.0,0.0,1.0
MULTI_HIT_N1,0.006000000052154064,20,20,0,0,1.0,0.0,1.0
MULTI_HIT_N1,0.007000000216066837,20,20,0,0,1.0,0.0,1.0
MULTI_HIT_N1,0.00800000037997961,20,20,0,0,1.0,0.0,1.0
MULTI_HIT_N1,0.008999999612569809,20,20,0,0,1.0,0.0,1.0
MULTI_HIT_N1,0.009999999776482582,20,20,0,0,1.0,0.0,1.0
MULTI_HIT_N1,0.010999999940395355,20,20,0,0,1.0,0.0,1.0
MULTI_HIT_N1,0.012000000104308128,20,20,0,0,1.0,0.0,1.0
MULTI_HIT_N1,0.013000000268220901,20,20,0,0,1.0,0.0,1.0
MULTI_HIT_N1,0.014000000432133675,20,20,0,0,1.0,0.0,1.0
MULTI_HIT_N1,0.014999999664723873,20,20,0,0,1.0,0.0,1.0
MULTI_HIT_N1,0.01600000075995922,20,20,0,0,1.0,0.0,1.0
MULTI_HIT_N1,0.017000000923871994,20,20,0,0,1.0,0.0,1.0
MULTI_HIT_N1,0.017999999225139618,20,20,0,0,1.0,0.0,1.0
MULTI_HIT_N1,0.01899999938905239,20,20,0,0,1.0,0.0,1.0
MULTI_HIT_N1,0.019999999552965164,20,20,0,0,1.0,0.0,1.0
MULTI_HIT_N1,0.020999999716877937,20,20,0,0,1.0,0.0,1.0
MULTI_HIT_N1,0.02199999988079071,20,20,0,0,1.0,0.0,1.0
MULTI_HIT_N1,0.023000000044703484,20,20,0,0,1.0,0.0,1.0
MULTI_HIT_N1,0.024000000208616257,20,20,0,0,1.0,0.0,1.0
MULTI_HIT_N1,0.02500000037252903,20,20,0,0,1.0,0.0,1.0
MULTI_HIT_N1,0.026000000536441803,20,20,0,0,1.0,0.0,1.0
MULTI_HIT_N1,0.027000000700354576,20,20,0,0,1.0,0.0,1.0
MULTI_HIT_N1,0.02800000086426735,20,20,0,0,1.0,0.0,1.0
MULTI_HIT_N1,0.028999999165534973,20,20,0,0,1.0,0.0,1.0
MULTI_HIT_N1,0.029999999329447746,20,20,0,0,1.0,0.0,1.0
MULTI_HIT_N1,0.03099999949336052,20,20,0,0,1.0,0.0,1.0
MULTI_HIT_N1,0.03200000151991844,20,20,0,0,1.0,0.0,1.0
MULTI_HIT_N1,0.032999999821186066,20,20,0,0,1.0,0.0,1.0
MULTI_HIT_N1,0.03400000184774399,20,20,0,0,1.0,0.0,1.0
MULTI_HIT_N1,0.03500000014901161,20,20,0,0,1.0,0.0,1.0
MULTI_HIT_N1,0.035999998450279236,20,20,0,0,1.0,0.0,1.0
MULTI_HIT_N1,0.03700000047683716,20,20,0,0,1.0,0.0,1.0
MULTI_HIT_N1,0.03799999877810478,20,20,0,0,1.0,0.0,1.0
MULTI_HIT_N1,0.039000000804662704,20,20,0,0,1.0,0.0,1.0
MULTI_HIT_N1,0.03999999910593033,20,20,0,0,1.0,0.0,1.0
MULTI_HIT_N1,0.04100000113248825,20,20,0,0,1.0,0.0,1.0
MULTI_HIT_N1,0.041999999433755875,20,20,0,0,1.0,0.0,1.0
MULTI_HIT_N1,0.0430000014603138,20,20,0,0,1.0,0.0,1.0
MULTI_HIT_N1,0.04399999976158142,20,20,0,0,1.0,0.0,1.0
MULTI_HIT_N1,0.04500000178813934,20,20,0,0,1.0,0.0,1.0
MULTI_HIT_N1,0.04600000008940697,20,20,0,0,1.0,0.0,1.0
MULTI_HIT_N1,0.04699999839067459,20,20,0,0,1.0,0.0,1.0
MULTI_HIT_N1,0.04800000041723251,20,20,0,0,1.0,0.0,1.0
MULTI_HIT_N1,0.04899999871850014,20,20,0,0,1.0,0.0,1.0
MULTI_HIT_N1,0.05000000074505806,20,20,0,0,1.0,0.0,1.0
MULTI_HIT_N1,0.050999999046325684,20,20,0,0,1.0,0.0,1.0
MULTI_HIT_N1,0.052000001072883606,20,20,0,0,1.0,0.0,1.0
MULTI_HIT_N1,0.05299999937415123,20,20,0,0,1.0,0.0,1.0
MULTI_HIT_N1,0.05400000140070915,20,20,0,0,1.0,0.0,1.0
MULTI_HIT_N1,0.054999999701976776,20,20,0,0,1.0,0.0,1.0
MULTI_HIT_N1,0.0560000017285347,20,20,0,0,1.0,0.0,1.0
MULTI_HIT_N1,0.05700000002980232,20,20,0,0,1.0,0.0,1.0
MULTI_HIT_N1,0.057999998331069946,20,20,0,0,1.0,0.0,1.0
MULTI_HIT_N1,0.05900000035762787,20,20,0,0,1.0,0.0,1.0
MULTI_HIT_N1,0.05999999865889549,20,20,0,0,1.0,0.0,1.0
MULTI_HIT_N1,0.061000000685453415,20,20,0,0,1.0,0.0,1.0
MULTI_HIT_N1,0.06199999898672104,20,20,0,0,1.0,0.0,1.0
MULTI_HIT_N1,0.06300000101327896,20,20,0,0,1.0,0.0,1.0
MULTI_HIT_N1,0.06400000303983688,20,20,0,0,1.0,0.0,1.0
MULTI_HIT_N1,0.06499999761581421,20,20,0,0,1.0,0.0,1.0
MULTI_HIT_N1,0.06599999964237213,20,20,0,0,1.0,0.0,1.0
MULTI_HIT_N1,0.06700000166893005,20,20,0,0,1.0,0.0,1.0
MULTI_HIT_N1,0.06800000369548798,20,20,0,0,1.0,0.0,1.0
MULTI_HIT_N1,0.0689999982714653,20,20,0,0,1.0,0.0,1.0
MULTI_HIT_N1,0.07000000029802322,20,20,0,0,1.0,0.0,1.0
MULTI_HIT_N1,0.07100000232458115,20,20,0,0,1.0,0.0,1.0
MULTI_HIT_N1,0.07199999690055847,20,20,0,0,1.0,0.0,1.0
MULTI_HIT_N1,0.0729999989271164,20,20,0,0,1.0,0.0,1.0
MULTI_HIT_N1,0.07400000095367432,20,20,0,0,1.0,0.0,1.0
MULTI_HIT_N1,0.07500000298023224,20,20,0,0,1.0,0.0,1.0
MULTI_HIT_N1,0.07599999755620956,20,20,0,0,1.0,0.0,1.0
MULTI_HIT_N1,0.07699999958276749,20,20,0,0,1.0,0.0,1.0
MULTI_HIT_N1,0.07800000160932541,20,20,0,0,1.0,0.0,1.0
MULTI_HIT_N1,0.07900000363588333,20,20,0,0,1.0,0.0,1.0
MULTI_HIT_N1,0.07999999821186066,20,20,0,0,1.0,0.0,1.0
MULTI_HIT_N1,0.08100000023841858,20,20,0,0,1.0,0.0,1.0
MULTI_HIT_N1,0.0820000022649765,20,20,0,0,1.0,0.0,1.0
MULTI_HIT_N1,0.08299999684095383,20,20,0,0,1.0,0.0,1.0
MULTI_HIT_N1,0.08399999886751175,20,20,0,0,1.0,0.0,1.0
MULTI_HIT_N1,0.08500000089406967,20,20,0,0,1.0,0.0,1.0
MULTI_HIT_N1,0.0860000029206276,20,20,0,0,1.0,0.0,1.0
MULTI_HIT_N1,0.08699999749660492,20,20,0,0,1.0,0.0,1.0
MULTI_HIT_N1,0.08799999952316284,20,20,0,0,1.0,0.0,1.0
MULTI_HIT_N1,0.08900000154972076,20,20,0,0,1.0,0.0,1.0
MULTI_HIT_N1,0.09000000357627869,20,20,0,0,1.0,0.0,1.0
MULTI_HIT_N1,0.09099999815225601,20,20,0,0,1.0,0.0,1.0
MULTI_HIT_N1,0.09200000017881393,20,20,0,0,1.0,0.0,1.0
MULTI_HIT_N1,0.09300000220537186,20,20,0,0,1.0,0.0,1.0
MULTI_HIT_N1,0.09399999678134918,20,20,0,0,1.0,0.0,1.0
MULTI_HIT_N1,0.0949999988079071,20,20,0,0,1.0,0.0,1.0
MULTI_HIT_N1,0.09600000083446503,20,20,0,0,1.0,0.0,1.0
MULTI_HIT_N1,0.09700000286102295,20,20,0,0,1.0,0.0,1.0
MULTI_HIT_N1,0.09799999743700027,20,20,0,0,1.0,0.0,1.0
MULTI_HIT_N1,0.0989999994635582,20,20,0,0,1.0,0.0,1.0
MULTI_HIT_N1,0.10000000149011612,20,20,0,0,1.0,0.0,1.0
MULTI_HIT_N1,0.10100000351667404,20,20,0,0,1.0,0.0,1.0
MULTI_HIT_N1,0.10199999809265137,20,20,0,0,1.0,0.0,1.0
MULTI_HIT_N1,0.10300000011920929,20,20,0,0,1.0,0.0,1.0
MULTI_HIT_N1,0.10400000214576721,20,20,0,0,1.0,0.0,1.0
MULTI_HIT_N1,0.10499999672174454,20,20,0,0,1.0,0.0,1.0
MULTI_HIT_N1,0.10599999874830246,20,20,0,0,1.0,0.0,1.0
MULTI_HIT_N1,0.10700000077486038,20,20,0,0,1.0,0.0,1.0
MULTI_HIT_N1,0.1080000028014183,20,20,0,0,1.0,0.0,1.0
MULTI_HIT_N1,0.10899999737739563,20,20,0,0,1.0,0.0,1.0
MULTI_HIT_N1,0.10999999940395355,20,20,0,0,1.0,0.0,1.0
MULTI_HIT_N1,0.11100000143051147,20,20,0,0,1.0,0.0,1.0
MULTI_HIT_N1,0.1120000034570694,20,20,0,0,1.0,0.0,1.0
MULTI_HIT_N1,0.11299999803304672,20,20,0,0,1.0,0.0,1.0
MULTI_HIT_N1,0.11400000005960464,20,20,0,0,1.0,0.0,1.0
MULTI_HIT_N1,0.11500000208616257,20,20,0,0,1.0,0.0,1.0
MULTI_HIT_N1,0.11599999666213989,20,20,0,0,1.0,0.0,1.0
MULTI_HIT_N1,0.11699999868869781,20,20,0,0,1.0,0.0,1.0
MULTI_HIT_N1,0.11800000071525574,20,20,0,0,1.0,0.0,1.0
MULTI_HIT_N1,0.11900000274181366,20,20,0,0,1.0,0.0,1.0
MULTI_HIT_N1,0.11999999731779099,20,20,0,0,1.0,0.0,1.0
MULTI_HIT_N1,0.12099999934434891,20,20,0,0,1.0,0.0,1.0
MULTI_HIT_N1,0.12200000137090683,20,20,0,0,1.0,0.0,1.0
MULTI_HIT_N1,0.12300000339746475,20,20,0,0,1.0,0.0,1.0
MULTI_HIT_N1,0.12399999797344208,20,20,0,0,1.0,0.0,1.0
MULTI_HIT_N1,0.125,20,20,0,0,1.0,0.0,1.0
MULTI_HIT_N1,0.12600000202655792,20,20,0,0,1.0,0.0,1.0
MULTI_HIT_N1,0.12700000405311584,20,20,0,0,1.0,0.0,1.0
MULTI_HIT_N1,0.12800000607967377,20,20,0,0,1.0,0.0,1.0
MULTI_HIT_N1,0.1289999932050705,20,20,0,0,1.0,0.0,1.0
MULTI_HIT_N1,0.12999999523162842,20,20,0,0,1.0,0.0,1.0
MULTI_HIT_N1,0.13099999725818634,20,20,0,0,1.0,0.0,1.0
MULTI_HIT_N1,0.13199999928474426,20,20,0,0,1.0,0.0,1.0
MULTI_HIT_N1,0.13300000131130219,20,20,0,0,1.0,0.0,1.0
MULTI_HIT_N1,0.1340000033378601,20,20,0,0,1.0,0.0,1.0
MULTI_HIT_N1,0.13500000536441803,20,20,0,0,1.0,0.0,1.0
MULTI_HIT_N1,0.13600000739097595,20,20,0,0,1.0,0.0,1.0
MULTI_HIT_N1,0.13699999451637268,20,20,0,0,1.0,0.0,1.0
MULTI_HIT_N1,0.1379999965429306,20,20,0,0,1.0,0.0,1.0
MULTI_HIT_N1,0.13899999856948853,20,20,0,0,1.0,0.0,1.0
MULTI_HIT_N1,0.14000000059604645,20,20,0,0,1.0,0.0,1.0
MULTI_HIT_N1,0.14100000262260437,20,20,0,0,1.0,0.0,1.0
MULTI_HIT_N1,0.1420000046491623,20,20,0,0,1.0,0.0,1.0
MULTI_HIT_N1,0.14300000667572021,20,20,0,0,1.0,0.0,1.0
MULTI_HIT_N1,0.14399999380111694,20,20,0,0,1.0,0.0,1.0
MULTI_HIT_N1,0.14499999582767487,20,20,0,0,1.0,0.0,1.0
MULTI_HIT_N1,0.1459999978542328,20,20,0,0,1.0,0.0,1.0
MULTI_HIT_N1,0.1469999998807907,20,20,0,0,1.0,0.0,1.0
MULTI_HIT_N1,0.14800000190734863,20,20,0,0,1.0,0.0,1.0
MULTI_HIT_N1,0.14900000393390656,20,20,0,0,1.0,0.0,1.0
MULTI_HIT_N1,0.15000000596046448,20,20,0,0,1.0,0.0,1.0
MULTI_HIT_N1,0.1509999930858612,20,20,0,0,1.0,0.0,1.0
MULTI_HIT_N1,0.15199999511241913,20,20,0,0,1.0,0.0,1.0
MULTI_HIT_N1,0.15299999713897705,20,20,0,0,1.0,0.0,1.0
MULTI_HIT_N1,0.15399999916553497,20,20,0,0,1.0,0.0,1.0
MULTI_HIT_N1,0.1550000011920929,20,20,0,0,1.0,0.0,1.0
MULTI_HIT_N1,0.15600000321865082,20,20,0,0,1.0,0.0,1.0
MULTI_HIT_N1,0.15700000524520874,20,20,0,0,1.0,0.0,1.0
MULTI_HIT_N1,0.15800000727176666,20,20,0,0,1.0,0.0,1.0
MULTI_HIT_N1,0.1589999943971634,20,20,0,0,1.0,0.0,1.0
MULTI_HIT_N1,0.1599999964237213,20,20,0,0,1.0,0.0,1.0
MULTI_HIT_N1,0.16099999845027924,20,20,0,0,1.0,0.0,1.0
MULTI_HIT_N1,0.16200000047683716,20,20,0,0,1.0,0.0,1.0
MULTI_HIT_N1,0.16300000250339508,20,20,0,0,1.0,0.0,1.0
MULTI_HIT_N1,0.164000004529953,20,20,0,0,1.0,0.0,1.0
MULTI_HIT_N1,0.16500000655651093,20,20,0,0,1.0,0.0,1.0
MULTI_HIT_N1,0.16599999368190765,20,20,0,0,1.0,0.0,1.0
MULTI_HIT_N1,0.16699999570846558,20,20,0,0,1.0,0.0,1.0
MULTI_HIT_N1,0.1679999977350235,20,20,0,0,1.0,0.0,1.0
MULTI_HIT_N1,0.16899999976158142,20,20,0,0,1.0,0.0,1.0
MULTI_HIT_N1,0.17000000178813934,20,20,0,0,1.0,0.0,1.0
MULTI_HIT_N1,0.17100000381469727,20,20,0,0,1.0,0.0,1.0
MULTI_HIT_N1,0.1720000058412552,20,20,0,0,1.0,0.0,1.0
MULTI_HIT_N1,0.17299999296665192,20,20,0,0,1.0,0.0,1.0
MULTI_HIT_N1,0.17399999499320984,20,20,0,0,1.0,0.0,1.0
MULTI_HIT_N1,0.17499999701976776,20,20,0,0,1.0,0.0,1.0
MULTI_HIT_N1,0.17599999904632568,20,20,0,0,1.0,0.0,1.0
MULTI_HIT_N1,0.1770000010728836,20,20,0,0,1.0,0.0,1.0
MULTI_HIT_N1,0.17800000309944153,20,20,0,0,1.0,0.0,1.0
MULTI_HIT_N1,0.17900000512599945,20,20,0,0,1.0,0.0,1.0
MULTI_HIT_N1,0.18000000715255737,20,20,0,0,1.0,0.0,1.0
MULTI_HIT_N1,0.1809999942779541,20,20,0,0,1.0,0.0,1.0
MULTI_HIT_N1,0.18199999630451202,20,20,0,0,1.0,0.0,1.0
MULTI_HIT_N1,0.18299999833106995,20,20,0,0,1.0,0.0,1.0
MULTI_HIT_N1,0.18400000035762787,20,20,0,0,1.0,0.0,1.0
MULTI_HIT_N1,0.1850000023841858,20,20,0,0,1.0,0.0,1.0
MULTI_HIT_N1,0.1860000044107437,20,20,0,0,1.0,0.0,1.0
MULTI_HIT_N1,0.18700000643730164,20,20,0,0,1.0,0.0,1.0
MULTI_HIT_N1,0.18799999356269836,20,20,0,0,1.0,0.0,1.0
MULTI_HIT_N1,0.1889999955892563,20,20,0,0,1.0,0.0,1.0
MULTI_HIT_N1,0.1899999976158142,20,20,0,0,1.0,0.0,1.0
MULTI_HIT_N1,0.19099999964237213,20,20,0,0,1.0,0.0,1.0
MULTI_HIT_N1,0.19200000166893005,20,20,0,0,1.0,0.0,1.0
MULTI_HIT_N1,0.19300000369548798,20,20,0,0,1.0,0.0,1.0
MULTI_HIT_N1,0.1940000057220459,20,20,0,0,1.0,0.0,1.0
MULTI_HIT_N1,0.19499999284744263,20,20,0,0,1.0,0.0,1.0
MULTI_HIT_N1,0.19599999487400055,20,20,0,0,1.0,0.0,1.0
MULTI_HIT_N1,0.19699999690055847,20,20,0,0,1.0,0.0,1.0
MULTI_HIT_N1,0.1979999989271164,20,20,0,0,1.0,0.0,1.0
MULTI_HIT_N1,0.19900000095367432,20,20,0,0,1.0,0.0,1.0
MULTI_HIT_N1,0.20000000298023224,20,20,0,0,1.0,0.0,1.0
MULTI_HIT_N1,0.20100000500679016,20,20,0,0,1.0,0.0,1.0
MULTI_HIT_N1,0.20200000703334808,20,20,0,0,1.0,0.0,1.0
MULTI_HIT_N1,0.2029999941587448,20,20,0,0,1.0,0.0,1.0
MULTI_HIT_N1,0.20399999618530273,20,20,0,0,1.0,0.0,1.0
MULTI_HIT_N1,0.20499999821186066,20,20,0,0,1.0,0.0,1.0
MULTI_HIT_N1,0.20600000023841858,20,20,0,0,1.0,0.0,1.0
MULTI_HIT_N1,0.2070000022649765,20,20,0,0,1.0,0.0,1.0
MULTI_HIT_N1,0.20800000429153442,20,20,0,0,1.0,0.0,1.0
MULTI_HIT_N1,0.20900000631809235,20,20,0,0,1.0,0.0,1.0
MULTI_HIT_N1,0.20999999344348907,20,20,0,0,1.0,0.0,1.0
MULTI_HIT_N1,0.210999995470047,20,20,0,0,1.0,0.0,1.0
MULTI_HIT_N1,0.21199999749660492,20,20,0,0,1.0,0.0,1.0
MULTI_HIT_N1,0.21299999952316284,20,20,0,0,1.0,0.0,1.0
MULTI_HIT_N1,0.21400000154972076,20,20,0,0,1.0,0.0,1.0
MULTI_HIT_N1,0.2150000035762787,20,20,0,0,1.0,0.0,1.0
MULTI_HIT_N1,0.2160000056028366,20,20,0,0,1.0,0.0,1.0
MULTI_HIT_N1,0.21699999272823334,20,20,0,0,1.0,0.0,1.0
MULTI_HIT_N1,0.21799999475479126,20,20,0,0,1.0,0.0,1.0
MULTI_HIT_N1,0.21899999678134918,20,20,0,0,1.0,0.0,1.0
MULTI_HIT_N1,0.2199999988079071,20,20,0,0,1.0,0.0,1.0
MULTI_HIT_N1,0.22100000083446503,20,20,0,0,1.0,0.0,1.0
MULTI_HIT_N1,0.22200000286102295,20,20,0,0,1.0,0.0,1.0
MULTI_HIT_N1,0.22300000488758087,20,20,0,0,1.0,0.0,1.0
MULTI_HIT_N1,0.2240000069141388,20,20,0,0,1.0,0.0,1.0
MULTI_HIT_N1,0.22499999403953552,20,20,0,0,1.0,0.0,1.0
MULTI_HIT_N1,0.22599999606609344,20,20,0,0,1.0,0.0,1.0
MULTI_HIT_N1,0.22699999809265137,20,20,0,0,1.0,0.0,1.0
MULTI_HIT_N1,0.2280000001192093,20,20,0,0,1.0,0.0,1.0
MULTI_HIT_N1,0.2290000021457672,20,20,0,0,1.0,0.0,1.0
MULTI_HIT_N1,0.23000000417232513,20,20,0,0,1.0,0.0,1.0
MULTI_HIT_N1,0.23100000619888306,20,20,0,0,1.0,0.0,1.0
MULTI_HIT_N1,0.23199999332427979,20,20,0,0,1.0,0.0,1.0
MULTI_HIT_N1,0.2329999953508377,20,20,0,0,1.0,0.0,1.0
MULTI_HIT_N1,0.23399999737739563,20,20,0,0,1.0,0.0,1.0
MULTI_HIT_N1,0.23499999940395355,20,20,0,0,1.0,0.0,1.0
MULTI_HIT_N1,0.23600000143051147,20,20,0,0,1.0,0.0,1.0
MULTI_HIT_N1,0.2370000034570694,20,20,0,0,1.0,0.0,1.0
MULTI_HIT_N1,0.23800000548362732,20,20,0,0,1.0,0.0,1.0
MULTI_HIT_N1,0.23899999260902405,20,20,0,0,1.0,0.0,1.0
MULTI_HIT_N1,0.23999999463558197,20,20,0,0,1.0,0.0,1.0
MULTI_HIT_N1,0.2409999966621399,20,20,0,0,1.0,0.0,1.0
MULTI_HIT_N1,0.24199999868869781,20,20,0,0,1.0,0.0,1.0
MULTI_HIT_N1,0.24300000071525574,20,20,0,0,1.0,0.0,1.0
MULTI_HIT_N1,0.24400000274181366,20,20,0,0,1.0,0.0,1.0
MULTI_HIT_N1,0.24500000476837158,20,20,0,0,1.0,0.0,1.0
MULTI_HIT_N1,0.2460000067949295,20,20,0,0,1.0,0.0,1.0
MULTI_HIT_N1,0.24699999392032623,20,20,0,0,1.0,0.0,1.0
MULTI_HIT_N1,0.24799999594688416,20,20,0,0,1.0,0.0,1.0
MULTI_HIT_N1,0.24899999797344208,20,20,0,0,1.0,0.0,1.0
MULTI_HIT_N1,0.25,20,20,0,0,1.0,0.0,1.0
MULTI_HIT_N1,0.25099998712539673,20,20,0,0,1.0,0.0,1.0
MULTI_HIT_N1,0.25200000405311584,20,20,0,0,1.0,0.0,1.0
MULTI_HIT_N1,0.2529999911785126,20,20,0,0,1.0,0.0,1.0
MULTI_HIT_N1,0.2540000081062317,20,20,0,0,1.0,0.0,1.0
MULTI_HIT_N1,0.2549999952316284,20,20,0,0,1.0,0.0,1.0
MULTI_HIT_N1,0.25600001215934753,20,20,0,0,1.0,0.0,1.0
MULTI_HIT_N1,0.25699999928474426,20,20,0,0,1.0,0.0,1.0
MULTI_HIT_N1,0.257999986410141,20,20,0,0,1.0,0.0,1.0
MULTI_HIT_N1,0.2590000033378601,20,20,0,0,1.0,0.0,1.0
MULTI_HIT_N1,0.25999999046325684,20,20,0,0,1.0,0.0,1.0
MULTI_HIT_N1,0.26100000739097595,20,20,0,0,1.0,0.0,1.0
MULTI_HIT_N1,0.2619999945163727,20,20,0,0,1.0,0.0,1.0
MULTI_HIT_N1,0.2630000114440918,20,20,0,0,1.0,0.0,1.0
MULTI_HIT_N1,0.2639999985694885,20,20,0,0,1.0,0.0,1.0
MULTI_HIT_N1,0.26499998569488525,20,20,0,0,1.0,0.0,1.0
MULTI_HIT_N1,0.26600000262260437,20,20,0,0,1.0,0.0,1.0
MULTI_HIT_N1,0.2669999897480011,20,20,0,0,1.0,0.0,1.0
MULTI_HIT_N1,0.2680000066757202,20,20,0,0,1.0,0.0,1.0
MULTI_HIT_N1,0.26899999380111694,20,20,0,0,1.0,0.0,1.0
MULTI_HIT_N1,0.27000001072883606,20,20,0,0,1.0,0.0,1.0
MULTI_HIT_N1,0.2709999978542328,20,20,0,0,1.0,0.0,1.0
MULTI_HIT_N1,0.2720000147819519,20,20,0,0,1.0,0.0,1.0
MULTI_HIT_N1,0.27300000190734863,20,20,0,0,1.0,0.0,1.0
MULTI_HIT_N1,0.27399998903274536,20,20,0,0,1.0,0.0,1.0
MULTI_HIT_N1,0.2750000059604645,20,20,0,0,1.0,0.0,1.0
MULTI_HIT_N1,0.2759999930858612,20,20,0,0,1.0,0.0,1.0
MULTI_HIT_N1,0.2770000100135803,20,20,0,0,1.0,0.0,1.0
MULTI_HIT_N1,0.27799999713897705,20,20,0,0,1.0,0.0,1.0
MULTI_HIT_N1,0.27900001406669617,20,20,0,0,1.0,0.0,1.0
MULTI_HIT_N1,0.2800000011920929,20,20,0,0,1.0,0.0,1.0
MULTI_HIT_N1,0.2809999883174896,20,20,0,0,1.0,0.0,1.0
MULTI_HIT_N1,0.28200000524520874,20,20,0,0,1.0,0.0,1.0
MULTI_HIT_N1,0.28299999237060547,20,20,0,0,1.0,0.0,1.0
MULTI_HIT_N1,0.2840000092983246,20,20,0,0,1.0,0.0,1.0
MULTI_HIT_N1,0.2849999964237213,20,20,0,0,1.0,0.0,1.0
MULTI_HIT_N1,0.28600001335144043,20,20,0,0,1.0,0.0,1.0
MULTI_HIT_N1,0.28700000047683716,20,20,0,0,1.0,0.0,1.0
MULTI_HIT_N1,0.2879999876022339,20,20,0,0,1.0,0.0,1.0
MULTI_HIT_N1,0.289000004529953,20,20,0,0,1.0,0.0,1.0
MULTI_HIT_N1,0.28999999165534973,20,20,0,0,1.0,0.0,1.0
MULTI_HIT_N1,0.29100000858306885,20,20,0,0,1.0,0.0,1.0
MULTI_HIT_N1,0.2919999957084656,20,20,0,0,1.0,0.0,1.0
MULTI_HIT_N1,0.2930000126361847,20,20,0,0,1.0,0.0,1.0
MULTI_HIT_N1,0.2939999997615814,20,20,0,0,1.0,0.0,1.0
MULTI_HIT_N1,0.29499998688697815,20,20,0,0,1.0,0.0,1.0
MULTI_HIT_N1,0.29600000381469727,20,20,0,0,1.0,0.0,1.0
MULTI_HIT_N1,0.296999990940094,20,20,0,0,1.0,0.0,1.0
MULTI_HIT_N1,0.2980000078678131,20,20,0,0,1.0,0.0,1.0
MULTI_HIT_N1,0.29899999499320984,20,20,0,0,1.0,0.0,1.0
MULTI_HIT_N1,0.30000001192092896,20,20,0,0,1.0,0.0,1.0
MULTI_HIT_N1,0.3009999990463257,20,20,0,0,1.0,0.0,1.0
MULTI_HIT_N1,0.3019999861717224,20,20,0,0,1.0,0.0,1.0
MULTI_HIT_N1,0.30300000309944153,20,20,0,0,1.0,0.0,1.0
MULTI_HIT_N1,0.30399999022483826,20,20,0,0,1.0,0.0,1.0
MULTI_HIT_N1,0.3050000071525574,20,20,0,0,1.0,0.0,1.0
MULTI_HIT_N1,0.3059999942779541,20,20,0,0,1.0,0.0,1.0
MULTI_HIT_N1,0.3070000112056732,20,20,0,0,1.0,0.0,1.0
MULTI_HIT_N1,0.30799999833106995,20,20,0,0,1.0,0.0,1.0
MULTI_HIT_N1,0.3089999854564667,20,20,0,0,1.0,0.0,1.0
MULTI_HIT_N1,0.3100000023841858,20,20,0,0,1.0,0.0,1.0
MULTI_HIT_N1,0.3109999895095825,20,20,0,0,1.0,0.0,1.0
MULTI_HIT_N1,0.31200000643730164,20,20,0,0,1.0,0.0,1.0
MULTI_HIT_N1,0.31299999356269836,20,20,0,0,1.0,0.0,1.0
MULTI_HIT_N1,0.3140000104904175,20,20,0,0,1.0,0.0,1.0
MULTI_HIT_N1,0.3149999976158142,20,20,0,0,1.0,0.0,1.0
MULTI_HIT_N1,0.3160000145435333,20,20,0,0,1.0,0.0,1.0
MULTI_HIT_N1,0.31700000166893005,20,20,0,0,1.0,0.0,1.0
MULTI_HIT_N1,0.3179999887943268,20,20,0,0,1.0,0.0,1.0
MULTI_HIT_N1,0.3190000057220459,20,20,0,0,1.0,0.0,1.0
MULTI_HIT_N1,0.3199999928474426,20,20,0,0,1.0,0.0,1.0
MULTI_HIT_N1,0.32100000977516174,20,20,0,0,1.0,0.0,1.0
MULTI_HIT_N1,0.32199999690055847,20,20,0,0,1.0,0.0,1.0
MULTI_HIT_N1,0.3230000138282776,20,20,0,0,1.0,0.0,1.0
MULTI_HIT_N1,0.3240000009536743,20,20,0,0,1.0,0.0,1.0
MULTI_HIT_N1,0.32499998807907104,20,20,0,0,1.0,0.0,1.0
MULTI_HIT_N1,0.32600000500679016,20,20,0,0,1.0,0.0,1.0
MULTI_HIT_N1,0.3269999921321869,20,20,0,0,1.0,0.0,1.0
MULTI_HIT_N1,0.328000009059906,20,20,0,0,1.0,0.0,1.0
MULTI_HIT_N1,0.32899999618530273,20,20,0,0,1.0,0.0,1.0
MULTI_HIT_N1,0.33000001311302185,20,20,0,0,1.0,0.0,1.0
MULTI_HIT_N1,0.3310000002384186,20,20,0,0,1.0,0.0,1.0
MULTI_HIT_N1,0.3319999873638153,20,20,0,0,1.0,0.0,1.0
MULTI_HIT_N1,0.3330000042915344,20,20,0,0,1.0,0.0,1.0
MULTI_HIT_N1,0.33399999141693115,20,20,0,0,1.0,0.0,1.0
MULTI_HIT_N1,0.33500000834465027,20,20,0,0,1.0,0.0,1.0
MULTI_HIT_N1,0.335999995470047,20,20,0,0,1.0,0.0,1.0
MULTI_HIT_N1,0.3370000123977661,20,20,0,0,1.0,0.0,1.0
MULTI_HIT_N1,0.33799999952316284,20,20,0,0,1.0,0.0,1.0
MULTI_HIT_N1,0.33899998664855957,20,20,0,0,1.0,0.0,1.0
MULTI_HIT_N1,0.3400000035762787,20,20,0,0,1.0,0.0,1.0
MULTI_HIT_N1,0.3409999907016754,20,20,0,0,1.0,0.0,1.0
MULTI_HIT_N1,0.34200000762939453,20,20,0,0,1.0,0.0,1.0
MULTI_HIT_N1,0.34299999475479126,20,20,0,0,1.0,0.0,1.0
MULTI_HIT_N1,0.3440000116825104,20,20,0,0,1.0,0.0,1.0
MULTI_HIT_N1,0.3449999988079071,20,20,0,0,1.0,0.0,1.0
MULTI_HIT_N1,0.34599998593330383,20,20,0,0,1.0,0.0,1.0
MULTI_HIT_N1,0.34700000286102295,20,20,0,0,1.0,0.0,1.0
MULTI_HIT_N1,0.3479999899864197,20,20,0,0,1.0,0.0,1.0
MULTI_HIT_N1,0.3490000069141388,20,20,0,0,1.0,0.0,1.0
MULTI_HIT_N1,0.3499999940395355,20,20,0,0,1.0,0.0,1.0
MULTI_HIT_N1,0.35100001096725464,20,20,0,0,1.0,0.0,1.0
MULTI_HIT_N1,0.35199999809265137,20,20,0,0,1.0,0.0,1.0
MULTI_HIT_N1,0.3529999852180481,20,20,0,0,1.0,0.0,1.0
MULTI_HIT_N1,0.3540000021457672,20,20,0,0,1.0,0.0,1.0
MULTI_HIT_N1,0.35499998927116394,20,20,0,0,1.0,0.0,1.0
MULTI_HIT_N1,0.35600000619888306,20,20,0,0,1.0,0.0,1.0
MULTI_HIT_N1,0.3569999933242798,20,20,0,0,1.0,0.0,1.0
MULTI_HIT_N1,0.3580000102519989,20,20,0,0,1.0,0.0,1.0
MULTI_HIT_N1,0.35899999737739563,20,20,0,0,1.0,0.0,1.0
MULTI_HIT_N1,0.36000001430511475,20,20,0,0,1.0,0.0,1.0
MULTI_HIT_N1,0.3610000014305115,20,20,0,0,1.0,0.0,1.0
MULTI_HIT_N1,0.3619999885559082,20,20,0,0,1.0,0.0,1.0
MULTI_HIT_N1,0.3630000054836273,20,20,0,0,1.0,0.0,1.0
MULTI_HIT_N1,0.36399999260902405,20,20,0,0,1.0,0.0,1.0
MULTI_HIT_N1,0.36500000953674316,20,20,0,0,1.0,0.0,1.0
MULTI_HIT_N1,0.3659999966621399,20,20,0,0,1.0,0.0,1.0
MULTI_HIT_N1,0.367000013589859,20,20,0,0,1.0,0.0,1.0
MULTI_HIT_N1,0.36800000071525574,20,20,0,0,1.0,0.0,1.0
MULTI_HIT_N1,0.36899998784065247,20,20,0,0,1.0,0.0,1.0
MULTI_HIT_N1,0.3700000047683716,20,20,0,0,1.0,0.0,1.0
MULTI_HIT_N1,0.3709999918937683,20,20,0,0,1.0,0.0,1.0
MULTI_HIT_N1,0.3720000088214874,20,20,0,0,1.0,0.0,1.0
MULTI_HIT_N1,0.37299999594688416,20,20,0,0,1.0,0.0,1.0
MULTI_HIT_N1,0.37400001287460327,20,20,0,0,1.0,0.0,1.0
MULTI_HIT_N1,0.375,20,20,0,0,1.0,0.0,1.0
MULTI_HIT_N1,0.37599998712539673,20,20,0,0,1.0,0.0,1.0
MULTI_HIT_N1,0.37700000405311584,20,20,0,0,1.0,0.0,1.0
MULTI_HIT_N1,0.3779999911785126,20,20,0,0,1.0,0.0,1.0
MULTI_HIT_N1,0.3790000081062317,20,20,0,0,1.0,0.0,1.0
MULTI_HIT_N1,0.3799999952316284,20,20,0,0,1.0,0.0,1.0
MULTI_HIT_N1,0.38100001215934753,20,20,0,0,1.0,0.0,1.0
MULTI_HIT_N1,0.38199999928474426,20,20,0,0,1.0,0.0,1.0
MULTI_HIT_N1,0.382999986410141,20,20,0,0,1.0,0.0,1.0
MULTI_HIT_N1,0.3840000033378601,20,20,0,0,1.0,0.0,1.0
MULTI_HIT_N1,0.38499999046325684,20,20,0,0,1.0,0.0,1.0
MULTI_HIT_N1,0.38600000739097595,20,20,0,0,1.0,0.0,1.0
MULTI_HIT_N1,0.3869999945163727,20,20,0,0,1.0,0.0,1.0
MULTI_HIT_N1,0.3880000114440918,20,20,0,0,1.0,0.0,1.0
MULTI_HIT_N1,0.3889999985694885,20,20,0,0,1.0,0.0,1.0
MULTI_HIT_N1,0.38999998569488525,20,20,0,0,1.0,0.0,1.0
MULTI_HIT_N1,0.39100000262260437,20,20,0,0,1.0,0.0,1.0
MULTI_HIT_N1,0.3919999897480011,20,20,0,0,1.0,0.0,1.0
MULTI_HIT_N1,0.3930000066757202,20,20,0,0,1.0,0.0,1.0
MULTI_HIT_N1,0.39399999380111694,20,20,0,0,1.0,0.0,1.0
MULTI_HIT_N1,0.39500001072883606,20,20,0,0,1.0,0.0,1.0
MULTI_HIT_N1,0.3959999978542328,20,20,0,0,1.0,0.0,1.0
MULTI_HIT_N1,0.3970000147819519,20,20,0,0,1.0,0.0,1.0
MULTI_HIT_N1,0.39800000190734863,20,20,0,0,1.0,0.0,1.0
MULTI_HIT_N1,0.39899998903274536,20,20,0,0,1.0,0.0,1.0
MULTI_HIT_N1,0.4000000059604645,20,20,0,0,1.0,0.0,1.0
MULTI_HIT_N1,0.4009999930858612,20,20,0,0,1.0,0.0,1.0
MULTI_HIT_N1,0.4020000100135803,20,20,0,0,1.0,0.0,1.0
MULTI_HIT_N1,0.40299999713897705,20,20,0,0,1.0,0.0,1.0
MULTI_HIT_N1,0.40400001406669617,20,20,0,0,1.0,0.0,1.0
MULTI_HIT_N1,0.4050000011920929,20,20,0,0,1.0,0.0,1.0
MULTI_HIT_N1,0.4059999883174896,20,20,0,0,1.0,0.0,1.0
MULTI_HIT_N1,0.40700000524520874,20,20,0,0,1.0,0.0,1.0
MULTI_HIT_N1,0.40799999237060547,20,20,0,0,1.0,0.0,1.0
MULTI_HIT_N1,0.4090000092983246,20,20,0,0,1.0,0.0,1.0
MULTI_HIT_N1,0.4099999964237213,20,20,0,0,1.0,0.0,1.0
MULTI_HIT_N1,0.41100001335144043,20,20,0,0,1.0,0.0,1.0
MULTI_HIT_N1,0.41200000047683716,20,20,0,0,1.0,0.0,1.0
MULTI_HIT_N1,0.4129999876022339,20,20,0,0,1.0,0.0,1.0
MULTI_HIT_N1,0.414000004529953,20,20,0,0,1.0,0.0,1.0
MULTI_HIT_N1,0.41499999165534973,20,20,0,0,1.0,0.0,1.0
MULTI_HIT_N1,0.41600000858306885,20,20,0,0,1.0,0.0,1.0
MULTI_HIT_N1,0.4169999957084656,20,20,0,0,1.0,0.0,1.0
MULTI_HIT_N1,0.4180000126361847,20,20,0,0,1.0,0.0,1.0
MULTI_HIT_N1,0.4189999997615814,20,20,0,0,1.0,0.0,1.0
MULTI_HIT_N1,0.41999998688697815,20,20,0,0,1.0,0.0,1.0
MULTI_HIT_N1,0.42100000381469727,20,20,0,0,1.0,0.0,1.0
MULTI_HIT_N1,0.421999990940094,20,20,0,0,1.0,0.0,1.0
MULTI_HIT_N1,0.4230000078678131,20,20,0,0,1.0,0.0,1.0
MULTI_HIT_N1,0.42399999499320984,20,20,0,0,1.0,0.0,1.0
MULTI_HIT_N1,0.42500001192092896,20,20,0,0,1.0,0.0,1.0
MULTI_HIT_N1,0.4259999990463257,20,20,0,0,1.0,0.0,1.0
MULTI_HIT_N1,0.4269999861717224,20,20,0,0,1.0,0.0,1.0
MULTI_HIT_N1,0.42800000309944153,20,20,0,0,1.0,0.0,1.0
MULTI_HIT_N1,0.42899999022483826,20,20,0,0,1.0,0.0,1.0
MULTI_HIT_N1,0.4300000071525574,20,20,0,0,1.0,0.0,1.0
MULTI_HIT_N1,0.4309999942779541,20,20,0,0,1.0,0.0,1.0
MULTI_HIT_N1,0.4320000112056732,20,20,0,0,1.0,0.0,1.0
MULTI_HIT_N1,0.43299999833106995,20,20,0,0,1.0,0.0,1.0
MULTI_HIT_N1,0.4339999854564667,20,20,0,0,1.0,0.0,1.0
MULTI_HIT_N1,0.4350000023841858,20,20,0,0,1.0,0.0,1.0
MULTI_HIT_N1,0.4359999895095825,20,20,0,0,1.0,0.0,1.0
MULTI_HIT_N1,0.43700000643730164,20,20,0,0,1.0,0.0,1.0
MULTI_HIT_N1,0.43799999356269836,20,20,0,0,1.0,0.0,1.0
MULTI_HIT_N1,0.4390000104904175,20,20,0,0,1.0,0.0,1.0
MULTI_HIT_N1,0.4399999976158142,20,20,0,0,1.0,0.0,1.0
MULTI_HIT_N1,0.4410000145435333,20,20,0,0,1.0,0.0,1.0
MULTI_HIT_N1,0.44200000166893005,20,20,0,0,1.0,0.0,1.0
MULTI_HIT_N1,0.4429999887943268,20,20,0,0,1.0,0.0,1.0
MULTI_HIT_N1,0.4440000057220459,20,20,0,0,1.0,0.0,1.0
MULTI_HIT_N1,0.4449999928474426,20,20,0,0,1.0,0.0,1.0
MULTI_HIT_N1,0.44600000977516174,20,20,0,0,1.0,0.0,1.0
MULTI_HIT_N1,0.44699999690055847,20,20,0,0,1.0,0.0,1.0
MULTI_HIT_N1,0.4480000138282776,20,20,0,0,1.0,0.0,1.0
MULTI_HIT_N1,0.4490000009536743,20,20,0,0,1.0,0.0,1.0
MULTI_HIT_N1,0.44999998807907104,20,20,0,0,1.0,0.0,1.0
MULTI_HIT_N1,0.45100000500679016,20,20,0,0,1.0,0.0,1.0
MULTI_HIT_N1,0.4519999921321869,20,20,0,0,1.0,0.0,1.0
MULTI_HIT_N1,0.453000009059906,20,20,0,0,1.0,0.0,1.0
MULTI_HIT_N1,0.45399999618530273,20,20,0,0,1.0,0.0,1.0
MULTI_HIT_N1,0.45500001311302185,20,20,0,0,1.0,0.0,1.0
MULTI_HIT_N1,0.4560000002384186,20,20,0,0,1.0,0.0,1.0
MULTI_HIT_N1,0.4569999873638153,20,20,0,0,1.0,0.0,1.0
MULTI_HIT_N1,0.4580000042915344,20,20,0,0,1.0,0.0,1.0
MULTI_HIT_N1,0.45899999141693115,20,20,0,0,1.0,0.0,1.0
MULTI_HIT_N1,0.46000000834465027,20,20,0,0,1.0,0.0,1.0
MULTI_HIT_N1,0.460999995470047,20,20,0,0,1.0,0.0,1.0
MULTI_HIT_N1,0.4620000123977661,20,20,0,0,1.0,0.0,1.0
MULTI_HIT_N1,0.46299999952316284,20,20,0,0,1.0,0.0,1.0
MULTI_HIT_N1,0.46399998664855957,20,20,0,0,1.0,0.0,1.0
MULTI_HIT_N1,0.4650000035762787,20,20,0,0,1.0,0.0,1.0
MULTI_HIT_N1,0.4659999907016754,20,20,0,0,1.0,0.0,1.0
MULTI_HIT_N1,0.46700000762939453,20,20,0,0,1.0,0.0,1.0
MULTI_HIT_N1,0.46799999475479126,20,20,0,0,1.0,0.0,1.0
MULTI_HIT_N1,0.4690000116825104,20,20,0,0,1.0,0.0,1.0
MULTI_HIT_N1,0.4699999988079071,20,20,0,0,1.0,0.0,1.0
MULTI_HIT_N1,0.47099998593330383,20,20,0,0,1.0,0.0,1.0
MULTI_HIT_N1,0.47200000286102295,20,20,0,0,1.0,0.0,1.0
MULTI_HIT_N1,0.4729999899864197,20,20,0,0,1.0,0.0,1.0
MULTI_HIT_N1,0.4740000069141388,20,20,0,0,1.0,0.0,1.0
MULTI_HIT_N1,0.4749999940395355,20,20,0,0,1.0,0.0,1.0
MULTI_HIT_N1,0.47600001096725464,20,20,0,0,1.0,0.0,1.0
MULTI_HIT_N1,0.47699999809265137,20,20,0,0,1.0,0.0,1.0
MULTI_HIT_N1,0.4779999852180481,20,20,0,0,1.0,0.0,1.0
MULTI_HIT_N1,0.4790000021457672,20,20,0,0,1.0,0.0,1.0
MULTI_HIT_N1,0.47999998927116394,20,20,0,0,1.0,0.0,1.0
MULTI_HIT_N1,0.48100000619888306,20,20,0,0,1.0,0.0,1.0
MULTI_HIT_N1,0.4819999933242798,20,20,0,0,1.0,0.0,1.0
MULTI_HIT_N1,0.4830000102519989,20,20,0,0,1.0,0.0,1.0
MULTI_HIT_N1,0.48399999737739563,20,20,0,0,1.0,0.0,1.0
MULTI_HIT_N1,0.48500001430511475,20,20,0,0,1.0,0.0,1.0
MULTI_HIT_N1,0.4860000014305115,20,20,0,0,1.0,0.0,1.0
MULTI_HIT_N1,0.4869999885559082,20,20,0,0,1.0,0.0,1.0
MULTI_HIT_N1,0.4880000054836273,20,20,0,0,1.0,0.0,1.0
MULTI_HIT_N1,0.48899999260902405,20,20,0,0,1.0,0.0,1.0
MULTI_HIT_N1,0.49000000953674316,20,20,0,0,1.0,0.0,1.0
MULTI_HIT_N1,0.4909999966621399,20,20,0,0,1.0,0.0,1.0
MULTI_HIT_N1,0.492000013589859,20,20,0,0,1.0,0.0,1.0
MULTI_HIT_N1,0.49300000071525574,20,20,0,0,1.0,0.0,1.0
MULTI_HIT_N1,0.49399998784065247,20,20,0,0,1.0,0.0,1.0
MULTI_HIT_N1,0.4950000047683716,20,20,0,0,1.0,0.0,1.0
MULTI_HIT_N1,0.4959999918937683,20,20,0,0,1.0,0.0,1.0
MULTI_HIT_N1,0.4970000088214874,20,20,0,0,1.0,0.0,1.0
MULTI_HIT_N1,0.49799999594688416,20,20,0,0,1.0,0.0,1.0
MULTI_HIT_N1,0.49900001287460327,20,20,0,0,1.0,0.0,1.0
MULTI_HIT_N1,0.5,20,20,0,0,1.0,0.0,1.0
MULTI_HIT_N1,0.5009999871253967,20,20,0,0,1.0,0.0,1.0
MULTI_HIT_N1,0.5019999742507935,20,20,0,0,1.0,0.0,1.0
MULTI_HIT_N1,0.503000020980835,20,20,0,0,1.0,0.0,1.0
MULTI_HIT_N1,0.5040000081062317,20,20,0,0,1.0,0.0,1.0
MULTI_HIT_N1,0.5049999952316284,20,20,0,0,1.0,0.0,1.0
MULTI_HIT_N1,0.5059999823570251,20,20,0,0,1.0,0.0,1.0
MULTI_HIT_N1,0.5070000290870667,20,20,0,0,1.0,0.0,1.0
MULTI_HIT_N1,0.5080000162124634,20,20,0,0,1.0,0.0,1.0
MULTI_HIT_N1,0.5090000033378601,20,20,0,0,1.0,0.0,1.0
MULTI_HIT_N1,0.5099999904632568,20,20,0,0,1.0,0.0,1.0
MULTI_HIT_N1,0.5109999775886536,20,20,0,0,1.0,0.0,1.0
MULTI_HIT_N1,0.5120000243186951,20,20,0,0,1.0,0.0,1.0
MULTI_HIT_N1,0.5130000114440918,20,20,0,0,1.0,0.0,1.0
MULTI_HIT_N1,0.5139999985694885,20,20,0,0,1.0,0.0,1.0
MULTI_HIT_N1,0.5149999856948853,20,20,0,0,1.0,0.0,1.0
MULTI_HIT_N1,0.515999972820282,20,20,0,0,1.0,0.0,1.0
MULTI_HIT_N1,0.5170000195503235,20,20,0,0,1.0,0.0,1.0
MULTI_HIT_N1,0.5180000066757202,20,20,0,0,1.0,0.0,1.0
MULTI_HIT_N1,0.5189999938011169,20,20,0,0,1.0,0.0,1.0
MULTI_HIT_N1,0.5199999809265137,20,20,0,0,1.0,0.0,1.0
MULTI_HIT_N1,0.5210000276565552,20,20,0,0,1.0,0.0,1.0
MULTI_HIT_N1,0.5220000147819519,20,20,0,0,1.0,0.0,1.0
MULTI_HIT_N1,0.5230000019073486,20,20,0,0,1.0,0.0,1.0
MULTI_HIT_N1,0.5239999890327454,20,20,0,0,1.0,0.0,1.0
MULTI_HIT_N1,0.5249999761581421,20,20,0,0,1.0,0.0,1.0
MULTI_HIT_N1,0.5260000228881836,20,20,0,0,1.0,0.0,1.0
MULTI_HIT_N1,0.5270000100135803,20,20,0,0,1.0,0.0,1.0
MULTI_HIT_N1,0.527999997138977,20,20,0,0,1.0,0.0,1.0
MULTI_HIT_N1,0.5289999842643738,20,20,0,0,1.0,0.0,1.0
MULTI_HIT_N1,0.5299999713897705,20,20,0,0,1.0,0.0,1.0
MULTI_HIT_N1,0.531000018119812,20,20,0,0,1.0,0.0,1.0
MULTI_HIT_N1,0.5320000052452087,20,20,0,0,1.0,0.0,1.0
MULTI_HIT_N1,0.5329999923706055,20,20,0,0,1.0,0.0,1.0
MULTI_HIT_N1,0.5339999794960022,20,20,0,0,1.0,0.0,1.0
MULTI_HIT_N1,0.5350000262260437,20,20,0,0,1.0,0.0,1.0
MULTI_HIT_N1,0.5360000133514404,20,20,0,0,1.0,0.0,1.0
MULTI_HIT_N1,0.5370000004768372,20,20,0,0,1.0,0.0,1.0
MULTI_HIT_N1,0.5379999876022339,20,20,0,0,1.0,0.0,1.0
MULTI_HIT_N1,0.5389999747276306,20,20,0,0,1.0,0.0,1.0
MULTI_HIT_N1,0.5400000214576721,20,20,0,0,1.0,0.0,1.0
MULTI_HIT_N1,0.5410000085830688,20,20,0,0,1.0,0.0,1.0
MULTI_HIT_N1,0.5419999957084656,20,20,0,0,1.0,0.0,1.0
MULTI_HIT_N1,0.5429999828338623,20,20,0,0,1.0,0.0,1.0
MULTI_HIT_N1,0.5440000295639038,20,20,0,0,1.0,0.0,1.0
MULTI_HIT_N1,0.5450000166893005,20,20,0,0,1.0,0.0,1.0
MULTI_HIT_N1,0.5460000038146973,20,20,0,0,1.0,0.0,1.0
MULTI_HIT_N1,0.546999990940094,20,20,0,0,1.0,0.0,1.0
MULTI_HIT_N1,0.5479999780654907,20,20,0,0,1.0,0.0,1.0
MULTI_HIT_N1,0.5490000247955322,20,20,0,0,1.0,0.0,1.0
MULTI_HIT_N1,0.550000011920929,20,20,0,0,1.0,0.0,1.0
MULTI_HIT_N1,0.5509999990463257,20,20,0,0,1.0,0.0,1.0
MULTI_HIT_N1,0.5519999861717224,20,20,0,0,1.0,0.0,1.0
MULTI_HIT_N1,0.5529999732971191,20,20,0,0,1.0,0.0,1.0
MULTI_HIT_N1,0.5540000200271606,20,20,0,0,1.0,0.0,1.0
MULTI_HIT_N1,0.5550000071525574,20,20,0,0,1.0,0.0,1.0
MULTI_HIT_N1,0.5559999942779541,20,20,0,0,1.0,0.0,1.0
MULTI_HIT_N1,0.5569999814033508,20,20,0,0,1.0,0.0,1.0
MULTI_HIT_N1,0.5580000281333923,20,20,0,0,1.0,0.0,1.0
MULTI_HIT_N1,0.5590000152587891,20,20,0,0,1.0,0.0,1.0
MULTI_HIT_N1,0.5600000023841858,20,20,0,0,1.0,0.0,1.0
MULTI_HIT_N1,0.5609999895095825,20,20,0,0,1.0,0.0,1.0
MULTI_HIT_N1,0.5619999766349792,20,20,0,0,1.0,0.0,1.0
MULTI_HIT_N1,0.5630000233650208,20,20,0,0,1.0,0.0,1.0
MULTI_HIT_N1,0.5640000104904175,20,20,0,0,1.0,0.0,1.0
MULTI_HIT_N1,0.5649999976158142,20,20,0,0,1.0,0.0,1.0
MULTI_HIT_N1,0.5659999847412109,20,20,0,0,1.0,0.0,1.0
MULTI_HIT_N1,0.5669999718666077,20,20,0,0,1.0,0.0,1.0
MULTI_HIT_N1,0.5680000185966492,20,20,0,0,1.0,0.0,1.0
MULTI_HIT_N1,0.5690000057220459,20,20,0,0,1.0,0.0,1.0
MULTI_HIT_N1,0.5699999928474426,20,20,0,0,1.0,0.0,1.0
MULTI_HIT_N1,0.5709999799728394,20,20,0,0,1.0,0.0,1.0
MULTI_HIT_N1,0.5720000267028809,20,20,0,0,1.0,0.0,1.0
MULTI_HIT_N1,0.5730000138282776,20,20,0,0,1.0,0.0,1.0
MULTI_HIT_N1,0.5740000009536743,20,20,0,0,1.0,0.0,1.0
MULTI_HIT_N1,0.574999988079071,20,20,0,0,1.0,0.0,1.0
MULTI_HIT_N1,0.5759999752044678,20,20,0,0,1.0,0.0,1.0
MULTI_HIT_N1,0.5770000219345093,20,20,0,0,1.0,0.0,1.0
MULTI_HIT_N1,0.578000009059906,20,20,0,0,1.0,0.0,1.0
MULTI_HIT_N1,0.5789999961853027,20,20,0,0,1.0,0.0,1.0
MULTI_HIT_N1,0.5799999833106995,20,20,0,0,1.0,0.0,1.0
MULTI_HIT_N1,0.5809999704360962,20,20,0,0,1.0,0.0,1.0
MULTI_HIT_N1,0.5820000171661377,20,20,0,0,1.0,0.0,1.0
MULTI_HIT_N1,0.5830000042915344,20,20,0,0,1.0,0.0,1.0
MULTI_HIT_N1,0.5839999914169312,20,20,0,0,1.0,0.0,1.0
MULTI_HIT_N1,0.5849999785423279,20,20,0,0,1.0,0.0,1.0
MULTI_HIT_N1,0.5860000252723694,20,20,0,0,1.0,0.0,1.0
MULTI_HIT_N1,0.5870000123977661,20,20,0,0,1.0,0.0,1.0
MULTI_HIT_N1,0.5879999995231628,20,20,0,0,1.0,0.0,1.0
MULTI_HIT_N1,0.5889999866485596,20,20,0,0,1.0,0.0,1.0
MULTI_HIT_N1,0.5899999737739563,20,20,0,0,1.0,0.0,1.0
MULTI_HIT_N1,0.5910000205039978,20,20,0,0,1.0,0.0,1.0
MULTI_HIT_N1,0.5920000076293945,20,20,0,0,1.0,0.0,1.0
MULTI_HIT_N1,0.5929999947547913,20,20,0,0,1.0,0.0,1.0
MULTI_HIT_N1,0.593999981880188,20,20,0,0,1.0,0.0,1.0
MULTI_HIT_N1,0.5950000286102295,20,20,0,0,1.0,0.0,1.0
MULTI_HIT_N1,0.5960000157356262,20,20,0,0,1.0,0.0,1.0
MULTI_HIT_N1,0.597000002861023,20,20,0,0,1.0,0.0,1.0
MULTI_HIT_N1,0.5979999899864197,20,20,0,0,1.0,0.0,1.0
MULTI_HIT_N1,0.5989999771118164,20,20,0,0,1.0,0.0,1.0
MULTI_HIT_N1,0.6000000238418579,20,20,0,0,1.0,0.0,1.0
MULTI_HIT_N1,0.6010000109672546,20,20,0,0,1.0,0.0,1.0
MULTI_HIT_N1,0.6019999980926514,20,20,0,0,1.0,0.0,1.0
MULTI_HIT_N1,0.6029999852180481,20,20,0,0,1.0,0.0,1.0
MULTI_HIT_N1,0.6039999723434448,20,20,0,0,1.0,0.0,1.0
MULTI_HIT_N1,0.6050000190734863,20,20,0,0,1.0,0.0,1.0
MULTI_HIT_N1,0.6060000061988831,20,20,0,0,1.0,0.0,1.0
MULTI_HIT_N1,0.6069999933242798,20,20,0,0,1.0,0.0,1.0
MULTI_HIT_N1,0.6079999804496765,20,20,0,0,1.0,0.0,1.0
MULTI_HIT_N1,0.609000027179718,20,20,0,0,1.0,0.0,1.0
MULTI_HIT_N1,0.6100000143051147,20,20,0,0,1.0,0.0,1.0
MULTI_HIT_N1,0.6110000014305115,20,20,0,0,1.0,0.0,1.0
MULTI_HIT_N1,0.6119999885559082,20,20,0,0,1.0,0.0,1.0
MULTI_HIT_N1,0.6129999756813049,20,20,0,0,1.0,0.0,1.0
MULTI_HIT_N1,0.6140000224113464,20,20,0,0,1.0,0.0,1.0
MULTI_HIT_N1,0.6150000095367432,20,20,0,0,1.0,0.0,1.0
MULTI_HIT_N1,0.6159999966621399,20,20,0,0,1.0,0.0,1.0
MULTI_HIT_N1,0.6169999837875366,20,20,0,0,1.0,0.0,1.0
MULTI_HIT_N1,0.6179999709129333,20,20,0,0,1.0,0.0,1.0
MULTI_HIT_N1,0.6190000176429749,20,20,0,0,1.0,0.0,1.0
MULTI_HIT_N1,0.6200000047683716,20,20,0,0,1.0,0.0,1.0
MULTI_HIT_N1,0.6209999918937683,20,20,0,0,1.0,0.0,1.0
MULTI_HIT_N1,0.621999979019165,20,20,0,0,1.0,0.0,1.0
MULTI_HIT_N1,0.6230000257492065,20,20,0,0,1.0,0.0,1.0
MULTI_HIT_N1,0.6240000128746033,20,20,0,0,1.0,0.0,1.0
MULTI_HIT_N1,0.625,20,20,0,0,1.0,0.0,1.0
MULTI_HIT_N1,0.6259999871253967,20,20,0,0,1.0,0.0,1.0
MULTI_HIT_N1,0.6269999742507935,20,20,0,0,1.0,0.0,1.0
MULTI_HIT_N1,0.628000020980835,20,20,0,0,1.0,0.0,1.0
MULTI_HIT_N1,0.6290000081062317,20,20,0,0,1.0,0.0,1.0
MULTI_HIT_N1,0.6299999952316284,20,20,0,0,1.0,0.0,1.0
MULTI_HIT_N1,0.6309999823570251,20,20,0,0,1.0,0.0,1.0
MULTI_HIT_N1,0.6320000290870667,20,20,0,0,1.0,0.0,1.0
MULTI_HIT_N1,0.6330000162124634,20,20,0,0,1.0,0.0,1.0
MULTI_HIT_N1,0.6340000033378601,20,20,0,0,1.0,0.0,1.0
MULTI_HIT_N1,0.6349999904632568,20,20,0,0,1.0,0.0,1.0
MULTI_HIT_N1,0.6359999775886536,20,20,0,0,1.0,0.0,1.0
MULTI_HIT_N1,0.6370000243186951,20,20,0,0,1.0,0.0,1.0
MULTI_HIT_N1,0.6380000114440918,20,20,0,0,1.0,0.0,1.0
MULTI_HIT_N1,0.6389999985694885,20,20,0,0,1.0,0.0,1.0
MULTI_HIT_N1,0.6399999856948853,20,20,0,0,1.0,0.0,1.0
MULTI_HIT_N1,0.640999972820282,20,20,0,0,1.0,0.0,1.0
MULTI_HIT_N1,0.6420000195503235,20,20,0,0,1.0,0.0,1.0
MULTI_HIT_N1,0.6430000066757202,20,19,1,0,1.0,0.05,0.95
MULTI_HIT_N1,0.6439999938011169,20,19,1,0,1.0,0.05,0.95
MULTI_HIT_N1,0.6449999809265137,20,19,1,0,1.0,0.05,0.95
MULTI_HIT_N1,0.6460000276565552,20,19,1,0,1.0,0.05,0.95
MULTI_HIT_N1,0.6470000147819519,20,19,1,0,1.0,0.05,0.95
MULTI_HIT_N1,0.6480000019073486,20,19,1,0,1.0,0.05,0.95
MULTI_HIT_N1,0.6489999890327454,20,19,1,0,1.0,0.05,0.95
MULTI_HIT_N1,0.6499999761581421,20,19,1,0,1.0,0.05,0.95
MULTI_HIT_N1,0.6510000228881836,20,19,1,0,1.0,0.05,0.95
MULTI_HIT_N1,0.6520000100135803,20,19,1,0,1.0,0.05,0.95
MULTI_HIT_N1,0.652999997138977,20,19,1,0,1.0,0.05,0.95
MULTI_HIT_N1,0.6539999842643738,20,19,1,0,1.0,0.05,0.95
MULTI_HIT_N1,0.6549999713897705,20,19,1,0,1.0,0.05,0.95
MULTI_HIT_N1,0.656000018119812,20,19,1,0,1.0,0.05,0.95
MULTI_HIT_N1,0.6570000052452087,20,19,1,0,1.0,0.05,0.95
MULTI_HIT_N1,0.6579999923706055,20,19,1,0,1.0,0.05,0.95
MULTI_HIT_N1,0.6589999794960022,20,19,1,0,1.0,0.05,0.95
MULTI_HIT_N1,0.6600000262260437,20,19,1,0,1.0,0.05,0.95
MULTI_HIT_N1,0.6610000133514404,20,19,1,0,1.0,0.05,0.95
MULTI_HIT_N1,0.6620000004768372,20,19,1,0,1.0,0.05,0.95
MULTI_HIT_N1,0.6629999876022339,20,19,1,0,1.0,0.05,0.95
MULTI_HIT_N1,0.6639999747276306,20,19,1,0,1.0,0.05,0.95
MULTI_HIT_N1,0.6650000214576721,20,19,1,0,1.0,0.05,0.95
MULTI_HIT_N1,0.6660000085830688,20,19,1,0,1.0,0.05,0.95
MULTI_HIT_N1,0.6669999957084656,20,19,1,0,1.0,0.05,0.95
MULTI_HIT_N1,0.6679999828338623,20,19,1,0,1.0,0.05,0.95
MULTI_HIT_N1,0.6690000295639038,20,19,1,0,1.0,0.05,0.95
MULTI_HIT_N1,0.6700000166893005,20,19,1,0,1.0,0.05,0.95
MULTI_HIT_N1,0.6710000038146973,20,19,1,0,1.0,0.05,0.95
MULTI_HIT_N1,0.671999990940094,20,19,1,0,1.0,0.05,0.95
MULTI_HIT_N1,0.6729999780654907,20,19,1,0,1.0,0.05,0.95
MULTI_HIT_N1,0.6740000247955322,20,19,1,0,1.0,0.05,0.95
MULTI_HIT_N1,0.675000011920929,20,19,1,0,1.0,0.05,0.95
MULTI_HIT_N1,0.6759999990463257,20,19,1,0,1.0,0.05,0.95
MULTI_HIT_N1,0.6769999861717224,20,19,1,0,1.0,0.05,0.95
MULTI_HIT_N1,0.6779999732971191,20,19,1,0,1.0,0.05,0.95
MULTI_HIT_N1,0.6790000200271606,20,19,1,0,1.0,0.05,0.95
MULTI_HIT_N1,0.6800000071525574,20,19,1,0,1.0,0.05,0.95
MULTI_HIT_N1,0.6809999942779541,20,19,1,0,1.0,0.05,0.95
MULTI_HIT_N1,0.6819999814033508,20,19,1,0,1.0,0.05,0.95
MULTI_HIT_N1,0.6830000281333923,20,19,1,0,1.0,0.05,0.95
MULTI_HIT_N1,0.6840000152587891,20,19,1,0,1.0,0.05,0.95
MULTI_HIT_N1,0.6850000023841858,20,19,1,0,1.0,0.05,0.95
MULTI_HIT_N1,0.6859999895095825,20,19,1,0,1.0,0.05,0.95
MULTI_HIT_N1,0.6869999766349792,20,19,1,0,1.0,0.05,0.95
MULTI_HIT_N1,0.6880000233650208,20,19,1,0,1.0,0.05,0.95
MULTI_HIT_N1,0.6890000104904175,20,19,1,0,1.0,0.05,0.95
MULTI_HIT_N1,0.6899999976158142,20,19,1,0,1.0,0.05,0.95
MULTI_HIT_N1,0.6909999847412109,20,19,1,0,1.0,0.05,0.95
MULTI_HIT_N1,0.6919999718666077,20,19,1,0,1.0,0.05,0.95
MULTI_HIT_N1,0.6930000185966492,20,19,1,0,1.0,0.05,0.95
MULTI_HIT_N1,0.6940000057220459,20,19,1,0,1.0,0.05,0.95
MULTI_HIT_N1,0.6949999928474426,20,19,1,0,1.0,0.05,0.95
MULTI_HIT_N1,0.6959999799728394,20,19,1,0,1.0,0.05,0.95
MULTI_HIT_N1,0.6970000267028809,20,19,1,0,1.0,0.05,0.95
MULTI_HIT_N1,0.6980000138282776,20,19,1,0,1.0,0.05,0.95
MULTI_HIT_N1,0.6990000009536743,20,19,1,0,1.0,0.05,0.95
MULTI_HIT_N1,0.699999988079071,20,19,1,0,1.0,0.05,0.95
MULTI_HIT_N1,0.7009999752044678,20,19,1,0,1.0,0.05,0.95
MULTI_HIT_N1,0.7020000219345093,20,19,1,0,1.0,0.05,0.95
MULTI_HIT_N1,0.703000009059906,20,19,1,0,1.0,0.05,0.95
MULTI_HIT_N1,0.7039999961853027,20,19,1,0,1.0,0.05,0.95
MULTI_HIT_N1,0.7049999833106995,20,19,1,0,1.0,0.05,0.95
MULTI_HIT_N1,0.7059999704360962,20,19,1,0,1.0,0.05,0.95
MULTI_HIT_N1,0.7070000171661377,20,19,1,0,1.0,0.05,0.95
MULTI_HIT_N1,0.7080000042915344,20,19,1,0,1.0,0.05,0.95
MULTI_HIT_N1,0.7089999914169312,20,19,1,0,1.0,0.05,0.95
MULTI_HIT_N1,0.7099999785423279,20,19,1,0,1.0,0.05,0.95
MULTI_HIT_N1,0.7110000252723694,20,19,1,0,1.0,0.05,0.95
MULTI_HIT_N1,0.7120000123977661,20,19,1,0,1.0,0.05,0.95
MULTI_HIT_N1,0.7129999995231628,20,19,1,0,1.0,0.05,0.95
MULTI_HIT_N1,0.7139999866485596,20,19,1,0,1.0,0.05,0.95
MULTI_HIT_N1,0.7149999737739563,20,19,1,0,1.0,0.05,0.95
MULTI_HIT_N1,0.7160000205039978,20,19,1,0,1.0,0.05,0.95
MULTI_HIT_N1,0.7170000076293945,20,19,1,0,1.0,0.05,0.95
MULTI_HIT_N1,0.7179999947547913,20,18,2,0,1.0,0.1,0.9
MULTI_HIT_N1,0.718999981880188,20,18,2,0,1.0,0.1,0.9
MULTI_HIT_N1,0.7200000286102295,20,18,2,0,1.0,0.1,0.9
MULTI_HIT_N1,0.7210000157356262,20,18,2,0,1.0,0.1,0.9
MULTI_HIT_N1,0.722000002861023,20,18,2,0,1.0,0.1,0.9
MULTI_HIT_N1,0.7229999899864197,20,18,2,0,1.0,0.1,0.9
MULTI_HIT_N1,0.7239999771118164,20,18,2,0,1.0,0.1,0.9
MULTI_HIT_N1,0.7250000238418579,20,18,2,0,1.0,0.1,0.9
MULTI_HIT_N1,0.7260000109672546,20,18,2,0,1.0,0.1,0.9
MULTI_HIT_N1,0.7269999980926514,20,18,2,0,1.0,0.1,0.9
MULTI_HIT_N1,0.7279999852180481,20,18,2,0,1.0,0.1,0.9
MULTI_HIT_N1,0.7289999723434448,20,18,2,0,1.0,0.1,0.9
MULTI_HIT_N1,0.7300000190734863,20,18,2,0,1.0,0.1,0.9
MULTI_HIT_N1,0.7310000061988831,20,18,2,0,1.0,0.1,0.9
MULTI_HIT_N1,0.7319999933242798,20,18,2,0,1.0,0.1,0.9
MULTI_HIT_N1,0.7329999804496765,20,18,2,0,1.0,0.1,0.9
MULTI_HIT_N1,0.734000027179718,20,18,2,0,1.0,0.1,0.9
MULTI_HIT_N1,0.7350000143051147,20,18,2,0,1.0,0.1,0.9
MULTI_HIT_N1,0.7360000014305115,20,18,2,0,1.0,0.1,0.9
MULTI_HIT_N1,0.7369999885559082,20,18,2,0,1.0,0.1,0.9
MULTI_HIT_N1,0.7379999756813049,20,18,2,0,1.0,0.1,0.9
MULTI_HIT_N1,0.7390000224113464,20,18,2,0,1.0,0.1,0.9
MULTI_HIT_N1,0.7400000095367432,20,18,2,0,1.0,0.1,0.9
MULTI_HIT_N1,0.7409999966621399,20,18,2,0,1.0,0.1,0.9
MULTI_HIT_N1,0.7419999837875366,20,18,2,0,1.0,0.1,0.9
MULTI_HIT_N1,0.7429999709129333,20,18,2,0,1.0,0.1,0.9
MULTI_HIT_N1,0.7440000176429749,20,18,2,0,1.0,0.1,0.9
MULTI_HIT_N1,0.7450000047683716,20,18,2,0,1.0,0.1,0.9
MULTI_HIT_N1,0.7459999918937683,20,18,2,0,1.0,0.1,0.9
MULTI_HIT_N1,0.746999979019165,20,18,2,0,1.0,0.1,0.9
MULTI_HIT_N1,0.7480000257492065,20,18,2,0,1.0,0.1,0.9
MULTI_HIT_N1,0.7490000128746033,20,18,2,0,1.0,0.1,0.9
MULTI_HIT_N1,0.75,20,18,2,0,1.0,0.1,0.9
MULTI_HIT_N1,0.7509999871253967,20,18,2,0,1.0,0.1,0.9
MULTI_HIT_N1,0.7519999742507935,20,18,2,0,1.0,0.1,0.9
MULTI_HIT_N1,0.753000020980835,20,18,2,0,1.0,0.1,0.9
MULTI_HIT_N1,0.7540000081062317,20,18,2,0,1.0,0.1,0.9
MULTI_HIT_N1,0.7549999952316284,20,18,2,0,1.0,0.1,0.9
MULTI_HIT_N1,0.7559999823570251,20,18,2,0,1.0,0.1,0.9
MULTI_HIT_N1,0.7570000290870667,20,18,2,0,1.0,0.1,0.9
MULTI_HIT_N1,0.7580000162124634,20,18,2,0,1.0,0.1,0.9
MULTI_HIT_N1,0.7590000033378601,20,18,2,0,1.0,0.1,0.9
MULTI_HIT_N1,0.7599999904632568,20,18,2,0,1.0,0.1,0.9
MULTI_HIT_N1,0.7609999775886536,20,18,2,0,1.0,0.1,0.9
MULTI_HIT_N1,0.7620000243186951,20,18,2,0,1.0,0.1,0.9
MULTI_HIT_N1,0.7630000114440918,20,18,2,0,1.0,0.1,0.9
MULTI_HIT_N1,0.7639999985694885,20,18,2,0,1.0,0.1,0.9
MULTI_HIT_N1,0.7649999856948853,20,18,2,0,1.0,0.1,0.9
MULTI_HIT_N1,0.765999972820282,20,18,2,0,1.0,0.1,0.9
MULTI_HIT_N1,0.7670000195503235,20,18,2,0,1.0,0.1,0.9
MULTI_HIT_N1,0.7680000066757202,20,18,2,0,1.0,0.1,0.9
MULTI_HIT_N1,0.7689999938011169,20,18,2,0,1.0,0.1,0.9
MULTI_HIT_N1,0.7699999809265137,20,18,2,0,1.0,0.1,0.9
MULTI_HIT_N1,0.7710000276565552,20,18,2,0,1.0,0.1,0.9
MULTI_HIT_N1,0.7720000147819519,20,18,2,0,1.0,0.1,0.9
MULTI_HIT_N1,0.7730000019073486,20,18,2,0,1.0,0.1,0.9
MULTI_HIT_N1,0.7739999890327454,20,18,2,0,1.0,0.1,0.9
MULTI_HIT_N1,0.7749999761581421,20,18,2,0,1.0,0.1,0.9
MULTI_HIT_N1,0.7760000228881836,20,18,2,0,1.0,0.1,0.9
MULTI_HIT_N1,0.7770000100135803,20,18,2,0,1.0,0.1,0.9
MULTI_HIT_N1,0.777999997138977,20,18,2,0,1.0,0.1,0.9
MULTI_HIT_N1,0.7789999842643738,20,18,2,0,1.0,0.1,0.9
MULTI_HIT_N1,0.7799999713897705,20,18,2,0,1.0,0.1,0.9
MULTI_HIT_N1,0.781000018119812,20,18,2,0,1.0,0.1,0.9
MULTI_HIT_N1,0.7820000052452087,20,17,3,0,1.0,0.15,0.85
MULTI_HIT_N1,0.7829999923706055,20,17,3,0,1.0,0.15,0.85
MULTI_HIT_N1,0.7839999794960022,20,17,3,0,1.0,0.15,0.85
MULTI_HIT_N1,0.7850000262260437,20,17,3,0,1.0,0.15,0.85
MULTI_HIT_N1,0.7860000133514404,20,17,3,0,1.0,0.15,0.85
MULTI_HIT_N1,0.7870000004768372,20,17,3,0,1.0,0.15,0.85
MULTI_HIT_N1,0.7879999876022339,20,17,3,0,1.0,0.15,0.85
MULTI_HIT_N1,0.7889999747276306,20,17,3,0,1.0,0.15,0.85
MULTI_HIT_N1,0.7900000214576721,20,17,3,0,1.0,0.15,0.85
MULTI_HIT_N1,0.7910000085830688,20,17,3,0,1.0,0.15,0.85
MULTI_HIT_N1,0.7919999957084656,20,17,3,0,1.0,0.15,0.85
MULTI_HIT_N1,0.7929999828338623,20,17,3,0,1.0,0.15,0.85
MULTI_HIT_N1,0.7940000295639038,20,17,3,0,1.0,0.15,0.85
MULTI_HIT_N1,0.7950000166893005,20,16,4,0,1.0,0.2,0.8
MULTI_HIT_N1,0.7960000038146973,20,16,4,0,1.0,0.2,0.8
MULTI_HIT_N1,0.796999990940094,20,16,4,0,1.0,0.2,0.8
MULTI_HIT_N1,0.7979999780654907,20,16,4,0,1.0,0.2,0.8
MULTI_HIT_N1,0.7990000247955322,20,16,4,0,1.0,0.2,0.8
MULTI_HIT_N1,0.800000011920929,20,16,4,0,1.0,0.2,0.8
MULTI_HIT_N1,0.8009999990463257,20,16,4,0,1.0,0.2,0.8
MULTI_HIT_N1,0.8019999861717224,20,16,4,0,1.0,0.2,0.8
MULTI_HIT_N1,0.8029999732971191,20,16,4,0,1.0,0.2,0.8
MULTI_HIT_N1,0.8040000200271606,20,16,4,0,1.0,0.2,0.8
MULTI_HIT_N1,0.8050000071525574,20,16,4,0,1.0,0.2,0.8
MULTI_HIT_N1,0.8059999942779541,20,16,4,0,1.0,0.2,0.8
MULTI_HIT_N1,0.8069999814033508,20,16,4,0,1.0,0.2,0.8
MULTI_HIT_N1,0.8080000281333923,20,16,4,0,1.0,0.2,0.8
MULTI_HIT_N1,0.8090000152587891,20,16,4,0,1.0,0.2,0.8
MULTI_HIT_N1,0.8100000023841858,20,16,4,0,1.0,0.2,0.8
MULTI_HIT_N1,0.8109999895095825,20,16,4,0,1.0,0.2,0.8
MULTI_HIT_N1,0.8119999766349792,20,16,4,0,1.0,0.2,0.8
MULTI_HIT_N1,0.8130000233650208,20,16,4,0,1.0,0.2,0.8
MULTI_HIT_N1,0.8140000104904175,20,16,4,0,1.0,0.2,0.8
MULTI_HIT_N1,0.8149999976158142,20,16,4,0,1.0,0.2,0.8
MULTI_HIT_N1,0.8159999847412109,20,16,4,0,1.0,0.2,0.8
MULTI_HIT_N1,0.8169999718666077,20,16,4,0,1.0,0.2,0.8
MULTI_HIT_N1,0.8180000185966492,20,16,4,0,1.0,0.2,0.8
MULTI_HIT_N1,0.8190000057220459,20,16,4,0,1.0,0.2,0.8
MULTI_HIT_N1,0.8199999928474426,20,16,4,0,1.0,0.2,0.8
MULTI_HIT_N1,0.8209999799728394,20,16,4,0,1.0,0.2,0.8
MULTI_HIT_N1,0.8220000267028809,20,16,4,0,1.0,0.2,0.8
MULTI_HIT_N1,0.8230000138282776,20,16,4,0,1.0,0.2,0.8
MULTI_HIT_N1,0.8240000009536743,20,16,4,0,1.0,0.2,0.8
MULTI_HIT_N1,0.824999988079071,20,16,4,0,1.0,0.2,0.8
MULTI_HIT_N1,0.8259999752044678,20,16,4,0,1.0,0.2,0.8
MULTI_HIT_N1,0.8270000219345093,20,16,4,0,1.0,0.2,0.8
MULTI_HIT_N1,0.828000009059906,20,16,4,0,1.0,0.2,0.8
MULTI_HIT_N1,0.8289999961853027,20,16,4,0,1.0,0.2,0.8
MULTI_HIT_N1,0.8299999833106995,20,16,4,0,1.0,0.2,0.8
MULTI_HIT_N1,0.8309999704360962,20,16,4,0,1.0,0.2,0.8
MULTI_HIT_N1,0.8320000171661377,20,16,4,0,1.0,0.2,0.8
MULTI_HIT_N1,0.8330000042915344,20,16,4,0,1.0,0.2,0.8
MULTI_HIT_N1,0.8339999914169312,20,16,4,0,1.0,0.2,0.8
MULTI_HIT_N1,0.8349999785423279,20,16,4,0,1.0,0.2,0.8
MULTI_HIT_N1,0.8360000252723694,20,16,4,0,1.0,0.2,0.8
MULTI_HIT_N1,0.8370000123977661,20,16,4,0,1.0,0.2,0.8
MULTI_HIT_N1,0.8379999995231628,20,16,4,0,1.0,0.2,0.8
MULTI_HIT_N1,0.8389999866485596,20,15,5,0,1.0,0.25,0.75
MULTI_HIT_N1,0.8399999737739563,20,15,5,0,1.0,0.25,0.75
MULTI_HIT_N1,0.8410000205039978,20,15,5,0,1.0,0.25,0.75
MULTI_HIT_N1,0.8420000076293945,20,15,5,0,1.0,0.25,0.75
MULTI_HIT_N1,0.8429999947547913,20,15,5,0,1.0,0.25,0.75
MULTI_HIT_N1,0.843999981880188,20,14,6,0,1.0,0.3,0.7
MULTI_HIT_N1,0.8450000286102295,20,14,6,0,1.0,0.3,0.7
MULTI_HIT_N1,0.8460000157356262,20,14,6,0,1.0,0.3,0.7
MULTI_HIT_N1,0.847000002861023,20,13,7,0,1.0,0.35,0.65
MULTI_HIT_N1,0.8479999899864197,20,13,7,0,1.0,0.35,0.65
MULTI_HIT_N1,0.8489999771118164,20,13,7,0,1.0,0.35,0.65
MULTI_HIT_N1,0.8500000238418579,20,13,7,0,1.0,0.35,0.65
MULTI_HIT_N1,0.8510000109672546,20,13,7,0,1.0,0.35,0.65
MULTI_HIT_N1,0.8519999980926514,20,13,7,0,1.0,0.35,0.65
MULTI_HIT_N1,0.8529999852180481,20,13,7,0,1.0,0.35,0.65
MULTI_HIT_N1,0.8539999723434448,20,12,8,0,1.0,0.4,0.6
MULTI_HIT_N1,0.8550000190734863,20,12,8,0,1.0,0.4,0.6
MULTI_HIT_N1,0.8560000061988831,20,12,8,0,1.0,0.4,0.6
MULTI_HIT_N1,0.8569999933242798,20,12,8,0,1.0,0.4,0.6
MULTI_HIT_N1,0.8579999804496765,20,12,8,0,1.0,0.4,0.6
MULTI_HIT_N1,0.859000027179718,20,12,8,0,1.0,0.4,0.6
MULTI_HIT_N1,0.8600000143051147,20,12,8,0,1.0,0.4,0.6
MULTI_HIT_N1,0.8610000014305115,20,12,8,0,1.0,0.4,0.6
MULTI_HIT_N1,0.8619999885559082,20,12,8,0,1.0,0.4,0.6
MULTI_HIT_N1,0.8629999756813049,20,12,8,0,1.0,0.4,0.6
MULTI_HIT_N1,0.8640000224113464,20,12,8,0,1.0,0.4,0.6
MULTI_HIT_N1,0.8650000095367432,19,12,8,1,0.95,0.4,0.6
MULTI_HIT_N1,0.8659999966621399,19,12,8,1,0.95,0.4,0.6
MULTI_HIT_N1,0.8669999837875366,19,12,8,1,0.95,0.4,0.6
MULTI_HIT_N1,0.8679999709129333,19,12,8,1,0.95,0.4,0.6
MULTI_HIT_N1,0.8690000176429749,19,12,8,1,0.95,0.4,0.6
MULTI_HIT_N1,0.8700000047683716,19,12,8,1,0.95,0.4,0.6
MULTI_HIT_N1,0.8709999918937683,19,12,8,1,0.95,0.4,0.6
MULTI_HIT_N1,0.871999979019165,19,12,8,1,0.95,0.4,0.6
MULTI_HIT_N1,0.8730000257492065,19,12,8,1,0.95,0.4,0.6
MULTI_HIT_N1,0.8740000128746033,19,12,8,1,0.95,0.4,0.6
MULTI_HIT_N1,0.875,19,12,8,1,0.95,0.4,0.6
MULTI_HIT_N1,0.8759999871253967,19,12,8,1,0.95,0.4,0.6
MULTI_HIT_N1,0.8769999742507935,19,12,8,1,0.95,0.4,0.6
MULTI_HIT_N1,0.878000020980835,19,12,8,1,0.95,0.4,0.6
MULTI_HIT_N1,0.8790000081062317,19,12,8,1,0.95,0.4,0.6
MULTI_HIT_N1,0.8799999952316284,19,12,8,1,0.95,0.4,0.6
MULTI_HIT_N1,0.8809999823570251,19,12,8,1,0.95,0.4,0.6
MULTI_HIT_N1,0.8820000290870667,19,12,8,1,0.95,0.4,0.6
MULTI_HIT_N1,0.8830000162124634,19,12,8,1,0.95,0.4,0.6
MULTI_HIT_N1,0.8840000033378601,19,12,8,1,0.95,0.4,0.6
MULTI_HIT_N1,0.8849999904632568,19,12,8,1,0.95,0.4,0.6
MULTI_HIT_N1,0.8859999775886536,19,12,8,1,0.95,0.4,0.6
MULTI_HIT_N1,0.8870000243186951,19,12,8,1,0.95,0.4,0.6
MULTI_HIT_N1,0.8880000114440918,19,12,8,1,0.95,0.4,0.6
MULTI_HIT_N1,0.8889999985694885,19,12,8,1,0.95,0.4,0.6
MULTI_HIT_N1,0.8899999856948853,19,12,8,1,0.95,0.4,0.6
MULTI_HIT_N1,0.890999972820282,19,12,8,1,0.95,0.4,0.6
MULTI_HIT_N1,0.8920000195503235,19,12,8,1,0.95,0.4,0.6
MULTI_HIT_N1,0.8930000066757202,19,12,8,1,0.95,0.4,0.6
MULTI_HIT_N1,0.8939999938011169,19,12,8,1,0.95,0.4,0.6
MULTI_HIT_N1,0.8949999809265137,19,12,8,1,0.95,0.4,0.6
MULTI_HIT_N1,0.8960000276565552,19,11,9,1,0.95,0.45,0.55
MULTI_HIT_N1,0.8970000147819519,19,11,9,1,0.95,0.45,0.55
MULTI_HIT_N1,0.8980000019073486,19,11,9,1,0.95,0.45,0.55
MULTI_HIT_N1,0.8989999890327454,19,11,9,1,0.95,0.45,0.55
MULTI_HIT_N1,0.8999999761581421,19,11,9,1,0.95,0.45,0.55
MULTI_HIT_N1,0.9010000228881836,19,11,9,1,0.95,0.45,0.55
MULTI_HIT_N1,0.9020000100135803,19,11,9,1,0.95,0.45,0.55
MULTI_HIT_N1,0.902999997138977,19,11,9,1,0.95,0.45,0.55
MULTI_HIT_N1,0.9039999842643738,19,11,9,1,0.95,0.45,0.55
MULTI_HIT_N1,0.9049999713897705,18,11,9,2,0.9,0.45,0.55
MULTI_HIT_N1,0.906000018119812,18,11,9,2,0.9,0.45,0.55
MULTI_HIT_N1,0.9070000052452087,17,11,9,3,0.85,0.45,0.55
MULTI_HIT_N1,0.9079999923706055,17,11,9,3,0.85,0.45,0.55
MULTI_HIT_N1,0.9089999794960022,17,11,9,3,0.85,0.45,0.55
MULTI_HIT_N1,0.9100000262260437,17,11,9,3,0.85,0.45,0.55
MULTI_HIT_N1,0.9110000133514404,17,11,9,3,0.85,0.45,0.55
MULTI_HIT_N1,0.9120000004768372,17,10,10,3,0.85,0.5,0.5
MULTI_HIT_N1,0.9129999876022339,17,10,10,3,0.85,0.5,0.5
MULTI_HIT_N1,0.9139999747276306,17,9,11,3,0.85,0.55,0.45
MULTI_HIT_N1,0.9150000214576721,17,8,12,3,0.85,0.6,0.4
MULTI_HIT_N1,0.9160000085830688,17,8,12,3,0.85,0.6,0.4
MULTI_HIT_N1,0.9169999957084656,17,8,12,3,0.85,0.6,0.4
MULTI_HIT_N1,0.9179999828338623,17,8,12,3,0.85,0.6,0.4
MULTI_HIT_N1,0.9190000295639038,17,8,12,3,0.85,0.6,0.4
MULTI_HIT_N1,0.9200000166893005,17,8,12,3,0.85,0.6,0.4
MULTI_HIT_N1,0.9210000038146973,17,8,12,3,0.85,0.6,0.4
MULTI_HIT_N1,0.921999990940094,17,8,12,3,0.85,0.6,0.4
MULTI_HIT_N1,0.9229999780654907,17,8,12,3,0.85,0.6,0.4
MULTI_HIT_N1,0.9240000247955322,17,8,12,3,0.85,0.6,0.4
MULTI_HIT_N1,0.925000011920929,17,8,12,3,0.85,0.6,0.4
MULTI_HIT_N1,0.9259999990463257,17,8,12,3,0.85,0.6,0.4
MULTI_HIT_N1,0.9269999861717224,16,8,12,4,0.8,0.6,0.4
MULTI_HIT_N1,0.9279999732971191,16,8,12,4,0.8,0.6,0.4
MULTI_HIT_N1,0.9290000200271606,16,8,12,4,0.8,0.6,0.4
MULTI_HIT_N1,0.9300000071525574,16,8,12,4,0.8,0.6,0.4
MULTI_HIT_N1,0.9309999942779541,16,7,13,4,0.8,0.65,0.35
MULTI_HIT_N1,0.9319999814033508,16,7,13,4,0.8,0.65,0.35
MULTI_HIT_N1,0.9330000281333923,16,7,13,4,0.8,0.65,0.35
MULTI_HIT_N1,0.9340000152587891,16,7,13,4,0.8,0.65,0.35
MULTI_HIT_N1,0.9350000023841858,16,7,13,4,0.8,0.65,0.35
MULTI_HIT_N1,0.9359999895095825,15,7,13,5,0.75,0.65,0.35
MULTI_HIT_N1,0.9369999766349792,15,7,13,5,0.75,0.65,0.35
MULTI_HIT_N1,0.9380000233650208,14,7,13,6,0.7,0.65,0.35
MULTI_HIT_N1,0.9390000104904175,14,7,13,6,0.7,0.65,0.35
MULTI_HIT_N1,0.9399999976158142,14,7,13,6,0.7,0.65,0.35
MULTI_HIT_N1,0.9409999847412109,14,7,13,6,0.7,0.65,0.35
MULTI_HIT_N1,0.9419999718666077,14,7,13,6,0.7,0.65,0.35
MULTI_HIT_N1,0.9430000185966492,13,7,13,7,0.65,0.65,0.35
MULTI_HIT_N1,0.9440000057220459,13,6,14,7,0.65,0.7,0.3
MULTI_HIT_N1,0.9449999928474426,13,6,14,7,0.65,0.7,0.3
MULTI_HIT_N1,0.9459999799728394,13,6,14,7,0.65,0.7,0.3
MULTI_HIT_N1,0.9470000267028809,13,6,14,7,0.65,0.7,0.3
MULTI_HIT_N1,0.9480000138282776,13,6,14,7,0.65,0.7,0.3
MULTI_HIT_N1,0.9490000009536743,13,6,14,7,0.65,0.7,0.3
MULTI_HIT_N1,0.949999988079071,12,5,15,8,0.6,0.75,0.25
MULTI_HIT_N1,0.9509999752044678,12,5,15,8,0.6,0.75,0.25
MULTI_HIT_N1,0.9520000219345093,12,5,15,8,0.6,0.75,0.25
MULTI_HIT_N1,0.953000009059906,12,5,15,8,0.6,0.75,0.25
MULTI_HIT_N1,0.9539999961853027,12,5,15,8,0.6,0.75,0.25
MULTI_HIT_N1,0.9549999833106995,11,5,15,9,0.55,0.75,0.25
MULTI_HIT_N1,0.9559999704360962,11,5,15,9,0.55,0.75,0.25
MULTI_HIT_N1,0.9570000171661377,11,5,15,9,0.55,0.75,0.25
MULTI_HIT_N1,0.9580000042915344,11,5,15,9,0.55,0.75,0.25
MULTI_HIT_N1,0.9589999914169312,11,5,15,9,0.55,0.75,0.25
MULTI_HIT_N1,0.9599999785423279,11,4,16,9,0.55,0.8,0.2
MULTI_HIT_N1,0.9610000252723694,11,4,16,9,0.55,0.8,0.2
MULTI_HIT_N1,0.9620000123977661,11,4,16,9,0.55,0.8,0.2
MULTI_HIT_N1,0.9629999995231628,11,4,16,9,0.55,0.8,0.2
MULTI_HIT_N1,0.9639999866485596,11,4,16,9,0.55,0.8,0.2
MULTI_HIT_N1,0.9649999737739563,11,4,16,9,0.55,0.8,0.2
MULTI_HIT_N1,0.9660000205039978,11,4,16,9,0.55,0.8,0.2
MULTI_HIT_N1,0.9670000076293945,11,4,16,9,0.55,0.8,0.2
MULTI_HIT_N1,0.9679999947547913,11,4,16,9,0.55,0.8,0.2
MULTI_HIT_N1,0.968999981880188,11,4,16,9,0.55,0.8,0.2
MULTI_HIT_N1,0.9700000286102295,11,4,16,9,0.55,0.8,0.2
MULTI_HIT_N1,0.9710000157356262,11,4,16,9,0.55,0.8,0.2
MULTI_HIT_N1,0.972000002861023,10,4,16,10,0.5,0.8,0.2
MULTI_HIT_N1,0.9729999899864197,10,4,16,10,0.5,0.8,0.2
MULTI_HIT_N1,0.9739999771118164,10,4,16,10,0.5,0.8,0.2
MULTI_HIT_N1,0.9750000238418579,10,3,17,10,0.5,0.85,0.15
MULTI_HIT_N1,0.9760000109672546,10,2,18,10,0.5,0.9,0.1
MULTI_HIT_N1,0.9769999980926514,9,1,19,11,0.45,0.95,0.05
MULTI_HIT_N1,0.9779999852180481,8,1,19,12,0.4,0.95,0.05
MULTI_HIT_N1,0.9789999723434448,8,1,19,12,0.4,0.95,0.05
MULTI_HIT_N1,0.9800000190734863,8,1,19,12,0.4,0.95,0.05
MULTI_HIT_N1,0.9810000061988831,8,1,19,12,0.4,0.95,0.05
MULTI_HIT_N1,0.9819999933242798,8,1,19,12,0.4,0.95,0.05
MULTI_HIT_N1,0.9829999804496765,7,1,19,13,0.35,0.95,0.05
MULTI_HIT_N1,0.984000027179718,7,0,20,13,0.35,1.0,0.0
MULTI_HIT_N1,0.9850000143051147,7,0,20,13,0.35,1.0,0.0
MULTI_HIT_N1,0.9860000014305115,6,0,20,14,0.3,1.0,0.0
MULTI_HIT_N1,0.9869999885559082,5,0,20,15,0.25,1.0,0.0
MULTI_HIT_N1,0.9879999756813049,4,0,20,16,0.2,1.0,0.0
MULTI_HIT_N1,0.9890000224113464,3,0,20,17,0.15,1.0,0.0
MULTI_HIT_N1,0.9900000095367432,3,0,20,17,0.15,1.0,0.0
MULTI_HIT_N1,0.9909999966621399,3,0,20,17,0.15,1.0,0.0
MULTI_HIT_N1,0.9919999837875366,3,0,20,17,0.15,1.0,0.0
MULTI_HIT_N1,0.9929999709129333,3,0,20,17,0.15,1.0,0.0
MULTI_HIT_N1,0.9940000176429749,3,0,20,17,0.15,1.0,0.0
MULTI_HIT_N1,0.9950000047683716,2,0,20,18,0.1,1.0,0.0
MULTI_HIT_N1,0.9959999918937683,2,0,20,18,0.1,1.0,0.0
MULTI_HIT_N1,0.996999979019165,1,0,20,19,0.05,1.0,0.0
MULTI_HIT_N1,0.9980000257492065,0,0,20,20,0.0,1.0,0.0
MULTI_HIT_N1,0.9990000128746033,0,0,20,20,0.0,1.0,0.0
MULTI_HIT_N1,1.0,0,0,20,20,0.0,1.0,0.0
MULTI_HIT_N2,0.0,20,20,0,0,1.0,0.0,1.0
MULTI_HIT_N2,0.0010000000474974513,20,20,0,0,1.0,0.0,1.0
MULTI_HIT_N2,0.0020000000949949026,20,20,0,0,1.0,0.0,1.0
MULTI_HIT_N2,0.003000000026077032,20,20,0,0,1.0,0.0,1.0
MULTI_HIT_N2,0.004000000189989805,20,20,0,0,1.0,0.0,1.0
MULTI_HIT_N2,0.004999999888241291,20,20,0,0,1.0,0.0,1.0
MULTI_HIT_N2,0.006000000052154064,20,20,0,0,1.0,0.0,1.0
MULTI_HIT_N2,0.007000000216066837,20,20,0,0,1.0,0.0,1.0
MULTI_HIT_N2,0.00800000037997961,20,20,0,0,1.0,0.0,1.0
MULTI_HIT_N2,0.008999999612569809,20,20,0,0,1.0,0.0,1.0
MULTI_HIT_N2,0.009999999776482582,20,20,0,0,1.0,0.0,1.0
MULTI_HIT_N2,0.010999999940395355,20,20,0,0,1.0,0.0,1.0
MULTI_HIT_N2,0.012000000104308128,20,20,0,0,1.0,0.0,1.0
MULTI_HIT_N2,0.013000000268220901,20,20,0,0,1.0,0.0,1.0
MULTI_HIT_N2,0.014000000432133675,20,20,0,0,1.0,0.0,1.0
MULTI_HIT_N2,0.014999999664723873,20,20,0,0,1.0,0.0,1.0
MULTI_HIT_N2,0.01600000075995922,20,20,0,0,1.0,0.0,1.0
MULTI_HIT_N2,0.017000000923871994,20,20,0,0,1.0,0.0,1.0
MULTI_HIT_N2,0.017999999225139618,20,20,0,0,1.0,0.0,1.0
MULTI_HIT_N2,0.01899999938905239,20,20,0,0,1.0,0.0,1.0
MULTI_HIT_N2,0.019999999552965164,20,20,0,0,1.0,0.0,1.0
MULTI_HIT_N2,0.020999999716877937,20,20,0,0,1.0,0.0,1.0
MULTI_HIT_N2,0.02199999988079071,20,20,0,0,1.0,0.0,1.0
MULTI_HIT_N2,0.023000000044703484,20,20,0,0,1.0,0.0,1.0
MULTI_HIT_N2,0.024000000208616257,20,20,0,0,1.0,0.0,1.0
MULTI_HIT_N2,0.02500000037252903,20,20,0,0,1.0,0.0,1.0
MULTI_HIT_N2,0.026000000536441803,20,20,0,0,1.0,0.0,1.0
MULTI_HIT_N2,0.027000000700354576,20,20,0,0,1.0,0.0,1.0
MULTI_HIT_N2,0.02800000086426735,20,20,0,0,1.0,0.0,1.0
MULTI_HIT_N2,0.028999999165534973,20,20,0,0,1.0,0.0,1.0
MULTI_HIT_N2,0.029999999329447746,20,20,0,0,1.0,0.0,1.0
MULTI_HIT_N2,0.03099999949336052,20,20,0,0,1.0,0.0,1.0
MULTI_HIT_N2,0.03200000151991844,20,20,0,0,1.0,0.0,1.0
MULTI_HIT_N2,0.032999999821186066,20,20,0,0,1.0,0.0,1.0
MULTI_HIT_N2,0.03400000184774399,20,20,0,0,1.0,0.0,1.0
MULTI_HIT_N2,0.03500000014901161,20,20,0,0,1.0,0.0,1.0
MULTI_HIT_N2,0.035999998450279236,20,20,0,0,1.0,0.0,1.0
MULTI_HIT_N2,0.03700000047683716,20,20,0,0,1.0,0.0,1.0
MULTI_HIT_N2,0.03799999877810478,20,20,0,0,1.0,0.0,1.0
MULTI_HIT_N2,0.039000000804662704,20,20,0,0,1.0,0.0,1.0
MULTI_HIT_N2,0.03999999910593033,20,20,0,0,1.0,0.0,1.0
MULTI_HIT_N2,0.04100000113248825,20,20,0,0,1.0,0.0,1.0
MULTI_HIT_N2,0.041999999433755875,20,20,0,0,1.0,0.0,1.0
MULTI_HIT_N2,0.0430000014603138,20,20,0,0,1.0,0.0,1.0
MULTI_HIT_N2,0.04399999976158142,20,20,0,0,1.0,0.0,1.0
MULTI_HIT_N2,0.04500000178813934,20,20,0,0,1.0,0.0,1.0
MULTI_HIT_N2,0.04600000008940697,20,20,0,0,1.0,0.0,1.0
MULTI_HIT_N2,0.04699999839067459,20,20,0,0,1.0,0.0,1.0
MULTI_HIT_N2,0.04800000041723251,20,20,0,0,1.0,0.0,1.0
MULTI_HIT_N2,0.04899999871850014,20,20,0,0,1.0,0.0,1.0
MULTI_HIT_N2,0.05000000074505806,20,20,0,0,1.0,0.0,1.0
MULTI_HIT_N2,0.050999999046325684,20,20,0,0,1.0,0.0,1.0
MULTI_HIT_N2,0.052000001072883606,20,20,0,0,1.0,0.0,1.0
MULTI_HIT_N2,0.05299999937415123,20,20,0,0,1.0,0.0,1.0
MULTI_HIT_N2,0.05400000140070915,20,20,0,0,1.0,0.0,1.0
MULTI_HIT_N2,0.054999999701976776,20,20,0,0,1.0,0.0,1.0
MULTI_HIT_N2,0.0560000017285347,20,20,0,0,1.0,0.0,1.0
MULTI_HIT_N2,0.05700000002980232,20,20,0,0,1.0,0.0,1.0
MULTI_HIT_N2,0.057999998331069946,20,20,0,0,1.0,0.0,1.0
MULTI_HIT_N2,0.05900000035762787,20,20,0,0,1.0,0.0,1.0
MULTI_HIT_N2,0.05999999865889549,20,20,0,0,1.0,0.0,1.0
MULTI_HIT_N2,0.061000000685453415,20,20,0,0,1.0,0.0,1.0
MULTI_HIT_N2,0.06199999898672104,20,20,0,0,1.0,0.0,1.0
MULTI_HIT_N2,0.06300000101327896,20,20,0,0,1.0,0.0,1.0
MULTI_HIT_N2,0.06400000303983688,20,20,0,0,1.0,0.0,1.0
MULTI_HIT_N2,0.06499999761581421,20,20,0,0,1.0,0.0,1.0
MULTI_HIT_N2,0.06599999964237213,20,20,0,0,1.0,0.0,1.0
MULTI_HIT_N2,0.06700000166893005,20,20,0,0,1.0,0.0,1.0
MULTI_HIT_N2,0.06800000369548798,20,20,0,0,1.0,0.0,1.0
MULTI_HIT_N2,0.0689999982714653,20,20,0,0,1.0,0.0,1.0
MULTI_HIT_N2,0.07000000029802322,20,20,0,0,1.0,0.0,1.0
MULTI_HIT_N2,0.07100000232458115,20,20,0,0,1.0,0.0,1.0
MULTI_HIT_N2,0.07199999690055847,20,20,0,0,1.0,0.0,1.0
MULTI_HIT_N2,0.0729999989271164,20,20,0,0,1.0,0.0,1.0
MULTI_HIT_N2,0.07400000095367432,20,20,0,0,1.0,0.0,1.0
MULTI_HIT_N2,0.07500000298023224,20,20,0,0,1.0,0.0,1.0
MULTI_HIT_N2,0.07599999755620956,20,20,0,0,1.0,0.0,1.0
MULTI_HIT_N2,0.07699999958276749,20,20,0,0,1.0,0.0,1.0
MULTI_HIT_N2,0.07800000160932541,20,20,0,0,1.0,0.0,1.0
MULTI_HIT_N2,0.07900000363588333,20,20,0,0,1.0,0.0,1.0
MULTI_HIT_N2,0.07999999821186066,20,20,0,0,1.0,0.0,1.0
MULTI_HIT_N2,0.08100000023841858,20,20,0,0,1.0,0.0,1.0
MULTI_HIT_N2,0.0820000022649765,20,20,0,0,1.0,0.0,1.0
MULTI_HIT_N2,0.08299999684095383,20,20,0,0,1.0,0.0,1.0
MULTI_HIT_N2,0.08399999886751175,20,20,0,0,1.0,0.0,1.0
MULTI_HIT_N2,0.08500000089406967,20,20,0,0,1.0,0.0,1.0
MULTI_HIT_N2,0.0860000029206276,20,20,0,0,1.0,0.0,1.0
MULTI_HIT_N2,0.08699999749660492,20,20,0,0,1.0,0.0,1.0
MULTI_HIT_N2,0.08799999952316284,20,20,0,0,1.0,0.0,1.0
MULTI_HIT_N2,0.08900000154972076,20,20,0,0,1.0,0.0,1.0
MULTI_HIT_N2,0.09000000357627869,20,20,0,0,1.0,0.0,1.0
MULTI_HIT_N2,0.09099999815225601,20,20,0,0,1.0,0.0,1.0
MULTI_HIT_N2,0.09200000017881393,20,20,0,0,1.0,0.0,1.0
MULTI_HIT_N2,0.09300000220537186,20,20,0,0,1.0,0.0,1.0
MULTI_HIT_N2,0.09399999678134918,20,20,0,0,1.0,0.0,1.0
MULTI_HIT_N2,0.0949999988079071,20,20,0,0,1.0,0.0,1.0
MULTI_HIT_N2,0.09600000083446503,20,20,0,0,1.0,0.0,1.0
MULTI_HIT_N2,0.09700000286102295,20,20,0,0,1.0,0.0,1.0
MULTI_HIT_N2,0.09799999743700027,20,20,0,0,1.0,0.0,1.0
MULTI_HIT_N2,0.0989999994635582,20,20,0,0,1.0,0.0,1.0
MULTI_HIT_N2,0.10000000149011612,20,20,0,0,1.0,0.0,1.0
MULTI_HIT_N2,0.10100000351667404,20,20,0,0,1.0,0.0,1.0
MULTI_HIT_N2,0.10199999809265137,20,20,0,0,1.0,0.0,1.0
MULTI_HIT_N2,0.10300000011920929,20,20,0,0,1.0,0.0,1.0
MULTI_HIT_N2,0.10400000214576721,20,20,0,0,1.0,0.0,1.0
MULTI_HIT_N2,0.10499999672174454,20,20,0,0,1.0,0.0,1.0
MULTI_HIT_N2,0.10599999874830246,20,20,0,0,1.0,0.0,1.0
MULTI_HIT_N2,0.10700000077486038,20,20,0,0,1.0,0.0,1.0
MULTI_HIT_N2,0.1080000028014183,20,20,0,0,1.0,0.0,1.0
MULTI_HIT_N2,0.10899999737739563,20,20,0,0,1.0,0.0,1.0
MULTI_HIT_N2,0.10999999940395355,20,20,0,0,1.0,0.0,1.0
MULTI_HIT_N2,0.11100000143051147,20,20,0,0,1.0,0.0,1.0
MULTI_HIT_N2,0.1120000034570694,20,20,0,0,1.0,0.0,1.0
MULTI_HIT_N2,0.11299999803304672,20,20,0,0,1.0,0.0,1.0
MULTI_HIT_N2,0.11400000005960464,20,20,0,0,1.0,0.0,1.0
MULTI_HIT_N2,0.11500000208616257,20,20,0,0,1.0,0.0,1.0
MULTI_HIT_N2,0.11599999666213989,20,20,0,0,1.0,0.0,1.0
MULTI_HIT_N2,0.11699999868869781,20,20,0,0,1.0,0.0,1.0
MULTI_HIT_N2,0.11800000071525574,20,20,0,0,1.0,0.0,1.0
MULTI_HIT_N2,0.11900000274181366,20,20,0,0,1.0,0.0,1.0
MULTI_HIT_N2,0.11999999731779099,20,20,0,0,1.0,0.0,1.0
MULTI_HIT_N2,0.12099999934434891,20,20,0,0,1.0,0.0,1.0
MULTI_HIT_N2,0.12200000137090683,20,20,0,0,1.0,0.0,1.0
MULTI_HIT_N2,0.12300000339746475,20,20,0,0,1.0,0.0,1.0
MULTI_HIT_N2,0.12399999797344208,20,20,0,0,1.0,0.0,1.0
MULTI_HIT_N2,0.125,20,20,0,0,1.0,0.0,1.0
MULTI_HIT_N2,0.12600000202655792,20,20,0,0,1.0,0.0,1.0
MULTI_HIT_N2,0.12700000405311584,20,20,0,0,1.0,0.0,1.0
MULTI_HIT_N2,0.12800000607967377,20,20,0,0,1.0,0.0,1.0
MULTI_HIT_N2,0.1289999932050705,20,20,0,0,1.0,0.0,1.0
MULTI_HIT_N2,0.12999999523162842,20,20,0,0,1.0,0.0,1.0
MULTI_HIT_N2,0.13099999725818634,20,20,0,0,1.0,0.0,1.0
MULTI_HIT_N2,0.13199999928474426,20,20,0,0,1.0,0.0,1.0
MULTI_HIT_N2,0.13300000131130219,20,20,0,0,1.0,0.0,1.0
MULTI_HIT_N2,0.1340000033378601,20,20,0,0,1.0,0.0,1.0
MULTI_HIT_N2,0.13500000536441803,20,20,0,0,1.0,0.0,1.0
MULTI_HIT_N2,0.13600000739097595,20,20,0,0,1.0,0.0,1.0
MULTI_HIT_N2,0.13699999451637268,20,20,0,0,1.0,0.0,1.0
MULTI_HIT_N2,0.1379999965429306,20,20,0,0,1.0,0.0,1.0
MULTI_HIT_N2,0.13899999856948853,20,20,0,0,1.0,0.0,1.0
MULTI_HIT_N2,0.14000000059604645,20,20,0,0,1.0,0.0,1.0
MULTI_HIT_N2,0.14100000262260437,20,20,0,0,1.0,0.0,1.0
MULTI_HIT_N2,0.1420000046491623,20,20,0,0,1.0,0.0,1.0
MULTI_HIT_N2,0.14300000667572021,20,20,0,0,1.0,0.0,1.0
MULTI_HIT_N2,0.14399999380111694,20,20,0,0,1.0,0.0,1.0
MULTI_HIT_N2,0.14499999582767487,20,20,0,0,1.0,0.0,1.0
MULTI_HIT_N2,0.1459999978542328,20,20,0,0,1.0,0.0,1.0
MULTI_HIT_N2,0.1469999998807907,20,20,0,0,1.0,0.0,1.0
MULTI_HIT_N2,0.14800000190734863,20,20,0,0,1.0,0.0,1.0
MULTI_HIT_N2,0.14900000393390656,20,20,0,0,1.0,0.0,1.0
MULTI_HIT_N2,0.15000000596046448,20,20,0,0,1.0,0.0,1.0
MULTI_HIT_N2,0.1509999930858612,20,20,0,0,1.0,0.0,1.0
MULTI_HIT_N2,0.15199999511241913,20,20,0,0,1.0,0.0,1.0
MULTI_HIT_N2,0.15299999713897705,20,20,0,0,1.0,0.0,1.0
MULTI_HIT_N2,0.15399999916553497,20,20,0,0,1.0,0.0,1.0
MULTI_HIT_N2,0.1550000011920929,20,20,0,0,1.0,0.0,1.0
MULTI_HIT_N2,0.15600000321865082,20,20,0,0,1.0,0.0,1.0
MULTI_HIT_N2,0.15700000524520874,20,20,0,0,1.0,0.0,1.0
MULTI_HIT_N2,0.15800000727176666,20,20,0,0,1.0,0.0,1.0
MULTI_HIT_N2,0.1589999943971634,20,20,0,0,1.0,0.0,1.0
MULTI_HIT_N2,0.1599999964237213,20,20,0,0,1.0,0.0,1.0
MULTI_HIT_N2,0.16099999845027924,20,20,0,0,1.0,0.0,1.0
MULTI_HIT_N2,0.16200000047683716,20,20,0,0,1.0,0.0,1.0
MULTI_HIT_N2,0.16300000250339508,20,20,0,0,1.0,0.0,1.0
MULTI_HIT_N2,0.164000004529953,20,20,0,0,1.0,0.0,1.0
MULTI_HIT_N2,0.16500000655651093,20,20,0,0,1.0,0.0,1.0
MULTI_HIT_N2,0.16599999368190765,20,20,0,0,1.0,0.0,1.0
MULTI_HIT_N2,0.16699999570846558,20,20,0,0,1.0,0.0,1.0
MULTI_HIT_N2,0.1679999977350235,20,20,0,0,1.0,0.0,1.0
MULTI_HIT_N2,0.16899999976158142,20,20,0,0,1.0,0.0,1.0
MULTI_HIT_N2,0.17000000178813934,20,20,0,0,1.0,0.0,1.0
MULTI_HIT_N2,0.17100000381469727,20,20,0,0,1.0,0.0,1.0
MULTI_HIT_N2,0.1720000058412552,20,20,0,0,1.0,0.0,1.0
MULTI_HIT_N2,0.17299999296665192,20,20,0,0,1.0,0.0,1.0
MULTI_HIT_N2,0.17399999499320984,20,20,0,0,1.0,0.0,1.0
MULTI_HIT_N2,0.17499999701976776,20,20,0,0,1.0,0.0,1.0
MULTI_HIT_N2,0.17599999904632568,20,20,0,0,1.0,0.0,1.0
MULTI_HIT_N2,0.1770000010728836,20,20,0,0,1.0,0.0,1.0
MULTI_HIT_N2,0.17800000309944153,20,20,0,0,1.0,0.0,1.0
MULTI_HIT_N2,0.17900000512599945,20,20,0,0,1.0,0.0,1.0
MULTI_HIT_N2,0.18000000715255737,20,20,0,0,1.0,0.0,1.0
MULTI_HIT_N2,0.1809999942779541,20,20,0,0,1.0,0.0,1.0
MULTI_HIT_N2,0.18199999630451202,20,20,0,0,1.0,0.0,1.0
MULTI_HIT_N2,0.18299999833106995,20,20,0,0,1.0,0.0,1.0
MULTI_HIT_N2,0.18400000035762787,20,20,0,0,1.0,0.0,1.0
MULTI_HIT_N2,0.1850000023841858,20,20,0,0,1.0,0.0,1.0
MULTI_HIT_N2,0.1860000044107437,20,20,0,0,1.0,0.0,1.0
MULTI_HIT_N2,0.18700000643730164,20,20,0,0,1.0,0.0,1.0
MULTI_HIT_N2,0.18799999356269836,20,20,0,0,1.0,0.0,1.0
MULTI_HIT_N2,0.1889999955892563,20,20,0,0,1.0,0.0,1.0
MULTI_HIT_N2,0.1899999976158142,20,20,0,0,1.0,0.0,1.0
MULTI_HIT_N2,0.19099999964237213,20,20,0,0,1.0,0.0,1.0
MULTI_HIT_N2,0.19200000166893005,20,20,0,0,1.0,0.0,1.0
MULTI_HIT_N2,0.19300000369548798,20,20,0,0,1.0,0.0,1.0
MULTI_HIT_N2,0.1940000057220459,20,20,0,0,1.0,0.0,1.0
MULTI_HIT_N2,0.19499999284744263,20,20,0,0,1.0,0.0,1.0
MULTI_HIT_N2,0.19599999487400055,20,20,0,0,1.0,0.0,1.0
MULTI_HIT_N2,0.19699999690055847,20,20,0,0,1.0,0.0,1.0
MULTI_HIT_N2,0.1979999989271164,20,20,0,0,1.0,0.0,1.0
MULTI_HIT_N2,0.19900000095367432,20,20,0,0,1.0,0.0,1.0
MULTI_HIT_N2,0.20000000298023224,20,20,0,0,1.0,0.0,1.0
MULTI_HIT_N2,0.20100000500679016,20,20,0,0,1.0,0.0,1.0
MULTI_HIT_N2,0.20200000703334808,20,20,0,0,1.0,0.0,1.0
MULTI_HIT_N2,0.2029999941587448,20,20,0,0,1.0,0.0,1.0
MULTI_HIT_N2,0.20399999618530273,20,20,0,0,1.0,0.0,1.0
MULTI_HIT_N2,0.20499999821186066,20,20,0,0,1.0,0.0,1.0
MULTI_HIT_N2,0.20600000023841858,20,20,0,0,1.0,0.0,1.0
MULTI_HIT_N2,0.2070000022649765,20,20,0,0,1.0,0.0,1.0
MULTI_HIT_N2,0.20800000429153442,20,20,0,0,1.0,0.0,1.0
MULTI_HIT_N2,0.20900000631809235,20,20,0,0,1.0,0.0,1.0
MULTI_HIT_N2,0.20999999344348907,20,20,0,0,1.0,0.0,1.0
MULTI_HIT_N2,0.210999995470047,20,20,0,0,1.0,0.0,1.0
MULTI_HIT_N2,0.21199999749660492,20,20,0,0,1.0,0.0,1.0
MULTI_HIT_N2,0.21299999952316284,20,20,0,0,1.0,0.0,1.0
MULTI_HIT_N2,0.21400000154972076,20,20,0,0,1.0,0.0,1.0
MULTI_HIT_N2,0.2150000035762787,20,20,0,0,1.0,0.0,1.0
MULTI_HIT_N2,0.2160000056028366,20,20,0,0,1.0,0.0,1.0
MULTI_HIT_N2,0.21699999272823334,20,20,0,0,1.0,0.0,1.0
MULTI_HIT_N2,0.21799999475479126,20,20,0,0,1.0,0.0,1.0
MULTI_HIT_N2,0.21899999678134918,20,20,0,0,1.0,0.0,1.0
MULTI_HIT_N2,0.2199999988079071,20,20,0,0,1.0,0.0,1.0
MULTI_HIT_N2,0.22100000083446503,20,20,0,0,1.0,0.0,1.0
MULTI_HIT_N2,0.22200000286102295,20,20,0,0,1.0,0.0,1.0
MULTI_HIT_N2,0.22300000488758087,20,20,0,0,1.0,0.0,1.0
MULTI_HIT_N2,0.2240000069141388,20,20,0,0,1.0,0.0,1.0
MULTI_HIT_N2,0.22499999403953552,20,20,0,0,1.0,0.0,1.0
MULTI_HIT_N2,0.22599999606609344,20,20,0,0,1.0,0.0,1.0
MULTI_HIT_N2,0.22699999809265137,20,20,0,0,1.0,0.0,1.0
MULTI_HIT_N2,0.2280000001192093,20,20,0,0,1.0,0.0,1.0
MULTI_HIT_N2,0.2290000021457672,20,20,0,0,1.0,0.0,1.0
MULTI_HIT_N2,0.23000000417232513,20,20,0,0,1.0,0.0,1.0
MULTI_HIT_N2,0.23100000619888306,20,20,0,0,1.0,0.0,1.0
MULTI_HIT_N2,0.23199999332427979,20,20,0,0,1.0,0.0,1.0
MULTI_HIT_N2,0.2329999953508377,20,20,0,0,1.0,0.0,1.0
MULTI_HIT_N2,0.23399999737739563,20,20,0,0,1.0,0.0,1.0
MULTI_HIT_N2,0.23499999940395355,20,20,0,0,1.0,0.0,1.0
MULTI_HIT_N2,0.23600000143051147,20,20,0,0,1.0,0.0,1.0
MULTI_HIT_N2,0.2370000034570694,20,20,0,0,1.0,0.0,1.0
MULTI_HIT_N2,0.23800000548362732,20,20,0,0,1.0,0.0,1.0
MULTI_HIT_N2,0.23899999260902405,20,20,0,0,1.0,0.0,1.0
MULTI_HIT_N2,0.23999999463558197,20,20,0,0,1.0,0.0,1.0
MULTI_HIT_N2,0.2409999966621399,20,20,0,0,1.0,0.0,1.0
MULTI_HIT_N2,0.24199999868869781,20,20,0,0,1.0,0.0,1.0
MULTI_HIT_N2,0.24300000071525574,20,20,0,0,1.0,0.0,1.0
MULTI_HIT_N2,0.24400000274181366,20,20,0,0,1.0,0.0,1.0
MULTI_HIT_N2,0.24500000476837158,20,20,0,0,1.0,0.0,1.0
MULTI_HIT_N2,0.2460000067949295,20,20,0,0,1.0,0.0,1.0
MULTI_HIT_N2,0.24699999392032623,20,20,0,0,1.0,0.0,1.0
MULTI_HIT_N2,0.24799999594688416,20,20,0,0,1.0,0.0,1.0
MULTI_HIT_N2,0.24899999797344208,20,20,0,0,1.0,0.0,1.0
MULTI_HIT_N2,0.25,20,20,0,0,1.0,0.0,1.0
MULTI_HIT_N2,0.25099998712539673,20,20,0,0,1.0,0.0,1.0
MULTI_HIT_N2,0.25200000405311584,20,20,0,0,1.0,0.0,1.0
MULTI_HIT_N2,0.2529999911785126,20,20,0,0,1.0,0.0,1.0
MULTI_HIT_N2,0.2540000081062317,20,20,0,0,1.0,0.0,1.0
MULTI_HIT_N2,0.2549999952316284,20,20,0,0,1.0,0.0,1.0
MULTI_HIT_N2,0.25600001215934753,20,20,0,0,1.0,0.0,1.0
MULTI_HIT_N2,0.25699999928474426,20,20,0,0,1.0,0.0,1.0
MULTI_HIT_N2,0.257999986410141,20,20,0,0,1.0,0.0,1.0
MULTI_HIT_N2,0.2590000033378601,20,20,0,0,1.0,0.0,1.0
MULTI_HIT_N2,0.25999999046325684,20,20,0,0,1.0,0.0,1.0
MULTI_HIT_N2,0.26100000739097595,20,20,0,0,1.0,0.0,1.0
MULTI_HIT_N2,0.2619999945163727,20,20,0,0,1.0,0.0,1.0
MULTI_HIT_N2,0.2630000114440918,20,20,0,0,1.0,0.0,1.0
MULTI_HIT_N2,0.2639999985694885,20,20,0,0,1.0,0.0,1.0
MULTI_HIT_N2,0.26499998569488525,20,20,0,0,1.0,0.0,1.0
MULTI_HIT_N2,0.26600000262260437,20,20,0,0,1.0,0.0,1.0
MULTI_HIT_N2,0.2669999897480011,20,20,0,0,1.0,0.0,1.0
MULTI_HIT_N2,0.2680000066757202,20,20,0,0,1.0,0.0,1.0
MULTI_HIT_N2,0.26899999380111694,20,20,0,0,1.0,0.0,1.0
MULTI_HIT_N2,0.27000001072883606,20,20,0,0,1.0,0.0,1.0
MULTI_HIT_N2,0.2709999978542328,20,20,0,0,1.0,0.0,1.0
MULTI_HIT_N2,0.2720000147819519,20,20,0,0,1.0,0.0,1.0
MULTI_HIT_N2,0.27300000190734863,20,20,0,0,1.0,0.0,1.0
MULTI_HIT_N2,0.27399998903274536,20,20,0,0,1.0,0.0,1.0
MULTI_HIT_N2,0.2750000059604645,20,20,0,0,1.0,0.0,1.0
MULTI_HIT_N2,0.2759999930858612,20,20,0,0,1.0,0.0,1.0
MULTI_HIT_N2,0.2770000100135803,20,20,0,0,1.0,0.0,1.0
MULTI_HIT_N2,0.27799999713897705,20,20,0,0,1.0,0.0,1.0
MULTI_HIT_N2,0.27900001406669617,20,20,0,0,1.0,0.0,1.0
MULTI_HIT_N2,0.2800000011920929,20,20,0,0,1.0,0.0,1.0
MULTI_HIT_N2,0.2809999883174896,20,20,0,0,1.0,0.0,1.0
MULTI_HIT_N2,0.28200000524520874,20,20,0,0,1.0,0.0,1.0
MULTI_HIT_N2,0.28299999237060547,20,20,0,0,1.0,0.0,1.0
MULTI_HIT_N2,0.2840000092983246,20,20,0,0,1.0,0.0,1.0
MULTI_HIT_N2,0.2849999964237213,20,20,0,0,1.0,0.0,1.0
MULTI_HIT_N2,0.28600001335144043,20,20,0,0,1.0,0.0,1.0
MULTI_HIT_N2,0.28700000047683716,20,20,0,0,1.0,0.0,1.0
MULTI_HIT_N2,0.2879999876022339,20,20,0,0,1.0,0.0,1.0
MULTI_HIT_N2,0.289000004529953,20,20,0,0,1.0,0.0,1.0
MULTI_HIT_N2,0.28999999165534973,20,20,0,0,1.0,0.0,1.0
MULTI_HIT_N2,0.29100000858306885,20,20,0,0,1.0,0.0,1.0
MULTI_HIT_N2,0.2919999957084656,20,20,0,0,1.0,0.0,1.0
MULTI_HIT_N2,0.2930000126361847,20,20,0,0,1.0,0.0,1.0
MULTI_HIT_N2,0.2939999997615814,20,20,0,0,1.0,0.0,1.0
MULTI_HIT_N2,0.29499998688697815,20,20,0,0,1.0,0.0,1.0
MULTI_HIT_N2,0.29600000381469727,20,20,0,0,1.0,0.0,1.0
MULTI_HIT_N2,0.296999990940094,20,20,0,0,1.0,0.0,1.0
MULTI_HIT_N2,0.2980000078678131,20,20,0,0,1.0,0.0,1.0
MULTI_HIT_N2,0.29899999499320984,20,20,0,0,1.0,0.0,1.0
MULTI_HIT_N2,0.30000001192092896,20,20,0,0,1.0,0.0,1.0
MULTI_HIT_N2,0.3009999990463257,20,20,0,0,1.0,0.0,1.0
MULTI_HIT_N2,0.3019999861717224,20,20,0,0,1.0,0.0,1.0
MULTI_HIT_N2,0.30300000309944153,20,20,0,0,1.0,0.0,1.0
MULTI_HIT_N2,0.30399999022483826,20,20,0,0,1.0,0.0,1.0
MULTI_HIT_N2,0.3050000071525574,20,20,0,0,1.0,0.0,1.0
MULTI_HIT_N2,0.3059999942779541,20,20,0,0,1.0,0.0,1.0
MULTI_HIT_N2,0.3070000112056732,20,20,0,0,1.0,0.0,1.0
MULTI_HIT_N2,0.30799999833106995,20,20,0,0,1.0,0.0,1.0
MULTI_HIT_N2,0.3089999854564667,20,20,0,0,1.0,0.0,1.0
MULTI_HIT_N2,0.3100000023841858,20,20,0,0,1.0,0.0,1.0
MULTI_HIT_N2,0.3109999895095825,20,20,0,0,1.0,0.0,1.0
MULTI_HIT_N2,0.31200000643730164,20,20,0,0,1.0,0.0,1.0
MULTI_HIT_N2,0.31299999356269836,20,20,0,0,1.0,0.0,1.0
MULTI_HIT_N2,0.3140000104904175,20,20,0,0,1.0,0.0,1.0
MULTI_HIT_N2,0.3149999976158142,20,20,0,0,1.0,0.0,1.0
MULTI_HIT_N2,0.3160000145435333,20,20,0,0,1.0,0.0,1.0
MULTI_HIT_N2,0.31700000166893005,20,20,0,0,1.0,0.0,1.0
MULTI_HIT_N2,0.3179999887943268,20,20,0,0,1.0,0.0,1.0
MULTI_HIT_N2,0.3190000057220459,20,20,0,0,1.0,0.0,1.0
MULTI_HIT_N2,0.3199999928474426,20,20,0,0,1.0,0.0,1.0
MULTI_HIT_N2,0.32100000977516174,20,20,0,0,1.0,0.0,1.0
MULTI_HIT_N2,0.32199999690055847,20,20,0,0,1.0,0.0,1.0
MULTI_HIT_N2,0.3230000138282776,20,20,0,0,1.0,0.0,1.0
MULTI_HIT_N2,0.3240000009536743,20,20,0,0,1.0,0.0,1.0
MULTI_HIT_N2,0.32499998807907104,20,20,0,0,1.0,0.0,1.0
MULTI_HIT_N2,0.32600000500679016,20,20,0,0,1.0,0.0,1.0
MULTI_HIT_N2,0.3269999921321869,20,20,0,0,1.0,0.0,1.0
MULTI_HIT_N2,0.328000009059906,20,20,0,0,1.0,0.0,1.0
MULTI_HIT_N2,0.32899999618530273,20,20,0,0,1.0,0.0,1.0
MULTI_HIT_N2,0.33000001311302185,20,20,0,0,1.0,0.0,1.0
MULTI_HIT_N2,0.3310000002384186,20,20,0,0,1.0,0.0,1.0
MULTI_HIT_N2,0.3319999873638153,20,20,0,0,1.0,0.0,1.0
MULTI_HIT_N2,0.3330000042915344,20,20,0,0,1.0,0.0,1.0
MULTI_HIT_N2,0.33399999141693115,20,20,0,0,1.0,0.0,1.0
MULTI_HIT_N2,0.33500000834465027,20,20,0,0,1.0,0.0,1.0
MULTI_HIT_N2,0.335999995470047,20,20,0,0,1.0,0.0,1.0
MULTI_HIT_N2,0.3370000123977661,20,20,0,0,1.0,0.0,1.0
MULTI_HIT_N2,0.33799999952316284,20,20,0,0,1.0,0.0,1.0
MULTI_HIT_N2,0.33899998664855957,20,20,0,0,1.0,0.0,1.0
MULTI_HIT_N2,0.3400000035762787,20,20,0,0,1.0,0.0,1.0
MULTI_HIT_N2,0.3409999907016754,20,20,0,0,1.0,0.0,1.0
MULTI_HIT_N2,0.34200000762939453,20,20,0,0,1.0,0.0,1.0
MULTI_HIT_N2,0.34299999475479126,20,20,0,0,1.0,0.0,1.0
MULTI_HIT_N2,0.3440000116825104,20,20,0,0,1.0,0.0,1.0
MULTI_HIT_N2,0.3449999988079071,20,20,0,0,1.0,0.0,1.0
MULTI_HIT_N2,0.34599998593330383,20,20,0,0,1.0,0.0,1.0
MULTI_HIT_N2,0.34700000286102295,20,20,0,0,1.0,0.0,1.0
MULTI_HIT_N2,0.3479999899864197,20,20,0,0,1.0,0.0,1.0
MULTI_HIT_N2,0.3490000069141388,20,20,0,0,1.0,0.0,1.0
MULTI_HIT_N2,0.3499999940395355,20,20,0,0,1.0,0.0,1.0
MULTI_HIT_N2,0.35100001096725464,20,20,0,0,1.0,0.0,1.0
MULTI_HIT_N2,0.35199999809265137,20,20,0,0,1.0,0.0,1.0
MULTI_HIT_N2,0.3529999852180481,20,20,0,0,1.0,0.0,1.0
MULTI_HIT_N2,0.3540000021457672,20,20,0,0,1.0,0.0,1.0
MULTI_HIT_N2,0.35499998927116394,20,20,0,0,1.0,0.0,1.0
MULTI_HIT_N2,0.35600000619888306,20,20,0,0,1.0,0.0,1.0
MULTI_HIT_N2,0.3569999933242798,20,20,0,0,1.0,0.0,1.0
MULTI_HIT_N2,0.3580000102519989,20,20,0,0,1.0,0.0,1.0
MULTI_HIT_N2,0.35899999737739563,20,20,0,0,1.0,0.0,1.0
MULTI_HIT_N2,0.36000001430511475,20,20,0,0,1.0,0.0,1.0
MULTI_HIT_N2,0.3610000014305115,20,20,0,0,1.0,0.0,1.0
MULTI_HIT_N2,0.3619999885559082,20,20,0,0,1.0,0.0,1.0
MULTI_HIT_N2,0.3630000054836273,20,20,0,0,1.0,0.0,1.0
MULTI_HIT_N2,0.36399999260902405,20,20,0,0,1.0,0.0,1.0
MULTI_HIT_N2,0.36500000953674316,20,20,0,0,1.0,0.0,1.0
MULTI_HIT_N2,0.3659999966621399,20,20,0,0,1.0,0.0,1.0
MULTI_HIT_N2,0.367000013589859,20,20,0,0,1.0,0.0,1.0
MULTI_HIT_N2,0.36800000071525574,20,20,0,0,1.0,0.0,1.0
MULTI_HIT_N2,0.36899998784065247,20,20,0,0,1.0,0.0,1.0
MULTI_HIT_N2,0.3700000047683716,20,20,0,0,1.0,0.0,1.0
MULTI_HIT_N2,0.3709999918937683,20,20,0,0,1.0,0.0,1.0
MULTI_HIT_N2,0.3720000088214874,20,20,0,0,1.0,0.0,1.0
MULTI_HIT_N2,0.37299999594688416,20,20,0,0,1.0,0.0,1.0
MULTI_HIT_N2,0.37400001287460327,20,20,0,0,1.0,0.0,1.0
MULTI_HIT_N2,0.375,20,20,0,0,1.0,0.0,1.0
MULTI_HIT_N2,0.37599998712539673,20,20,0,0,1.0,0.0,1.0
MULTI_HIT_N2,0.37700000405311584,20,20,0,0,1.0,0.0,1.0
MULTI_HIT_N2,0.3779999911785126,20,20,0,0,1.0,0.0,1.0
MULTI_HIT_N2,0.3790000081062317,20,20,0,0,1.0,0.0,1.0
MULTI_HIT_N2,0.3799999952316284,20,20,0,0,1.0,0.0,1.0
MULTI_HIT_N2,0.38100001215934753,20,20,0,0,1.0,0.0,1.0
MULTI_HIT_N2,0.38199999928474426,20,20,0,0,1.0,0.0,1.0
MULTI_HIT_N2,0.382999986410141,20,20,0,0,1.0,0.0,1.0
MULTI_HIT_N2,0.3840000033378601,20,20,0,0,1.0,0.0,1.0
MULTI_HIT_N2,0.38499999046325684,20,20,0,0,1.0,0.0,1.0
MULTI_HIT_N2,0.38600000739097595,20,20,0,0,1.0,0.0,1.0
MULTI_HIT_N2,0.3869999945163727,20,20,0,0,1.0,0.0,1.0
MULTI_HIT_N2,0.3880000114440918,20,20,0,0,1.0,0.0,1.0
MULTI_HIT_N2,0.3889999985694885,20,20,0,0,1.0,0.0,1.0
MULTI_HIT_N2,0.38999998569488525,20,20,0,0,1.0,0.0,1.0
MULTI_HIT_N2,0.39100000262260437,20,20,0,0,1.0,0.0,1.0
MULTI_HIT_N2,0.3919999897480011,20,20,0,0,1.0,0.0,1.0
MULTI_HIT_N2,0.3930000066757202,20,20,0,0,1.0,0.0,1.0
MULTI_HIT_N2,0.39399999380111694,20,20,0,0,1.0,0.0,1.0
MULTI_HIT_N2,0.39500001072883606,20,20,0,0,1.0,0.0,1.0
MULTI_HIT_N2,0.3959999978542328,20,20,0,0,1.0,0.0,1.0
MULTI_HIT_N2,0.3970000147819519,20,20,0,0,1.0,0.0,1.0
MULTI_HIT_N2,0.39800000190734863,20,20,0,0,1.0,0.0,1.0
MULTI_HIT_N2,0.39899998903274536,20,20,0,0,1.0,0.0,1.0
MULTI_HIT_N2,0.4000000059604645,20,20,0,0,1.0,0.0,1.0
MULTI_HIT_N2,0.4009999930858612,20,20,0,0,1.0,0.0,1.0
MULTI_HIT_N2,0.4020000100135803,20,20,0,0,1.0,0.0,1.0
MULTI_HIT_N2,0.40299999713897705,20,20,0,0,1.0,0.0,1.0
MULTI_HIT_N2,0.40400001406669617,20,20,0,0,1.0,0.0,1.0
MULTI_HIT_N2,0.4050000011920929,20,20,0,0,1.0,0.0,1.0
MULTI_HIT_N2,0.4059999883174896,20,20,0,0,1.0,0.0,1.0
MULTI_HIT_N2,0.40700000524520874,20,20,0,0,1.0,0.0,1.0
MULTI_HIT_N2,0.40799999237060547,20,20,0,0,1.0,0.0,1.0
MULTI_HIT_N2,0.4090000092983246,20,20,0,0,1.0,0.0,1.0
MULTI_HIT_N2,0.4099999964237213,20,20,0,0,1.0,0.0,1.0
MULTI_HIT_N2,0.41100001335144043,20,20,0,0,1.0,0.0,1.0
MULTI_HIT_N2,0.41200000047683716,20,20,0,0,1.0,0.0,1.0
MULTI_HIT_N2,0.4129999876022339,20,20,0,0,1.0,0.0,1.0
MULTI_HIT_N2,0.414000004529953,20,20,0,0,1.0,0.0,1.0
MULTI_HIT_N2,0.41499999165534973,20,20,0,0,1.0,0.0,1.0
MULTI_HIT_N2,0.41600000858306885,20,20,0,0,1.0,0.0,1.0
MULTI_HIT_N2,0.4169999957084656,20,20,0,0,1.0,0.0,1.0
MULTI_HIT_N2,0.4180000126361847,20,20,0,0,1.0,0.0,1.0
MULTI_HIT_N2,0.4189999997615814,20,20,0,0,1.0,0.0,1.0
MULTI_HIT_N2,0.41999998688697815,20,20,0,0,1.0,0.0,1.0
MULTI_HIT_N2,0.42100000381469727,20,20,0,0,1.0,0.0,1.0
MULTI_HIT_N2,0.421999990940094,20,20,0,0,1.0,0.0,1.0
MULTI_HIT_N2,0.4230000078678131,20,20,0,0,1.0,0.0,1.0
MULTI_HIT_N2,0.42399999499320984,20,20,0,0,1.0,0.0,1.0
MULTI_HIT_N2,0.42500001192092896,20,20,0,0,1.0,0.0,1.0
MULTI_HIT_N2,0.4259999990463257,20,20,0,0,1.0,0.0,1.0
MULTI_HIT_N2,0.4269999861717224,20,20,0,0,1.0,0.0,1.0
MULTI_HIT_N2,0.42800000309944153,20,20,0,0,1.0,0.0,1.0
MULTI_HIT_N2,0.42899999022483826,20,20,0,0,1.0,0.0,1.0
MULTI_HIT_N2,0.4300000071525574,20,20,0,0,1.0,0.0,1.0
MULTI_HIT_N2,0.4309999942779541,20,20,0,0,1.0,0.0,1.0
MULTI_HIT_N2,0.4320000112056732,20,20,0,0,1.0,0.0,1.0
MULTI_HIT_N2,0.43299999833106995,20,20,0,0,1.0,0.0,1.0
MULTI_HIT_N2,0.4339999854564667,20,20,0,0,1.0,0.0,1.0
MULTI_HIT_N2,0.4350000023841858,20,20,0,0,1.0,0.0,1.0
MULTI_HIT_N2,0.4359999895095825,20,20,0,0,1.0,0.0,1.0
MULTI_HIT_N2,0.43700000643730164,20,20,0,0,1.0,0.0,1.0
MULTI_HIT_N2,0.43799999356269836,20,20,0,0,1.0,0.0,1.0
MULTI_HIT_N2,0.4390000104904175,20,20,0,0,1.0,0.0,1.0
MULTI_HIT_N2,0.4399999976158142,20,20,0,0,1.0,0.0,1.0
MULTI_HIT_N2,0.4410000145435333,20,20,0,0,1.0,0.0,1.0
MULTI_HIT_N2,0.44200000166893005,20,20,0,0,1.0,0.0,1.0
MULTI_HIT_N2,0.4429999887943268,20,20,0,0,1.0,0.0,1.0
MULTI_HIT_N2,0.4440000057220459,20,20,0,0,1.0,0.0,1.0
MULTI_HIT_N2,0.4449999928474426,20,20,0,0,1.0,0.0,1.0
MULTI_HIT_N2,0.44600000977516174,20,20,0,0,1.0,0.0,1.0
MULTI_HIT_N2,0.44699999690055847,20,20,0,0,1.0,0.0,1.0
MULTI_HIT_N2,0.4480000138282776,20,20,0,0,1.0,0.0,1.0
MULTI_HIT_N2,0.4490000009536743,20,20,0,0,1.0,0.0,1.0
MULTI_HIT_N2,0.44999998807907104,20,20,0,0,1.0,0.0,1.0
MULTI_HIT_N2,0.45100000500679016,20,20,0,0,1.0,0.0,1.0
MULTI_HIT_N2,0.4519999921321869,20,20,0,0,1.0,0.0,1.0
MULTI_HIT_N2,0.453000009059906,20,20,0,0,1.0,0.0,1.0
MULTI_HIT_N2,0.45399999618530273,20,20,0,0,1.0,0.0,1.0
MULTI_HIT_N2,0.45500001311302185,20,20,0,0,1.0,0.0,1.0
MULTI_HIT_N2,0.4560000002384186,20,20,0,0,1.0,0.0,1.0
MULTI_HIT_N2,0.4569999873638153,20,20,0,0,1.0,0.0,1.0
MULTI_HIT_N2,0.4580000042915344,20,20,0,0,1.0,0.0,1.0
MULTI_HIT_N2,0.45899999141693115,20,20,0,0,1.0,0.0,1.0
MULTI_HIT_N2,0.46000000834465027,20,20,0,0,1.0,0.0,1.0
MULTI_HIT_N2,0.460999995470047,20,20,0,0,1.0,0.0,1.0
MULTI_HIT_N2,0.4620000123977661,20,20,0,0,1.0,0.0,1.0
MULTI_HIT_N2,0.46299999952316284,20,20,0,0,1.0,0.0,1.0
MULTI_HIT_N2,0.46399998664855957,20,20,0,0,1.0,0.0,1.0
MULTI_HIT_N2,0.4650000035762787,20,20,0,0,1.0,0.0,1.0
MULTI_HIT_N2,0.4659999907016754,20,20,0,0,1.0,0.0,1.0
MULTI_HIT_N2,0.46700000762939453,20,20,0,0,1.0,0.0,1.0
MULTI_HIT_N2,0.46799999475479126,20,20,0,0,1.0,0.0,1.0
MULTI_HIT_N2,0.4690000116825104,20,20,0,0,1.0,0.0,1.0
MULTI_HIT_N2,0.4699999988079071,20,20,0,0,1.0,0.0,1.0
MULTI_HIT_N2,0.47099998593330383,20,20,0,0,1.0,0.0,1.0
MULTI_HIT_N2,0.47200000286102295,20,20,0,0,1.0,0.0,1.0
MULTI_HIT_N2,0.4729999899864197,20,20,0,0,1.0,0.0,1.0
MULTI_HIT_N2,0.4740000069141388,20,20,0,0,1.0,0.0,1.0
MULTI_HIT_N2,0.4749999940395355,20,20,0,0,1.0,0.0,1.0
MULTI_HIT_N2,0.47600001096725464,20,20,0,0,1.0,0.0,1.0
MULTI_HIT_N2,0.47699999809265137,20,20,0,0,1.0,0.0,1.0
MULTI_HIT_N2,0.4779999852180481,20,20,0,0,1.0,0.0,1.0
MULTI_HIT_N2,0.4790000021457672,20,20,0,0,1.0,0.0,1.0
MULTI_HIT_N2,0.47999998927116394,20,20,0,0,1.0,0.0,1.0
MULTI_HIT_N2,0.48100000619888306,20,20,0,0,1.0,0.0,1.0
MULTI_HIT_N2,0.4819999933242798,20,20,0,0,1.0,0.0,1.0
MULTI_HIT_N2,0.4830000102519989,20,20,0,0,1.0,0.0,1.0
MULTI_HIT_N2,0.48399999737739563,20,20,0,0,1.0,0.0,1.0
MULTI_HIT_N2,0.48500001430511475,20,20,0,0,1.0,0.0,1.0
MULTI_HIT_N2,0.4860000014305115,20,20,0,0,1.0,0.0,1.0
MULTI_HIT_N2,0.4869999885559082,20,20,0,0,1.0,0.0,1.0
MULTI_HIT_N2,0.4880000054836273,20,20,0,0,1.0,0.0,1.0
MULTI_HIT_N2,0.48899999260902405,20,20,0,0,1.0,0.0,1.0
MULTI_HIT_N2,0.49000000953674316,20,20,0,0,1.0,0.0,1.0
MULTI_HIT_N2,0.4909999966621399,20,20,0,0,1.0,0.0,1.0
MULTI_HIT_N2,0.492000013589859,20,20,0,0,1.0,0.0,1.0
MULTI_HIT_N2,0.49300000071525574,20,20,0,0,1.0,0.0,1.0
MULTI_HIT_N2,0.49399998784065247,20,20,0,0,1.0,0.0,1.0
MULTI_HIT_N2,0.4950000047683716,20,20,0,0,1.0,0.0,1.0
MULTI_HIT_N2,0.4959999918937683,20,20,0,0,1.0,0.0,1.0
MULTI_HIT_N2,0.4970000088214874,20,20,0,0,1.0,0.0,1.0
MULTI_HIT_N2,0.49799999594688416,20,20,0,0,1.0,0.0,1.0
MULTI_HIT_N2,0.49900001287460327,20,20,0,0,1.0,0.0,1.0
MULTI_HIT_N2,0.5,20,20,0,0,1.0,0.0,1.0
MULTI_HIT_N2,0.5009999871253967,20,20,0,0,1.0,0.0,1.0
MULTI_HIT_N2,0.5019999742507935,20,20,0,0,1.0,0.0,1.0
MULTI_HIT_N2,0.503000020980835,20,20,0,0,1.0,0.0,1.0
MULTI_HIT_N2,0.5040000081062317,20,20,0,0,1.0,0.0,1.0
MULTI_HIT_N2,0.5049999952316284,20,20,0,0,1.0,0.0,1.0
MULTI_HIT_N2,0.5059999823570251,20,20,0,0,1.0,0.0,1.0
MULTI_HIT_N2,0.5070000290870667,20,20,0,0,1.0,0.0,1.0
MULTI_HIT_N2,0.5080000162124634,20,20,0,0,1.0,0.0,1.0
MULTI_HIT_N2,0.5090000033378601,20,20,0,0,1.0,0.0,1.0
MULTI_HIT_N2,0.5099999904632568,20,20,0,0,1.0,0.0,1.0
MULTI_HIT_N2,0.5109999775886536,20,20,0,0,1.0,0.0,1.0
MULTI_HIT_N2,0.5120000243186951,20,20,0,0,1.0,0.0,1.0
MULTI_HIT_N2,0.5130000114440918,20,20,0,0,1.0,0.0,1.0
MULTI_HIT_N2,0.5139999985694885,20,20,0,0,1.0,0.0,1.0
MULTI_HIT_N2,0.5149999856948853,20,20,0,0,1.0,0.0,1.0
MULTI_HIT_N2,0.515999972820282,20,20,0,0,1.0,0.0,1.0
MULTI_HIT_N2,0.5170000195503235,20,20,0,0,1.0,0.0,1.0
MULTI_HIT_N2,0.5180000066757202,20,20,0,0,1.0,0.0,1.0
MULTI_HIT_N2,0.5189999938011169,20,20,0,0,1.0,0.0,1.0
MULTI_HIT_N2,0.5199999809265137,20,20,0,0,1.0,0.0,1.0
MULTI_HIT_N2,0.5210000276565552,20,20,0,0,1.0,0.0,1.0
MULTI_HIT_N2,0.5220000147819519,20,20,0,0,1.0,0.0,1.0
MULTI_HIT_N2,0.5230000019073486,20,20,0,0,1.0,0.0,1.0
MULTI_HIT_N2,0.5239999890327454,20,20,0,0,1.0,0.0,1.0
MULTI_HIT_N2,0.5249999761581421,20,20,0,0,1.0,0.0,1.0
MULTI_HIT_N2,0.5260000228881836,20,20,0,0,1.0,0.0,1.0
MULTI_HIT_N2,0.5270000100135803,20,20,0,0,1.0,0.0,1.0
MULTI_HIT_N2,0.527999997138977,20,20,0,0,1.0,0.0,1.0
MULTI_HIT_N2,0.5289999842643738,20,20,0,0,1.0,0.0,1.0
MULTI_HIT_N2,0.5299999713897705,20,20,0,0,1.0,0.0,1.0
MULTI_HIT_N2,0.531000018119812,20,20,0,0,1.0,0.0,1.0
MULTI_HIT_N2,0.5320000052452087,20,20,0,0,1.0,0.0,1.0
MULTI_HIT_N2,0.5329999923706055,20,20,0,0,1.0,0.0,1.0
MULTI_HIT_N2,0.5339999794960022,20,20,0,0,1.0,0.0,1.0
MULTI_HIT_N2,0.5350000262260437,20,20,0,0,1.0,0.0,1.0
MULTI_HIT_N2,0.5360000133514404,20,20,0,0,1.0,0.0,1.0
MULTI_HIT_N2,0.5370000004768372,20,20,0,0,1.0,0.0,1.0
MULTI_HIT_N2,0.5379999876022339,20,20,0,0,1.0,0.0,1.0
MULTI_HIT_N2,0.5389999747276306,20,20,0,0,1.0,0.0,1.0
MULTI_HIT_N2,0.5400000214576721,20,20,0,0,1.0,0.0,1.0
MULTI_HIT_N2,0.5410000085830688,20,20,0,0,1.0,0.0,1.0
MULTI_HIT_N2,0.5419999957084656,20,20,0,0,1.0,0.0,1.0
MULTI_HIT_N2,0.5429999828338623,20,20,0,0,1.0,0.0,1.0
MULTI_HIT_N2,0.5440000295639038,20,20,0,0,1.0,0.0,1.0
MULTI_HIT_N2,0.5450000166893005,20,20,0,0,1.0,0.0,1.0
MULTI_HIT_N2,0.5460000038146973,20,20,0,0,1.0,0.0,1.0
MULTI_HIT_N2,0.546999990940094,20,20,0,0,1.0,0.0,1.0
MULTI_HIT_N2,0.5479999780654907,20,20,0,0,1.0,0.0,1.0
MULTI_HIT_N2,0.5490000247955322,20,20,0,0,1.0,0.0,1.0
MULTI_HIT_N2,0.550000011920929,20,20,0,0,1.0,0.0,1.0
MULTI_HIT_N2,0.5509999990463257,20,20,0,0,1.0,0.0,1.0
MULTI_HIT_N2,0.5519999861717224,20,20,0,0,1.0,0.0,1.0
MULTI_HIT_N2,0.5529999732971191,20,20,0,0,1.0,0.0,1.0
MULTI_HIT_N2,0.5540000200271606,20,20,0,0,1.0,0.0,1.0
MULTI_HIT_N2,0.5550000071525574,20,20,0,0,1.0,0.0,1.0
MULTI_HIT_N2,0.5559999942779541,20,20,0,0,1.0,0.0,1.0
MULTI_HIT_N2,0.5569999814033508,20,20,0,0,1.0,0.0,1.0
MULTI_HIT_N2,0.5580000281333923,20,20,0,0,1.0,0.0,1.0
MULTI_HIT_N2,0.5590000152587891,20,20,0,0,1.0,0.0,1.0
MULTI_HIT_N2,0.5600000023841858,20,20,0,0,1.0,0.0,1.0
MULTI_HIT_N2,0.5609999895095825,20,20,0,0,1.0,0.0,1.0
MULTI_HIT_N2,0.5619999766349792,20,20,0,0,1.0,0.0,1.0
MULTI_HIT_N2,0.5630000233650208,20,20,0,0,1.0,0.0,1.0
MULTI_HIT_N2,0.5640000104904175,20,20,0,0,1.0,0.0,1.0
MULTI_HIT_N2,0.5649999976158142,20,20,0,0,1.0,0.0,1.0
MULTI_HIT_N2,0.5659999847412109,20,20,0,0,1.0,0.0,1.0
MULTI_HIT_N2,0.5669999718666077,20,20,0,0,1.0,0.0,1.0
MULTI_HIT_N2,0.5680000185966492,20,20,0,0,1.0,0.0,1.0
MULTI_HIT_N2,0.5690000057220459,20,20,0,0,1.0,0.0,1.0
MULTI_HIT_N2,0.5699999928474426,20,20,0,0,1.0,0.0,1.0
MULTI_HIT_N2,0.5709999799728394,20,20,0,0,1.0,0.0,1.0
MULTI_HIT_N2,0.5720000267028809,20,20,0,0,1.0,0.0,1.0
MULTI_HIT_N2,0.5730000138282776,20,20,0,0,1.0,0.0,1.0
MULTI_HIT_N2,0.5740000009536743,20,20,0,0,1.0,0.0,1.0
MULTI_HIT_N2,0.574999988079071,20,20,0,0,1.0,0.0,1.0
MULTI_HIT_N2,0.5759999752044678,20,20,0,0,1.0,0.0,1.0
MULTI_HIT_N2,0.5770000219345093,20,20,0,0,1.0,0.0,1.0
MULTI_HIT_N2,0.578000009059906,20,20,0,0,1.0,0.0,1.0
MULTI_HIT_N2,0.5789999961853027,20,20,0,0,1.0,0.0,1.0
MULTI_HIT_N2,0.5799999833106995,20,20,0,0,1.0,0.0,1.0
MULTI_HIT_N2,0.5809999704360962,20,20,0,0,1.0,0.0,1.0
MULTI_HIT_N2,0.5820000171661377,20,20,0,0,1.0,0.0,1.0
MULTI_HIT_N2,0.5830000042915344,20,20,0,0,1.0,0.0,1.0
MULTI_HIT_N2,0.5839999914169312,20,20,0,0,1.0,0.0,1.0
MULTI_HIT_N2,0.5849999785423279,20,20,0,0,1.0,0.0,1.0
MULTI_HIT_N2,0.5860000252723694,20,20,0,0,1.0,0.0,1.0
MULTI_HIT_N2,0.5870000123977661,20,20,0,0,1.0,0.0,1.0
MULTI_HIT_N2,0.5879999995231628,20,20,0,0,1.0,0.0,1.0
MULTI_HIT_N2,0.5889999866485596,20,20,0,0,1.0,0.0,1.0
MULTI_HIT_N2,0.5899999737739563,20,20,0,0,1.0,0.0,1.0
MULTI_HIT_N2,0.5910000205039978,20,20,0,0,1.0,0.0,1.0
MULTI_HIT_N2,0.5920000076293945,20,20,0,0,1.0,0.0,1.0
MULTI_HIT_N2,0.5929999947547913,20,20,0,0,1.0,0.0,1.0
MULTI_HIT_N2,0.593999981880188,20,20,0,0,1.0,0.0,1.0
MULTI_HIT_N2,0.5950000286102295,20,20,0,0,1.0,0.0,1.0
MULTI_HIT_N2,0.5960000157356262,20,20,0,0,1.0,0.0,1.0
MULTI_HIT_N2,0.597000002861023,20,20,0,0,1.0,0.0,1.0
MULTI_HIT_N2,0.5979999899864197,20,20,0,0,1.0,0.0,1.0
MULTI_HIT_N2,0.5989999771118164,20,20,0,0,1.0,0.0,1.0
MULTI_HIT_N2,0.6000000238418579,20,20,0,0,1.0,0.0,1.0
MULTI_HIT_N2,0.6010000109672546,20,20,0,0,1.0,0.0,1.0
MULTI_HIT_N2,0.6019999980926514,20,20,0,0,1.0,0.0,1.0
MULTI_HIT_N2,0.6029999852180481,20,20,0,0,1.0,0.0,1.0
MULTI_HIT_N2,0.6039999723434448,20,20,0,0,1.0,0.0,1.0
MULTI_HIT_N2,0.6050000190734863,20,20,0,0,1.0,0.0,1.0
MULTI_HIT_N2,0.6060000061988831,20,20,0,0,1.0,0.0,1.0
MULTI_HIT_N2,0.6069999933242798,20,20,0,0,1.0,0.0,1.0
MULTI_HIT_N2,0.6079999804496765,20,20,0,0,1.0,0.0,1.0
MULTI_HIT_N2,0.609000027179718,20,20,0,0,1.0,0.0,1.0
MULTI_HIT_N2,0.6100000143051147,20,20,0,0,1.0,0.0,1.0
MULTI_HIT_N2,0.6110000014305115,20,20,0,0,1.0,0.0,1.0
MULTI_HIT_N2,0.6119999885559082,20,20,0,0,1.0,0.0,1.0
MULTI_HIT_N2,0.6129999756813049,20,20,0,0,1.0,0.0,1.0
MULTI_HIT_N2,0.6140000224113464,20,20,0,0,1.0,0.0,1.0
MULTI_HIT_N2,0.6150000095367432,20,20,0,0,1.0,0.0,1.0
MULTI_HIT_N2,0.6159999966621399,20,20,0,0,1.0,0.0,1.0
MULTI_HIT_N2,0.6169999837875366,20,20,0,0,1.0,0.0,1.0
MULTI_HIT_N2,0.6179999709129333,20,20,0,0,1.0,0.0,1.0
MULTI_HIT_N2,0.6190000176429749,20,20,0,0,1.0,0.0,1.0
MULTI_HIT_N2,0.6200000047683716,20,20,0,0,1.0,0.0,1.0
MULTI_HIT_N2,0.6209999918937683,20,20,0,0,1.0,0.0,1.0
MULTI_HIT_N2,0.621999979019165,20,20,0,0,1.0,0.0,1.0
MULTI_HIT_N2,0.6230000257492065,20,20,0,0,1.0,0.0,1.0
MULTI_HIT_N2,0.6240000128746033,20,20,0,0,1.0,0.0,1.0
MULTI_HIT_N2,0.625,20,20,0,0,1.0,0.0,1.0
MULTI_HIT_N2,0.6259999871253967,20,20,0,0,1.0,0.0,1.0
MULTI_HIT_N2,0.6269999742507935,20,20,0,0,1.0,0.0,1.0
MULTI_HIT_N2,0.628000020980835,20,20,0,0,1.0,0.0,1.0
MULTI_HIT_N2,0.6290000081062317,20,20,0,0,1.0,0.0,1.0
MULTI_HIT_N2,0.6299999952316284,20,20,0,0,1.0,0.0,1.0
MULTI_HIT_N2,0.6309999823570251,20,20,0,0,1.0,0.0,1.0
MULTI_HIT_N2,0.6320000290870667,20,20,0,0,1.0,0.0,1.0
MULTI_HIT_N2,0.6330000162124634,20,20,0,0,1.0,0.0,1.0
MULTI_HIT_N2,0.6340000033378601,20,20,0,0,1.0,0.0,1.0
MULTI_HIT_N2,0.6349999904632568,20,19,1,0,1.0,0.05,0.95
MULTI_HIT_N2,0.6359999775886536,20,19,1,0,1.0,0.05,0.95
MULTI_HIT_N2,0.6370000243186951,20,19,1,0,1.0,0.05,0.95
MULTI_HIT_N2,0.6380000114440918,20,19,1,0,1.0,0.05,0.95
MULTI_HIT_N2,0.6389999985694885,20,19,1,0,1.0,0.05,0.95
MULTI_HIT_N2,0.6399999856948853,20,19,1,0,1.0,0.05,0.95
MULTI_HIT_N2,0.640999972820282,20,19,1,0,1.0,0.05,0.95
MULTI_HIT_N2,0.6420000195503235,20,19,1,0,1.0,0.05,0.95
MULTI_HIT_N2,0.6430000066757202,20,19,1,0,1.0,0.05,0.95
MULTI_HIT_N2,0.6439999938011169,20,19,1,0,1.0,0.05,0.95
MULTI_HIT_N2,0.6449999809265137,20,19,1,0,1.0,0.05,0.95
MULTI_HIT_N2,0.6460000276565552,20,19,1,0,1.0,0.05,0.95
MULTI_HIT_N2,0.6470000147819519,20,19,1,0,1.0,0.05,0.95
MULTI_HIT_N2,0.6480000019073486,20,19,1,0,1.0,0.05,0.95
MULTI_HIT_N2,0.6489999890327454,20,19,1,0,1.0,0.05,0.95
MULTI_HIT_N2,0.6499999761581421,20,19,1,0,1.0,0.05,0.95
MULTI_HIT_N2,0.6510000228881836,20,19,1,0,1.0,0.05,0.95
MULTI_HIT_N2,0.6520000100135803,20,19,1,0,1.0,0.05,0.95
MULTI_HIT_N2,0.652999997138977,20,19,1,0,1.0,0.05,0.95
MULTI_HIT_N2,0.6539999842643738,20,19,1,0,1.0,0.05,0.95
MULTI_HIT_N2,0.6549999713897705,20,19,1,0,1.0,0.05,0.95
MULTI_HIT_N2,0.656000018119812,20,19,1,0,1.0,0.05,0.95
MULTI_HIT_N2,0.6570000052452087,20,19,1,0,1.0,0.05,0.95
MULTI_HIT_N2,0.6579999923706055,20,19,1,0,1.0,0.05,0.95
MULTI_HIT_N2,0.6589999794960022,20,19,1,0,1.0,0.05,0.95
MULTI_HIT_N2,0.6600000262260437,20,19,1,0,1.0,0.05,0.95
MULTI_HIT_N2,0.6610000133514404,20,19,1,0,1.0,0.05,0.95
MULTI_HIT_N2,0.6620000004768372,20,19,1,0,1.0,0.05,0.95
MULTI_HIT_N2,0.6629999876022339,20,19,1,0,1.0,0.05,0.95
MULTI_HIT_N2,0.6639999747276306,20,19,1,0,1.0,0.05,0.95
MULTI_HIT_N2,0.6650000214576721,20,19,1,0,1.0,0.05,0.95
MULTI_HIT_N2,0.6660000085830688,20,19,1,0,1.0,0.05,0.95
MULTI_HIT_N2,0.6669999957084656,20,19,1,0,1.0,0.05,0.95
MULTI_HIT_N2,0.6679999828338623,20,19,1,0,1.0,0.05,0.95
MULTI_HIT_N2,0.6690000295639038,20,19,1,0,1.0,0.05,0.95
MULTI_HIT_N2,0.6700000166893005,20,19,1,0,1.0,0.05,0.95
MULTI_HIT_N2,0.6710000038146973,20,19,1,0,1.0,0.05,0.95
MULTI_HIT_N2,0.671999990940094,20,19,1,0,1.0,0.05,0.95
MULTI_HIT_N2,0.6729999780654907,20,19,1,0,1.0,0.05,0.95
MULTI_HIT_N2,0.6740000247955322,20,19,1,0,1.0,0.05,0.95
MULTI_HIT_N2,0.675000011920929,20,19,1,0,1.0,0.05,0.95
MULTI_HIT_N2,0.6759999990463257,20,19,1,0,1.0,0.05,0.95
MULTI_HIT_N2,0.6769999861717224,20,19,1,0,1.0,0.05,0.95
MULTI_HIT_N2,0.6779999732971191,20,19,1,0,1.0,0.05,0.95
MULTI_HIT_N2,0.6790000200271606,20,19,1,0,1.0,0.05,0.95
MULTI_HIT_N2,0.6800000071525574,20,19,1,0,1.0,0.05,0.95
MULTI_HIT_N2,0.6809999942779541,20,18,2,0,1.0,0.1,0.9
MULTI_HIT_N2,0.6819999814033508,20,18,2,0,1.0,0.1,0.9
MULTI_HIT_N2,0.6830000281333923,20,18,2,0,1.0,0.1,0.9
MULTI_HIT_N2,0.6840000152587891,20,18,2,0,1.0,0.1,0.9
MULTI_HIT_N2,0.6850000023841858,20,18,2,0,1.0,0.1,0.9
MULTI_HIT_N2,0.6859999895095825,20,18,2,0,1.0,0.1,0.9
MULTI_HIT_N2,0.6869999766349792,20,18,2,0,1.0,0.1,0.9
MULTI_HIT_N2,0.6880000233650208,20,18,2,0,1.0,0.1,0.9
MULTI_HIT_N2,0.6890000104904175,20,18,2,0,1.0,0.1,0.9
MULTI_HIT_N2,0.6899999976158142,20,18,2,0,1.0,0.1,0.9
MULTI_HIT_N2,0.6909999847412109,20,18,2,0,1.0,0.1,0.9
MULTI_HIT_N2,0.6919999718666077,20,18,2,0,1.0,0.1,0.9
MULTI_HIT_N2,0.6930000185966492,20,18,2,0,1.0,0.1,0.9
MULTI_HIT_N2,0.6940000057220459,20,18,2,0,1.0,0.1,0.9
MULTI_HIT_N2,0.6949999928474426,20,18,2,0,1.0,0.1,0.9
MULTI_HIT_N2,0.6959999799728394,20,18,2,0,1.0,0.1,0.9
MULTI_HIT_N2,0.6970000267028809,20,18,2,0,1.0,0.1,0.9
MULTI_HIT_N2,0.6980000138282776,20,18,2,0,1.0,0.1,0.9
MULTI_HIT_N2,0.6990000009536743,20,18,2,0,1.0,0.1,0.9
MULTI_HIT_N2,0.699999988079071,20,18,2,0,1.0,0.1,0.9
MULTI_HIT_N2,0.7009999752044678,20,18,2,0,1.0,0.1,0.9
MULTI_HIT_N2,0.7020000219345093,20,18,2,0,1.0,0.1,0.9
MULTI_HIT_N2,0.703000009059906,20,18,2,0,1.0,0.1,0.9
MULTI_HIT_N2,0.7039999961853027,20,18,2,0,1.0,0.1,0.9
MULTI_HIT_N2,0.7049999833106995,20,18,2,0,1.0,0.1,0.9
MULTI_HIT_N2,0.7059999704360962,20,18,2,0,1.0,0.1,0.9
MULTI_HIT_N2,0.7070000171661377,20,18,2,0,1.0,0.1,0.9
MULTI_HIT_N2,0.7080000042915344,20,18,2,0,1.0,0.1,0.9
MULTI_HIT_N2,0.7089999914169312,20,18,2,0,1.0,0.1,0.9
MULTI_HIT_N2,0.7099999785423279,20,18,2,0,1.0,0.1,0.9
MULTI_HIT_N2,0.7110000252723694,20,18,2,0,1.0,0.1,0.9
MULTI_HIT_N2,0.7120000123977661,20,18,2,0,1.0,0.1,0.9
MULTI_HIT_N2,0.7129999995231628,20,18,2,0,1.0,0.1,0.9
MULTI_HIT_N2,0.7139999866485596,20,18,2,0,1.0,0.1,0.9
MULTI_HIT_N2,0.7149999737739563,20,18,2,0,1.0,0.1,0.9
MULTI_HIT_N2,0.7160000205039978,20,18,2,0,1.0,0.1,0.9
MULTI_HIT_N2,0.7170000076293945,20,18,2,0,1.0,0.1,0.9
MULTI_HIT_N2,0.7179999947547913,20,18,2,0,1.0,0.1,0.9
MULTI_HIT_N2,0.718999981880188,20,18,2,0,1.0,0.1,0.9
MULTI_HIT_N2,0.7200000286102295,20,18,2,0,1.0,0.1,0.9
MULTI_HIT_N2,0.7210000157356262,20,18,2,0,1.0,0.1,0.9
MULTI_HIT_N2,0.722000002861023,20,18,2,0,1.0,0.1,0.9
MULTI_HIT_N2,0.7229999899864197,20,18,2,0,1.0,0.1,0.9
MULTI_HIT_N2,0.7239999771118164,20,18,2,0,1.0,0.1,0.9
MULTI_HIT_N2,0.7250000238418579,20,18,2,0,1.0,0.1,0.9
MULTI_HIT_N2,0.7260000109672546,20,18,2,0,1.0,0.1,0.9
MULTI_HIT_N2,0.7269999980926514,20,18,2,0,1.0,0.1,0.9
MULTI_HIT_N2,0.7279999852180481,20,18,2,0,1.0,0.1,0.9
MULTI_HIT_N2,0.7289999723434448,20,18,2,0,1.0,0.1,0.9
MULTI_HIT_N2,0.7300000190734863,20,18,2,0,1.0,0.1,0.9
MULTI_HIT_N2,0.7310000061988831,20,18,2,0,1.0,0.1,0.9
MULTI_HIT_N2,0.7319999933242798,20,18,2,0,1.0,0.1,0.9
MULTI_HIT_N2,0.7329999804496765,20,18,2,0,1.0,0.1,0.9
MULTI_HIT_N2,0.734000027179718,20,18,2,0,1.0,0.1,0.9
MULTI_HIT_N2,0.7350000143051147,20,18,2,0,1.0,0.1,0.9
MULTI_HIT_N2,0.7360000014305115,20,18,2,0,1.0,0.1,0.9
MULTI_HIT_N2,0.7369999885559082,20,18,2,0,1.0,0.1,0.9
MULTI_HIT_N2,0.7379999756813049,20,18,2,0,1.0,0.1,0.9
MULTI_HIT_N2,0.7390000224113464,20,18,2,0,1.0,0.1,0.9
MULTI_HIT_N2,0.7400000095367432,20,18,2,0,1.0,0.1,0.9
MULTI_HIT_N2,0.7409999966621399,20,18,2,0,1.0,0.1,0.9
MULTI_HIT_N2,0.7419999837875366,20,18,2,0,1.0,0.1,0.9
MULTI_HIT_N2,0.7429999709129333,20,18,2,0,1.0,0.1,0.9
MULTI_HIT_N2,0.7440000176429749,20,18,2,0,1.0,0.1,0.9
MULTI_HIT_N2,0.7450000047683716,20,18,2,0,1.0,0.1,0.9
MULTI_HIT_N2,0.7459999918937683,20,18,2,0,1.0,0.1,0.9
MULTI_HIT_N2,0.746999979019165,20,18,2,0,1.0,0.1,0.9
MULTI_HIT_N2,0.7480000257492065,20,18,2,0,1.0,0.1,0.9
MULTI_HIT_N2,0.7490000128746033,20,18,2,0,1.0,0.1,0.9
MULTI_HIT_N2,0.75,20,18,2,0,1.0,0.1,0.9
MULTI_HIT_N2,0.7509999871253967,20,18,2,0,1.0,0.1,0.9
MULTI_HIT_N2,0.7519999742507935,20,18,2,0,1.0,0.1,0.9
MULTI_HIT_N2,0.753000020980835,20,18,2,0,1.0,0.1,0.9
MULTI_HIT_N2,0.7540000081062317,20,18,2,0,1.0,0.1,0.9
MULTI_HIT_N2,0.7549999952316284,20,18,2,0,1.0,0.1,0.9
MULTI_HIT_N2,0.7559999823570251,20,18,2,0,1.0,0.1,0.9
MULTI_HIT_N2,0.7570000290870667,20,17,3,0,1.0,0.15,0.85
MULTI_HIT_N2,0.7580000162124634,20,17,3,0,1.0,0.15,0.85
MULTI_HIT_N2,0.7590000033378601,20,17,3,0,1.0,0.15,0.85
MULTI_HIT_N2,0.7599999904632568,20,17,3,0,1.0,0.15,0.85
MULTI_HIT_N2,0.7609999775886536,20,17,3,0,1.0,0.15,0.85
MULTI_HIT_N2,0.7620000243186951,20,17,3,0,1.0,0.15,0.85
MULTI_HIT_N2,0.7630000114440918,20,16,4,0,1.0,0.2,0.8
MULTI_HIT_N2,0.7639999985694885,20,16,4,0,1.0,0.2,0.8
MULTI_HIT_N2,0.7649999856948853,20,16,4,0,1.0,0.2,0.8
MULTI_HIT_N2,0.765999972820282,19,16,4,1,0.95,0.2,0.8
MULTI_HIT_N2,0.7670000195503235,19,16,4,1,0.95,0.2,0.8
MULTI_HIT_N2,0.7680000066757202,19,16,4,1,0.95,0.2,0.8
MULTI_HIT_N2,0.7689999938011169,19,16,4,1,0.95,0.2,0.8
MULTI_HIT_N2,0.7699999809265137,19,16,4,1,0.95,0.2,0.8
MULTI_HIT_N2,0.7710000276565552,19,16,4,1,0.95,0.2,0.8
MULTI_HIT_N2,0.7720000147819519,19,16,4,1,0.95,0.2,0.8
MULTI_HIT_N2,0.7730000019073486,19,15,5,1,0.95,0.25,0.75
MULTI_HIT_N2,0.7739999890327454,19,15,5,1,0.95,0.25,0.75
MULTI_HIT_N2,0.7749999761581421,19,15,5,1,0.95,0.25,0.75
MULTI_HIT_N2,0.7760000228881836,19,15,5,1,0.95,0.25,0.75
MULTI_HIT_N2,0.7770000100135803,19,15,5,1,0.95,0.25,0.75
MULTI_HIT_N2,0.777999997138977,19,15,5,1,0.95,0.25,0.75
MULTI_HIT_N2,0.7789999842643738,19,15,5,1,0.95,0.25,0.75
MULTI_HIT_N2,0.7799999713897705,19,15,5,1,0.95,0.25,0.75
MULTI_HIT_N2,0.781000018119812,19,15,5,1,0.95,0.25,0.75
MULTI_HIT_N2,0.7820000052452087,19,15,5,1,0.95,0.25,0.75
MULTI_HIT_N2,0.7829999923706055,19,15,5,1,0.95,0.25,0.75
MULTI_HIT_N2,0.7839999794960022,19,14,6,1,0.95,0.3,0.7
MULTI_HIT_N2,0.7850000262260437,19,14,6,1,0.95,0.3,0.7
MULTI_HIT_N2,0.7860000133514404,19,13,7,1,0.95,0.35,0.65
MULTI_HIT_N2,0.7870000004768372,19,13,7,1,0.95,0.35,0.65
MULTI_HIT_N2,0.7879999876022339,19,13,7,1,0.95,0.35,0.65
MULTI_HIT_N2,0.7889999747276306,19,13,7,1,0.95,0.35,0.65
MULTI_HIT_N2,0.7900000214576721,19,13,7,1,0.95,0.35,0.65
MULTI_HIT_N2,0.7910000085830688,19,13,7,1,0.95,0.35,0.65
MULTI_HIT_N2,0.7919999957084656,19,13,7,1,0.95,0.35,0.65
MULTI_HIT_N2,0.7929999828338623,19,13,7,1,0.95,0.35,0.65
MULTI_HIT_N2,0.7940000295639038,19,13,7,1,0.95,0.35,0.65
MULTI_HIT_N2,0.7950000166893005,19,13,7,1,0.95,0.35,0.65
MULTI_HIT_N2,0.7960000038146973,19,13,7,1,0.95,0.35,0.65
MULTI_HIT_N2,0.796999990940094,19,13,7,1,0.95,0.35,0.65
MULTI_HIT_N2,0.7979999780654907,19,13,7,1,0.95,0.35,0.65
MULTI_HIT_N2,0.7990000247955322,19,13,7,1,0.95,0.35,0.65
MULTI_HIT_N2,0.800000011920929,19,13,7,1,0.95,0.35,0.65
MULTI_HIT_N2,0.8009999990463257,19,13,7,1,0.95,0.35,0.65
MULTI_HIT_N2,0.8019999861717224,19,13,7,1,0.95,0.35,0.65
MULTI_HIT_N2,0.8029999732971191,19,13,7,1,0.95,0.35,0.65
MULTI_HIT_N2,0.8040000200271606,19,13,7,1,0.95,0.35,0.65
MULTI_HIT_N2,0.8050000071525574,19,13,7,1,0.95,0.35,0.65
MULTI_HIT_N2,0.8059999942779541,19,13,7,1,0.95,0.35,0.65
MULTI_HIT_N2,0.8069999814033508,19,13,7,1,0.95,0.35,0.65
MULTI_HIT_N2,0.8080000281333923,19,13,7,1,0.95,0.35,0.65
MULTI_HIT_N2,0.8090000152587891,19,13,7,1,0.95,0.35,0.65
MULTI_HIT_N2,0.8100000023841858,19,13,7,1,0.95,0.35,0.65
MULTI_HIT_N2,0.8109999895095825,19,13,7,1,0.95,0.35,0.65
MULTI_HIT_N2,0.8119999766349792,19,13,7,1,0.95,0.35,0.65
MULTI_HIT_N2,0.8130000233650208,19,13,7,1,0.95,0.35,0.65
MULTI_HIT_N2,0.8140000104904175,19,13,7,1,0.95,0.35,0.65
MULTI_HIT_N2,0.8149999976158142,19,13,7,1,0.95,0.35,0.65
MULTI_HIT_N2,0.8159999847412109,19,13,7,1,0.95,0.35,0.65
MULTI_HIT_N2,0.8169999718666077,19,13,7,1,0.95,0.35,0.65
MULTI_HIT_N2,0.8180000185966492,19,13,7,1,0.95,0.35,0.65
MULTI_HIT_N2,0.8190000057220459,19,13,7,1,0.95,0.35,0.65
MULTI_HIT_N2,0.8199999928474426,19,13,7,1,0.95,0.35,0.65
MULTI_HIT_N2,0.8209999799728394,19,13,7,1,0.95,0.35,0.65
MULTI_HIT_N2,0.8220000267028809,19,13,7,1,0.95,0.35,0.65
MULTI_HIT_N2,0.8230000138282776,19,13,7,1,0.95,0.35,0.65
MULTI_HIT_N2,0.8240000009536743,19,13,7,1,0.95,0.35,0.65
MULTI_HIT_N2,0.824999988079071,19,13,7,1,0.95,0.35,0.65
MULTI_HIT_N2,0.8259999752044678,19,13,7,1,0.95,0.35,0.65
MULTI_HIT_N2,0.8270000219345093,19,13,7,1,0.95,0.35,0.65
MULTI_HIT_N2,0.828000009059906,19,13,7,1,0.95,0.35,0.65
MULTI_HIT_N2,0.8289999961853027,19,13,7,1,0.95,0.35,0.65
MULTI_HIT_N2,0.8299999833106995,19,13,7,1,0.95,0.35,0.65
MULTI_HIT_N2,0.8309999704360962,19,13,7,1,0.95,0.35,0.65
MULTI_HIT_N2,0.8320000171661377,19,13,7,1,0.95,0.35,0.65
MULTI_HIT_N2,0.8330000042915344,19,13,7,1,0.95,0.35,0.65
MULTI_HIT_N2,0.8339999914169312,19,13,7,1,0.95,0.35,0.65
MULTI_HIT_N2,0.8349999785423279,19,12,8,1,0.95,0.4,0.6
MULTI_HIT_N2,0.8360000252723694,19,12,8,1,0.95,0.4,0.6
MULTI_HIT_N2,0.8370000123977661,19,12,8,1,0.95,0.4,0.6
MULTI_HIT_N2,0.8379999995231628,19,12,8,1,0.95,0.4,0.6
MULTI_HIT_N2,0.8389999866485596,19,12,8,1,0.95,0.4,0.6
MULTI_HIT_N2,0.8399999737739563,18,12,8,2,0.9,0.4,0.6
MULTI_HIT_N2,0.8410000205039978,18,11,9,2,0.9,0.45,0.55
MULTI_HIT_N2,0.8420000076293945,18,11,9,2,0.9,0.45,0.55
MULTI_HIT_N2,0.8429999947547913,18,11,9,2,0.9,0.45,0.55
MULTI_HIT_N2,0.843999981880188,18,11,9,2,0.9,0.45,0.55
MULTI_HIT_N2,0.8450000286102295,18,11,9,2,0.9,0.45,0.55
MULTI_HIT_N2,0.8460000157356262,18,11,9,2,0.9,0.45,0.55
MULTI_HIT_N2,0.847000002861023,18,11,9,2,0.9,0.45,0.55
MULTI_HIT_N2,0.8479999899864197,18,11,9,2,0.9,0.45,0.55
MULTI_HIT_N2,0.8489999771118164,17,11,9,3,0.85,0.45,0.55
MULTI_HIT_N2,0.8500000238418579,17,11,9,3,0.85,0.45,0.55
MULTI_HIT_N2,0.8510000109672546,17,11,9,3,0.85,0.45,0.55
MULTI_HIT_N2,0.8519999980926514,17,11,9,3,0.85,0.45,0.55
MULTI_HIT_N2,0.8529999852180481,17,11,9,3,0.85,0.45,0.55
MULTI_HIT_N2,0.8539999723434448,17,11,9,3,0.85,0.45,0.55
MULTI_HIT_N2,0.8550000190734863,17,11,9,3,0.85,0.45,0.55
MULTI_HIT_N2,0.8560000061988831,17,11,9,3,0.85,0.45,0.55
MULTI_HIT_N2,0.8569999933242798,17,11,9,3,0.85,0.45,0.55
MULTI_HIT_N2,0.8579999804496765,17,11,9,3,0.85,0.45,0.55
MULTI_HIT_N2,0.859000027179718,17,11,9,3,0.85,0.45,0.55
MULTI_HIT_N2,0.8600000143051147,17,11,9,3,0.85,0.45,0.55
MULTI_HIT_N2,0.8610000014305115,17,11,9,3,0.85,0.45,0.55
MULTI_HIT_N2,0.8619999885559082,17,11,9,3,0.85,0.45,0.55
MULTI_HIT_N2,0.8629999756813049,17,11,9,3,0.85,0.45,0.55
MULTI_HIT_N2,0.8640000224113464,17,11,9,3,0.85,0.45,0.55
MULTI_HIT_N2,0.8650000095367432,17,11,9,3,0.85,0.45,0.55
MULTI_HIT_N2,0.8659999966621399,17,11,9,3,0.85,0.45,0.55
MULTI_HIT_N2,0.8669999837875366,17,11,9,3,0.85,0.45,0.55
MULTI_HIT_N2,0.8679999709129333,17,11,9,3,0.85,0.45,0.55
MULTI_HIT_N2,0.8690000176429749,17,11,9,3,0.85,0.45,0.55
MULTI_HIT_N2,0.8700000047683716,17,11,9,3,0.85,0.45,0.55
MULTI_HIT_N2,0.8709999918937683,17,11,9,3,0.85,0.45,0.55
MULTI_HIT_N2,0.871999979019165,17,11,9,3,0.85,0.45,0.55
MULTI_HIT_N2,0.8730000257492065,17,11,9,3,0.85,0.45,0.55
MULTI_HIT_N2,0.8740000128746033,16,10,10,4,0.8,0.5,0.5
MULTI_HIT_N2,0.875,16,10,10,4,0.8,0.5,0.5
MULTI_HIT_N2,0.8759999871253967,16,10,10,4,0.8,0.5,0.5
MULTI_HIT_N2,0.8769999742507935,16,10,10,4,0.8,0.5,0.5
MULTI_HIT_N2,0.878000020980835,16,10,10,4,0.8,0.5,0.5
MULTI_HIT_N2,0.8790000081062317,16,10,10,4,0.8,0.5,0.5
MULTI_HIT_N2,0.8799999952316284,16,10,10,4,0.8,0.5,0.5
MULTI_HIT_N2,0.8809999823570251,16,10,10,4,0.8,0.5,0.5
MULTI_HIT_N2,0.8820000290870667,16,10,10,4,0.8,0.5,0.5
MULTI_HIT_N2,0.8830000162124634,16,10,10,4,0.8,0.5,0.5
MULTI_HIT_N2,0.8840000033378601,16,10,10,4,0.8,0.5,0.5
MULTI_HIT_N2,0.8849999904632568,16,10,10,4,0.8,0.5,0.5
MULTI_HIT_N2,0.8859999775886536,16,10,10,4,0.8,0.5,0.5
MULTI_HIT_N2,0.8870000243186951,16,10,10,4,0.8,0.5,0.5
MULTI_HIT_N2,0.8880000114440918,16,10,10,4,0.8,0.5,0.5
MULTI_HIT_N2,0.8889999985694885,16,10,10,4,0.8,0.5,0.5
MULTI_HIT_N2,0.8899999856948853,16,10,10,4,0.8,0.5,0.5
MULTI_HIT_N2,0.890999972820282,16,10,10,4,0.8,0.5,0.5
MULTI_HIT_N2,0.8920000195503235,16,10,10,4,0.8,0.5,0.5
MULTI_HIT_N2,0.8930000066757202,16,8,12,4,0.8,0.6,0.4
MULTI_HIT_N2,0.8939999938011169,16,8,12,4,0.8,0.6,0.4
MULTI_HIT_N2,0.8949999809265137,16,8,12,4,0.8,0.6,0.4
MULTI_HIT_N2,0.8960000276565552,16,8,12,4,0.8,0.6,0.4
MULTI_HIT_N2,0.8970000147819519,16,7,13,4,0.8,0.65,0.35
MULTI_HIT_N2,0.8980000019073486,16,7,13,4,0.8,0.65,0.35
MULTI_HIT_N2,0.8989999890327454,15,7,13,5,0.75,0.65,0.35
MULTI_HIT_N2,0.8999999761581421,15,7,13,5,0.75,0.65,0.35
MULTI_HIT_N2,0.9010000228881836,15,7,13,5,0.75,0.65,0.35
MULTI_HIT_N2,0.9020000100135803,15,7,13,5,0.75,0.65,0.35
MULTI_HIT_N2,0.902999997138977,15,7,13,5,0.75,0.65,0.35
MULTI_HIT_N2,0.9039999842643738,15,7,13,5,0.75,0.65,0.35
MULTI_HIT_N2,0.9049999713897705,15,7,13,5,0.75,0.65,0.35
MULTI_HIT_N2,0.906000018119812,15,7,13,5,0.75,0.65,0.35
MULTI_HIT_N2,0.9070000052452087,15,7,13,5,0.75,0.65,0.35
MULTI_HIT_N2,0.9079999923706055,15,6,14,5,0.75,0.7,0.3
MULTI_HIT_N2,0.9089999794960022,15,6,14,5,0.75,0.7,0.3
MULTI_HIT_N2,0.9100000262260437,15,6,14,5,0.75,0.7,0.3
MULTI_HIT_N2,0.9110000133514404,15,6,14,5,0.75,0.7,0.3
MULTI_HIT_N2,0.9120000004768372,15,6,14,5,0.75,0.7,0.3
MULTI_HIT_N2,0.9129999876022339,14,6,14,6,0.7,0.7,0.3
MULTI_HIT_N2,0.9139999747276306,14,6,14,6,0.7,0.7,0.3
MULTI_HIT_N2,0.9150000214576721,14,6,14,6,0.7,0.7,0.3
MULTI_HIT_N2,0.9160000085830688,14,6,14,6,0.7,0.7,0.3
MULTI_HIT_N2,0.9169999957084656,13,6,14,7,0.65,0.7,0.3
MULTI_HIT_N2,0.9179999828338623,13,6,14,7,0.65,0.7,0.3
MULTI_HIT_N2,0.9190000295639038,13,6,14,7,0.65,0.7,0.3
MULTI_HIT_N2,0.9200000166893005,13,6,14,7,0.65,0.7,0.3
MULTI_HIT_N2,0.9210000038146973,13,6,14,7,0.65,0.7,0.3
MULTI_HIT_N2,0.921999990940094,13,5,15,7,0.65,0.75,0.25
MULTI_HIT_N2,0.9229999780654907,13,5,15,7,0.65,0.75,0.25
MULTI_HIT_N2,0.9240000247955322,13,5,15,7,0.65,0.75,0.25
MULTI_HIT_N2,0.925000011920929,13,5,15,7,0.65,0.75,0.25
MULTI_HIT_N2,0.9259999990463257,13,5,15,7,0.65,0.75,0.25
MULTI_HIT_N2,0.9269999861717224,13,5,15,7,0.65,0.75,0.25
MULTI_HIT_N2,0.9279999732971191,12,5,15,8,0.6,0.75,0.25
MULTI_HIT_N2,0.9290000200271606,12,5,15,8,0.6,0.75,0.25
MULTI_HIT_N2,0.9300000071525574,11,5,15,9,0.55,0.75,0.25
MULTI_HIT_N2,0.9309999942779541,11,5,15,9,0.55,0.75,0.25
MULTI_HIT_N2,0.9319999814033508,11,5,15,9,0.55,0.75,0.25
MULTI_HIT_N2,0.9330000281333923,10,5,15,10,0.5,0.75,0.25
MULTI_HIT_N2,0.9340000152587891,10,5,15,10,0.5,0.75,0.25
MULTI_HIT_N2,0.9350000023841858,10,4,16,10,0.5,0.8,0.2
MULTI_HIT_N2,0.9359999895095825,10,4,16,10,0.5,0.8,0.2
MULTI_HIT_N2,0.9369999766349792,10,4,16,10,0.5,0.8,0.2
MULTI_HIT_N2,0.9380000233650208,10,4,16,10,0.5,0.8,0.2
MULTI_HIT_N2,0.9390000104904175,10,4,16,10,0.5,0.8,0.2
MULTI_HIT_N2,0.9399999976158142,10,4,16,10,0.5,0.8,0.2
MULTI_HIT_N2,0.9409999847412109,10,4,16,10,0.5,0.8,0.2
MULTI_HIT_N2,0.9419999718666077,10,4,16,10,0.5,0.8,0.2
MULTI_HIT_N2,0.9430000185966492,10,4,16,10,0.5,0.8,0.2
MULTI_HIT_N2,0.9440000057220459,10,4,16,10,0.5,0.8,0.2
MULTI_HIT_N2,0.9449999928474426,10,4,16,10,0.5,0.8,0.2
MULTI_HIT_N2,0.9459999799728394,10,3,17,10,0.5,0.85,0.15
MULTI_HIT_N2,0.9470000267028809,10,3,17,10,0.5,0.85,0.15
MULTI_HIT_N2,0.9480000138282776,10,3,17,10,0.5,0.85,0.15
MULTI_HIT_N2,0.9490000009536743,10,3,17,10,0.5,0.85,0.15
MULTI_HIT_N2,0.949999988079071,10,3,17,10,0.5,0.85,0.15
MULTI_HIT_N2,0.9509999752044678,10,3,17,10,0.5,0.85,0.15
MULTI_HIT_N2,0.9520000219345093,10,3,17,10,0.5,0.85,0.15
MULTI_HIT_N2,0.953000009059906,10,3,17,10,0.5,0.85,0.15
MULTI_HIT_N2,0.9539999961853027,10,3,17,10,0.5,0.85,0.15
MULTI_HIT_N2,0.9549999833106995,10,3,17,10,0.5,0.85,0.15
MULTI_HIT_N2,0.9559999704360962,10,3,17,10,0.5,0.85,0.15
MULTI_HIT_N2,0.9570000171661377,10,3,17,10,0.5,0.85,0.15
MULTI_HIT_N2,0.9580000042915344,10,3,17,10,0.5,0.85,0.15
MULTI_HIT_N2,0.9589999914169312,10,3,17,10,0.5,0.85,0.15
MULTI_HIT_N2,0.9599999785423279,10,3,17,10,0.5,0.85,0.15
MULTI_HIT_N2,0.9610000252723694,10,3,17,10,0.5,0.85,0.15
MULTI_HIT_N2,0.9620000123977661,10,3,17,10,0.5,0.85,0.15
MULTI_HIT_N2,0.9629999995231628,10,3,17,10,0.5,0.85,0.15
MULTI_HIT_N2,0.9639999866485596,10,3,17,10,0.5,0.85,0.15
MULTI_HIT_N2,0.9649999737739563,10,3,17,10,0.5,0.85,0.15
MULTI_HIT_N2,0.9660000205039978,10,3,17,10,0.5,0.85,0.15
MULTI_HIT_N2,0.9670000076293945,10,3,17,10,0.5,0.85,0.15
MULTI_HIT_N2,0.9679999947547913,10,3,17,10,0.5,0.85,0.15
MULTI_HIT_N2,0.968999981880188,10,2,18,10,0.5,0.9,0.1
MULTI_HIT_N2,0.9700000286102295,9,2,18,11,0.45,0.9,0.1
MULTI_HIT_N2,0.9710000157356262,9,2,18,11,0.45,0.9,0.1
MULTI_HIT_N2,0.972000002861023,8,2,18,12,0.4,0.9,0.1
MULTI_HIT_N2,0.9729999899864197,8,2,18,12,0.4,0.9,0.1
MULTI_HIT_N2,0.9739999771118164,8,2,18,12,0.4,0.9,0.1
MULTI_HIT_N2,0.9750000238418579,8,2,18,12,0.4,0.9,0.1
MULTI_HIT_N2,0.9760000109672546,8,1,19,12,0.4,0.95,0.05
MULTI_HIT_N2,0.9769999980926514,7,1,19,13,0.35,0.95,0.05
MULTI_HIT_N2,0.9779999852180481,7,1,19,13,0.35,0.95,0.05
MULTI_HIT_N2,0.9789999723434448,7,1,19,13,0.35,0.95,0.05
MULTI_HIT_N2,0.9800000190734863,7,1,19,13,0.35,0.95,0.05
MULTI_HIT_N2,0.9810000061988831,6,0,20,14,0.3,1.0,0.0
MULTI_HIT_N2,0.9819999933242798,4,0,20,16,0.2,1.0,0.0
MULTI_HIT_N2,0.9829999804496765,4,0,20,16,0.2,1.0,0.0
MULTI_HIT_N2,0.984000027179718,4,0,20,16,0.2,1.0,0.0
MULTI_HIT_N2,0.9850000143051147,4,0,20,16,0.2,1.0,0.0
MULTI_HIT_N2,0.9860000014305115,4,0,20,16,0.2,1.0,0.0
MULTI_HIT_N2,0.9869999885559082,3,0,20,17,0.15,1.0,0.0
MULTI_HIT_N2,0.9879999756813049,3,0,20,17,0.15,1.0,0.0
MULTI_HIT_N2,0.9890000224113464,3,0,20,17,0.15,1.0,0.0
MULTI_HIT_N2,0.9900000095367432,3,0,20,17,0.15,1.0,0.0
MULTI_HIT_N2,0.9909999966621399,3,0,20,17,0.15,1.0,0.0
MULTI_HIT_N2,0.9919999837875366,2,0,20,18,0.1,1.0,0.0
MULTI_HIT_N2,0.9929999709129333,2,0,20,18,0.1,1.0,0.0
MULTI_HIT_N2,0.9940000176429749,2,0,20,18,0.1,1.0,0.0
MULTI_HIT_N2,0.9950000047683716,2,0,20,18,0.1,1.0,0.0
MULTI_HIT_N2,0.9959999918937683,2,0,20,18,0.1,1.0,0.0
MULTI_HIT_N2,0.996999979019165,1,0,20,19,0.05,1.0,0.0
MULTI_HIT_N2,0.9980000257492065,0,0,20,20,0.0,1.0,0.0
MULTI_HIT_N2,0.9990000128746033,0,0,20,20,0.0,1.0,0.0
MULTI_HIT_N2,1.0,0,0,20,20,0.0,1.0,0.0
